[2026-04-18 09:29:46] production.ERROR: Symfony\Component\HttpFoundation\Request::create(): Argument #1 ($uri) must be of type string, null given, called in D:\wamp64\www\v12\stackposts\release\stackposts-installer-20260418\vendor\laravel\framework\src\Illuminate\Foundation\Bootstrap\SetRequestForConsole.php on line 31 {"exception":"[object] (TypeError(code: 0): Symfony\\Component\\HttpFoundation\\Request::create(): Argument #1 ($uri) must be of type string, null given, called in D:\\wamp64\\www\\v12\\stackposts\\release\\stackposts-installer-20260418\\vendor\\laravel\\framework\\src\\Illuminate\\Foundation\\Bootstrap\\SetRequestForConsole.php on line 31 at D:/wamp64/www/v12/stackposts/release/stackposts-installer-20260418/vendor/symfony/http-foundation/Request.php:330)
[stacktrace]
#0 D:/wamp64/www/v12/stackposts/release/stackposts-installer-20260418/vendor/laravel/framework/src/Illuminate/Foundation/Bootstrap/SetRequestForConsole.php(31): Symfony/Component/HttpFoundation/Request::create(NULL, 'GET', Array, Array, Array, Array)
#1 D:/wamp64/www/v12/stackposts/release/stackposts-installer-20260418/vendor/laravel/framework/src/Illuminate/Foundation/Application.php(342): Illuminate/Foundation/Bootstrap/SetRequestForConsole->bootstrap(Object(Illuminate/Foundation/Application))
#2 D:/wamp64/www/v12/stackposts/release/stackposts-installer-20260418/vendor/laravel/framework/src/Illuminate/Foundation/Console/Kernel.php(494): Illuminate/Foundation/Application->bootstrapWith(Array)
#3 D:/wamp64/www/v12/stackposts/release/stackposts-installer-20260418/vendor/laravel/framework/src/Illuminate/Foundation/Console/Kernel.php(196): Illuminate/Foundation/Console/Kernel->bootstrap()
#4 D:/wamp64/www/v12/stackposts/release/stackposts-installer-20260418/vendor/laravel/framework/src/Illuminate/Foundation/Application.php(1235): Illuminate/Foundation/Console/Kernel->handle(Object(Symfony/Component/Console/Input/ArgvInput), Object(Symfony/Component/Console/Output/ConsoleOutput))
#5 D:/wamp64/www/v12/stackposts/release/stackposts-installer-20260418/artisan(16): Illuminate/Foundation/Application->handleCommand(Object(Symfony/Component/Console/Input/ArgvInput))
#6 {main}
"} 
[2026-04-18 09:35:20] production.ERROR: Symfony\Component\HttpFoundation\InputBag::get(): Argument #1 ($key) must be of type string, null given, called in D:\wamp64\www\v12\stackposts\release\stackposts-installer-20260418\vendor\laravel\framework\src\Illuminate\Session\Middleware\StartSession.php on line 159 {"exception":"[object] (TypeError(code: 0): Symfony\\Component\\HttpFoundation\\InputBag::get(): Argument #1 ($key) must be of type string, null given, called in D:\\wamp64\\www\\v12\\stackposts\\release\\stackposts-installer-20260418\\vendor\\laravel\\framework\\src\\Illuminate\\Session\\Middleware\\StartSession.php on line 159 at D:/wamp64/www/v12/stackposts/release/stackposts-installer-20260418/vendor/symfony/http-foundation/InputBag.php:37)
[stacktrace]
#0 D:/wamp64/www/v12/stackposts/release/stackposts-installer-20260418/vendor/laravel/framework/src/Illuminate/Session/Middleware/StartSession.php(159): Symfony/Component/HttpFoundation/InputBag->get(NULL)
#1 D:/wamp64/www/v12/stackposts/release/stackposts-installer-20260418/vendor/laravel/framework/src/Illuminate/Support/helpers.php(393): Illuminate/Session/Middleware/StartSession->Illuminate/Session/Middleware/{closure}(Object(Illuminate/Session/Store))
#2 D:/wamp64/www/v12/stackposts/release/stackposts-installer-20260418/vendor/laravel/framework/src/Illuminate/Session/Middleware/StartSession.php(158): tap(Object(Illuminate/Session/Store), Object(Closure))
#3 D:/wamp64/www/v12/stackposts/release/stackposts-installer-20260418/vendor/laravel/framework/src/Illuminate/Session/Middleware/StartSession.php(56): Illuminate/Session/Middleware/StartSession->getSession(Object(Illuminate/Http/Request))
#4 D:/wamp64/www/v12/stackposts/release/stackposts-installer-20260418/vendor/laravel/framework/src/Illuminate/Pipeline/Pipeline.php(219): Illuminate/Session/Middleware/StartSession->handle(Object(Illuminate/Http/Request), Object(Closure))
#5 D:/wamp64/www/v12/stackposts/release/stackposts-installer-20260418/vendor/laravel/framework/src/Illuminate/Cookie/Middleware/AddQueuedCookiesToResponse.php(36): Illuminate/Pipeline/Pipeline->Illuminate/Pipeline/{closure}(Object(Illuminate/Http/Request))
#6 D:/wamp64/www/v12/stackposts/release/stackposts-installer-20260418/vendor/laravel/framework/src/Illuminate/Pipeline/Pipeline.php(219): Illuminate/Cookie/Middleware/AddQueuedCookiesToResponse->handle(Object(Illuminate/Http/Request), Object(Closure))
#7 D:/wamp64/www/v12/stackposts/release/stackposts-installer-20260418/vendor/laravel/framework/src/Illuminate/Cookie/Middleware/EncryptCookies.php(74): Illuminate/Pipeline/Pipeline->Illuminate/Pipeline/{closure}(Object(Illuminate/Http/Request))
#8 D:/wamp64/www/v12/stackposts/release/stackposts-installer-20260418/vendor/laravel/framework/src/Illuminate/Pipeline/Pipeline.php(219): Illuminate/Cookie/Middleware/EncryptCookies->handle(Object(Illuminate/Http/Request), Object(Closure))
#9 D:/wamp64/www/v12/stackposts/release/stackposts-installer-20260418/app/Installer/Http/Middleware/PrepareInstallation.php(29): Illuminate/Pipeline/Pipeline->Illuminate/Pipeline/{closure}(Object(Illuminate/Http/Request))
#10 D:/wamp64/www/v12/stackposts/release/stackposts-installer-20260418/vendor/laravel/framework/src/Illuminate/Pipeline/Pipeline.php(219): App/Installer/Http/Middleware/PrepareInstallation->handle(Object(Illuminate/Http/Request), Object(Closure))
#11 D:/wamp64/www/v12/stackposts/release/stackposts-installer-20260418/vendor/laravel/framework/src/Illuminate/Pipeline/Pipeline.php(137): Illuminate/Pipeline/Pipeline->Illuminate/Pipeline/{closure}(Object(Illuminate/Http/Request))
#12 D:/wamp64/www/v12/stackposts/release/stackposts-installer-20260418/vendor/laravel/framework/src/Illuminate/Routing/Router.php(821): Illuminate/Pipeline/Pipeline->then(Object(Closure))
#13 D:/wamp64/www/v12/stackposts/release/stackposts-installer-20260418/vendor/laravel/framework/src/Illuminate/Routing/Router.php(800): Illuminate/Routing/Router->runRouteWithinStack(Object(Illuminate/Routing/Route), Object(Illuminate/Http/Request))
#14 D:/wamp64/www/v12/stackposts/release/stackposts-installer-20260418/vendor/laravel/framework/src/Illuminate/Routing/Router.php(764): Illuminate/Routing/Router->runRoute(Object(Illuminate/Http/Request), Object(Illuminate/Routing/Route))
#15 D:/wamp64/www/v12/stackposts/release/stackposts-installer-20260418/vendor/laravel/framework/src/Illuminate/Routing/Router.php(753): Illuminate/Routing/Router->dispatchToRoute(Object(Illuminate/Http/Request))
#16 D:/wamp64/www/v12/stackposts/release/stackposts-installer-20260418/vendor/laravel/framework/src/Illuminate/Foundation/Http/Kernel.php(200): Illuminate/Routing/Router->dispatch(Object(Illuminate/Http/Request))
#17 D:/wamp64/www/v12/stackposts/release/stackposts-installer-20260418/vendor/laravel/framework/src/Illuminate/Pipeline/Pipeline.php(180): Illuminate/Foundation/Http/Kernel->Illuminate/Foundation/Http/{closure}(Object(Illuminate/Http/Request))
#18 D:/wamp64/www/v12/stackposts/release/stackposts-installer-20260418/vendor/livewire/livewire/src/Features/SupportDisablingBackButtonCache/DisableBackButtonCacheMiddleware.php(19): Illuminate/Pipeline/Pipeline->Illuminate/Pipeline/{closure}(Object(Illuminate/Http/Request))
#19 D:/wamp64/www/v12/stackposts/release/stackposts-installer-20260418/vendor/laravel/framework/src/Illuminate/Pipeline/Pipeline.php(219): Livewire/Features/SupportDisablingBackButtonCache/DisableBackButtonCacheMiddleware->handle(Object(Illuminate/Http/Request), Object(Closure))
#20 D:/wamp64/www/v12/stackposts/release/stackposts-installer-20260418/vendor/laravel/framework/src/Illuminate/Foundation/Http/Middleware/TransformsRequest.php(21): Illuminate/Pipeline/Pipeline->Illuminate/Pipeline/{closure}(Object(Illuminate/Http/Request))
#21 D:/wamp64/www/v12/stackposts/release/stackposts-installer-20260418/vendor/laravel/framework/src/Illuminate/Foundation/Http/Middleware/ConvertEmptyStringsToNull.php(31): Illuminate/Foundation/Http/Middleware/TransformsRequest->handle(Object(Illuminate/Http/Request), Object(Closure))
#22 D:/wamp64/www/v12/stackposts/release/stackposts-installer-20260418/vendor/laravel/framework/src/Illuminate/Pipeline/Pipeline.php(219): Illuminate/Foundation/Http/Middleware/ConvertEmptyStringsToNull->handle(Object(Illuminate/Http/Request), Object(Closure))
#23 D:/wamp64/www/v12/stackposts/release/stackposts-installer-20260418/vendor/laravel/framework/src/Illuminate/Foundation/Http/Middleware/TransformsRequest.php(21): Illuminate/Pipeline/Pipeline->Illuminate/Pipeline/{closure}(Object(Illuminate/Http/Request))
#24 D:/wamp64/www/v12/stackposts/release/stackposts-installer-20260418/vendor/laravel/framework/src/Illuminate/Foundation/Http/Middleware/TrimStrings.php(51): Illuminate/Foundation/Http/Middleware/TransformsRequest->handle(Object(Illuminate/Http/Request), Object(Closure))
#25 D:/wamp64/www/v12/stackposts/release/stackposts-installer-20260418/vendor/laravel/framework/src/Illuminate/Pipeline/Pipeline.php(219): Illuminate/Foundation/Http/Middleware/TrimStrings->handle(Object(Illuminate/Http/Request), Object(Closure))
#26 D:/wamp64/www/v12/stackposts/release/stackposts-installer-20260418/vendor/laravel/framework/src/Illuminate/Http/Middleware/ValidatePostSize.php(27): Illuminate/Pipeline/Pipeline->Illuminate/Pipeline/{closure}(Object(Illuminate/Http/Request))
#27 D:/wamp64/www/v12/stackposts/release/stackposts-installer-20260418/vendor/laravel/framework/src/Illuminate/Pipeline/Pipeline.php(219): Illuminate/Http/Middleware/ValidatePostSize->handle(Object(Illuminate/Http/Request), Object(Closure))
#28 D:/wamp64/www/v12/stackposts/release/stackposts-installer-20260418/vendor/laravel/framework/src/Illuminate/Foundation/Http/Middleware/PreventRequestsDuringMaintenance.php(109): Illuminate/Pipeline/Pipeline->Illuminate/Pipeline/{closure}(Object(Illuminate/Http/Request))
#29 D:/wamp64/www/v12/stackposts/release/stackposts-installer-20260418/vendor/laravel/framework/src/Illuminate/Pipeline/Pipeline.php(219): Illuminate/Foundation/Http/Middleware/PreventRequestsDuringMaintenance->handle(Object(Illuminate/Http/Request), Object(Closure))
#30 D:/wamp64/www/v12/stackposts/release/stackposts-installer-20260418/vendor/laravel/framework/src/Illuminate/Http/Middleware/HandleCors.php(61): Illuminate/Pipeline/Pipeline->Illuminate/Pipeline/{closure}(Object(Illuminate/Http/Request))
#31 D:/wamp64/www/v12/stackposts/release/stackposts-installer-20260418/vendor/laravel/framework/src/Illuminate/Pipeline/Pipeline.php(219): Illuminate/Http/Middleware/HandleCors->handle(Object(Illuminate/Http/Request), Object(Closure))
#32 D:/wamp64/www/v12/stackposts/release/stackposts-installer-20260418/vendor/laravel/framework/src/Illuminate/Http/Middleware/TrustProxies.php(58): Illuminate/Pipeline/Pipeline->Illuminate/Pipeline/{closure}(Object(Illuminate/Http/Request))
#33 D:/wamp64/www/v12/stackposts/release/stackposts-installer-20260418/vendor/laravel/framework/src/Illuminate/Pipeline/Pipeline.php(219): Illuminate/Http/Middleware/TrustProxies->handle(Object(Illuminate/Http/Request), Object(Closure))
#34 D:/wamp64/www/v12/stackposts/release/stackposts-installer-20260418/vendor/laravel/framework/src/Illuminate/Foundation/Http/Middleware/InvokeDeferredCallbacks.php(22): Illuminate/Pipeline/Pipeline->Illuminate/Pipeline/{closure}(Object(Illuminate/Http/Request))
#35 D:/wamp64/www/v12/stackposts/release/stackposts-installer-20260418/vendor/laravel/framework/src/Illuminate/Pipeline/Pipeline.php(219): Illuminate/Foundation/Http/Middleware/InvokeDeferredCallbacks->handle(Object(Illuminate/Http/Request), Object(Closure))
#36 D:/wamp64/www/v12/stackposts/release/stackposts-installer-20260418/vendor/laravel/framework/src/Illuminate/Http/Middleware/ValidatePathEncoding.php(28): Illuminate/Pipeline/Pipeline->Illuminate/Pipeline/{closure}(Object(Illuminate/Http/Request))
#37 D:/wamp64/www/v12/stackposts/release/stackposts-installer-20260418/vendor/laravel/framework/src/Illuminate/Pipeline/Pipeline.php(219): Illuminate/Http/Middleware/ValidatePathEncoding->handle(Object(Illuminate/Http/Request), Object(Closure))
#38 D:/wamp64/www/v12/stackposts/release/stackposts-installer-20260418/vendor/laravel/framework/src/Illuminate/Pipeline/Pipeline.php(137): Illuminate/Pipeline/Pipeline->Illuminate/Pipeline/{closure}(Object(Illuminate/Http/Request))
#39 D:/wamp64/www/v12/stackposts/release/stackposts-installer-20260418/vendor/laravel/framework/src/Illuminate/Foundation/Http/Kernel.php(175): Illuminate/Pipeline/Pipeline->then(Object(Closure))
#40 D:/wamp64/www/v12/stackposts/release/stackposts-installer-20260418/vendor/laravel/framework/src/Illuminate/Foundation/Http/Kernel.php(144): Illuminate/Foundation/Http/Kernel->sendRequestThroughRouter(Object(Illuminate/Http/Request))
#41 D:/wamp64/www/v12/stackposts/release/stackposts-installer-20260418/vendor/laravel/framework/src/Illuminate/Foundation/Application.php(1220): Illuminate/Foundation/Http/Kernel->handle(Object(Illuminate/Http/Request))
#42 D:/wamp64/www/v12/stackposts/release/stackposts-installer-20260418/index.php(17): Illuminate/Foundation/Application->handleRequest(Object(Illuminate/Http/Request))
#43 {main}
"} 
[2026-04-18 09:35:23] production.ERROR: Symfony\Component\HttpFoundation\InputBag::get(): Argument #1 ($key) must be of type string, null given, called in D:\wamp64\www\v12\stackposts\release\stackposts-installer-20260418\vendor\laravel\framework\src\Illuminate\Session\Middleware\StartSession.php on line 159 {"exception":"[object] (TypeError(code: 0): Symfony\\Component\\HttpFoundation\\InputBag::get(): Argument #1 ($key) must be of type string, null given, called in D:\\wamp64\\www\\v12\\stackposts\\release\\stackposts-installer-20260418\\vendor\\laravel\\framework\\src\\Illuminate\\Session\\Middleware\\StartSession.php on line 159 at D:/wamp64/www/v12/stackposts/release/stackposts-installer-20260418/vendor/symfony/http-foundation/InputBag.php:37)
[stacktrace]
#0 D:/wamp64/www/v12/stackposts/release/stackposts-installer-20260418/vendor/laravel/framework/src/Illuminate/Session/Middleware/StartSession.php(159): Symfony/Component/HttpFoundation/InputBag->get(NULL)
#1 D:/wamp64/www/v12/stackposts/release/stackposts-installer-20260418/vendor/laravel/framework/src/Illuminate/Support/helpers.php(393): Illuminate/Session/Middleware/StartSession->Illuminate/Session/Middleware/{closure}(Object(Illuminate/Session/Store))
#2 D:/wamp64/www/v12/stackposts/release/stackposts-installer-20260418/vendor/laravel/framework/src/Illuminate/Session/Middleware/StartSession.php(158): tap(Object(Illuminate/Session/Store), Object(Closure))
#3 D:/wamp64/www/v12/stackposts/release/stackposts-installer-20260418/vendor/laravel/framework/src/Illuminate/Session/Middleware/StartSession.php(56): Illuminate/Session/Middleware/StartSession->getSession(Object(Illuminate/Http/Request))
#4 D:/wamp64/www/v12/stackposts/release/stackposts-installer-20260418/vendor/laravel/framework/src/Illuminate/Pipeline/Pipeline.php(219): Illuminate/Session/Middleware/StartSession->handle(Object(Illuminate/Http/Request), Object(Closure))
#5 D:/wamp64/www/v12/stackposts/release/stackposts-installer-20260418/vendor/laravel/framework/src/Illuminate/Cookie/Middleware/AddQueuedCookiesToResponse.php(36): Illuminate/Pipeline/Pipeline->Illuminate/Pipeline/{closure}(Object(Illuminate/Http/Request))
#6 D:/wamp64/www/v12/stackposts/release/stackposts-installer-20260418/vendor/laravel/framework/src/Illuminate/Pipeline/Pipeline.php(219): Illuminate/Cookie/Middleware/AddQueuedCookiesToResponse->handle(Object(Illuminate/Http/Request), Object(Closure))
#7 D:/wamp64/www/v12/stackposts/release/stackposts-installer-20260418/vendor/laravel/framework/src/Illuminate/Cookie/Middleware/EncryptCookies.php(74): Illuminate/Pipeline/Pipeline->Illuminate/Pipeline/{closure}(Object(Illuminate/Http/Request))
#8 D:/wamp64/www/v12/stackposts/release/stackposts-installer-20260418/vendor/laravel/framework/src/Illuminate/Pipeline/Pipeline.php(219): Illuminate/Cookie/Middleware/EncryptCookies->handle(Object(Illuminate/Http/Request), Object(Closure))
#9 D:/wamp64/www/v12/stackposts/release/stackposts-installer-20260418/app/Installer/Http/Middleware/PrepareInstallation.php(29): Illuminate/Pipeline/Pipeline->Illuminate/Pipeline/{closure}(Object(Illuminate/Http/Request))
#10 D:/wamp64/www/v12/stackposts/release/stackposts-installer-20260418/vendor/laravel/framework/src/Illuminate/Pipeline/Pipeline.php(219): App/Installer/Http/Middleware/PrepareInstallation->handle(Object(Illuminate/Http/Request), Object(Closure))
#11 D:/wamp64/www/v12/stackposts/release/stackposts-installer-20260418/vendor/laravel/framework/src/Illuminate/Pipeline/Pipeline.php(137): Illuminate/Pipeline/Pipeline->Illuminate/Pipeline/{closure}(Object(Illuminate/Http/Request))
#12 D:/wamp64/www/v12/stackposts/release/stackposts-installer-20260418/vendor/laravel/framework/src/Illuminate/Routing/Router.php(821): Illuminate/Pipeline/Pipeline->then(Object(Closure))
#13 D:/wamp64/www/v12/stackposts/release/stackposts-installer-20260418/vendor/laravel/framework/src/Illuminate/Routing/Router.php(800): Illuminate/Routing/Router->runRouteWithinStack(Object(Illuminate/Routing/Route), Object(Illuminate/Http/Request))
#14 D:/wamp64/www/v12/stackposts/release/stackposts-installer-20260418/vendor/laravel/framework/src/Illuminate/Routing/Router.php(764): Illuminate/Routing/Router->runRoute(Object(Illuminate/Http/Request), Object(Illuminate/Routing/Route))
#15 D:/wamp64/www/v12/stackposts/release/stackposts-installer-20260418/vendor/laravel/framework/src/Illuminate/Routing/Router.php(753): Illuminate/Routing/Router->dispatchToRoute(Object(Illuminate/Http/Request))
#16 D:/wamp64/www/v12/stackposts/release/stackposts-installer-20260418/vendor/laravel/framework/src/Illuminate/Foundation/Http/Kernel.php(200): Illuminate/Routing/Router->dispatch(Object(Illuminate/Http/Request))
#17 D:/wamp64/www/v12/stackposts/release/stackposts-installer-20260418/vendor/laravel/framework/src/Illuminate/Pipeline/Pipeline.php(180): Illuminate/Foundation/Http/Kernel->Illuminate/Foundation/Http/{closure}(Object(Illuminate/Http/Request))
#18 D:/wamp64/www/v12/stackposts/release/stackposts-installer-20260418/vendor/livewire/livewire/src/Features/SupportDisablingBackButtonCache/DisableBackButtonCacheMiddleware.php(19): Illuminate/Pipeline/Pipeline->Illuminate/Pipeline/{closure}(Object(Illuminate/Http/Request))
#19 D:/wamp64/www/v12/stackposts/release/stackposts-installer-20260418/vendor/laravel/framework/src/Illuminate/Pipeline/Pipeline.php(219): Livewire/Features/SupportDisablingBackButtonCache/DisableBackButtonCacheMiddleware->handle(Object(Illuminate/Http/Request), Object(Closure))
#20 D:/wamp64/www/v12/stackposts/release/stackposts-installer-20260418/vendor/laravel/framework/src/Illuminate/Foundation/Http/Middleware/TransformsRequest.php(21): Illuminate/Pipeline/Pipeline->Illuminate/Pipeline/{closure}(Object(Illuminate/Http/Request))
#21 D:/wamp64/www/v12/stackposts/release/stackposts-installer-20260418/vendor/laravel/framework/src/Illuminate/Foundation/Http/Middleware/ConvertEmptyStringsToNull.php(31): Illuminate/Foundation/Http/Middleware/TransformsRequest->handle(Object(Illuminate/Http/Request), Object(Closure))
#22 D:/wamp64/www/v12/stackposts/release/stackposts-installer-20260418/vendor/laravel/framework/src/Illuminate/Pipeline/Pipeline.php(219): Illuminate/Foundation/Http/Middleware/ConvertEmptyStringsToNull->handle(Object(Illuminate/Http/Request), Object(Closure))
#23 D:/wamp64/www/v12/stackposts/release/stackposts-installer-20260418/vendor/laravel/framework/src/Illuminate/Foundation/Http/Middleware/TransformsRequest.php(21): Illuminate/Pipeline/Pipeline->Illuminate/Pipeline/{closure}(Object(Illuminate/Http/Request))
#24 D:/wamp64/www/v12/stackposts/release/stackposts-installer-20260418/vendor/laravel/framework/src/Illuminate/Foundation/Http/Middleware/TrimStrings.php(51): Illuminate/Foundation/Http/Middleware/TransformsRequest->handle(Object(Illuminate/Http/Request), Object(Closure))
#25 D:/wamp64/www/v12/stackposts/release/stackposts-installer-20260418/vendor/laravel/framework/src/Illuminate/Pipeline/Pipeline.php(219): Illuminate/Foundation/Http/Middleware/TrimStrings->handle(Object(Illuminate/Http/Request), Object(Closure))
#26 D:/wamp64/www/v12/stackposts/release/stackposts-installer-20260418/vendor/laravel/framework/src/Illuminate/Http/Middleware/ValidatePostSize.php(27): Illuminate/Pipeline/Pipeline->Illuminate/Pipeline/{closure}(Object(Illuminate/Http/Request))
#27 D:/wamp64/www/v12/stackposts/release/stackposts-installer-20260418/vendor/laravel/framework/src/Illuminate/Pipeline/Pipeline.php(219): Illuminate/Http/Middleware/ValidatePostSize->handle(Object(Illuminate/Http/Request), Object(Closure))
#28 D:/wamp64/www/v12/stackposts/release/stackposts-installer-20260418/vendor/laravel/framework/src/Illuminate/Foundation/Http/Middleware/PreventRequestsDuringMaintenance.php(109): Illuminate/Pipeline/Pipeline->Illuminate/Pipeline/{closure}(Object(Illuminate/Http/Request))
#29 D:/wamp64/www/v12/stackposts/release/stackposts-installer-20260418/vendor/laravel/framework/src/Illuminate/Pipeline/Pipeline.php(219): Illuminate/Foundation/Http/Middleware/PreventRequestsDuringMaintenance->handle(Object(Illuminate/Http/Request), Object(Closure))
#30 D:/wamp64/www/v12/stackposts/release/stackposts-installer-20260418/vendor/laravel/framework/src/Illuminate/Http/Middleware/HandleCors.php(61): Illuminate/Pipeline/Pipeline->Illuminate/Pipeline/{closure}(Object(Illuminate/Http/Request))
#31 D:/wamp64/www/v12/stackposts/release/stackposts-installer-20260418/vendor/laravel/framework/src/Illuminate/Pipeline/Pipeline.php(219): Illuminate/Http/Middleware/HandleCors->handle(Object(Illuminate/Http/Request), Object(Closure))
#32 D:/wamp64/www/v12/stackposts/release/stackposts-installer-20260418/vendor/laravel/framework/src/Illuminate/Http/Middleware/TrustProxies.php(58): Illuminate/Pipeline/Pipeline->Illuminate/Pipeline/{closure}(Object(Illuminate/Http/Request))
#33 D:/wamp64/www/v12/stackposts/release/stackposts-installer-20260418/vendor/laravel/framework/src/Illuminate/Pipeline/Pipeline.php(219): Illuminate/Http/Middleware/TrustProxies->handle(Object(Illuminate/Http/Request), Object(Closure))
#34 D:/wamp64/www/v12/stackposts/release/stackposts-installer-20260418/vendor/laravel/framework/src/Illuminate/Foundation/Http/Middleware/InvokeDeferredCallbacks.php(22): Illuminate/Pipeline/Pipeline->Illuminate/Pipeline/{closure}(Object(Illuminate/Http/Request))
#35 D:/wamp64/www/v12/stackposts/release/stackposts-installer-20260418/vendor/laravel/framework/src/Illuminate/Pipeline/Pipeline.php(219): Illuminate/Foundation/Http/Middleware/InvokeDeferredCallbacks->handle(Object(Illuminate/Http/Request), Object(Closure))
#36 D:/wamp64/www/v12/stackposts/release/stackposts-installer-20260418/vendor/laravel/framework/src/Illuminate/Http/Middleware/ValidatePathEncoding.php(28): Illuminate/Pipeline/Pipeline->Illuminate/Pipeline/{closure}(Object(Illuminate/Http/Request))
#37 D:/wamp64/www/v12/stackposts/release/stackposts-installer-20260418/vendor/laravel/framework/src/Illuminate/Pipeline/Pipeline.php(219): Illuminate/Http/Middleware/ValidatePathEncoding->handle(Object(Illuminate/Http/Request), Object(Closure))
#38 D:/wamp64/www/v12/stackposts/release/stackposts-installer-20260418/vendor/laravel/framework/src/Illuminate/Pipeline/Pipeline.php(137): Illuminate/Pipeline/Pipeline->Illuminate/Pipeline/{closure}(Object(Illuminate/Http/Request))
#39 D:/wamp64/www/v12/stackposts/release/stackposts-installer-20260418/vendor/laravel/framework/src/Illuminate/Foundation/Http/Kernel.php(175): Illuminate/Pipeline/Pipeline->then(Object(Closure))
#40 D:/wamp64/www/v12/stackposts/release/stackposts-installer-20260418/vendor/laravel/framework/src/Illuminate/Foundation/Http/Kernel.php(144): Illuminate/Foundation/Http/Kernel->sendRequestThroughRouter(Object(Illuminate/Http/Request))
#41 D:/wamp64/www/v12/stackposts/release/stackposts-installer-20260418/vendor/laravel/framework/src/Illuminate/Foundation/Application.php(1220): Illuminate/Foundation/Http/Kernel->handle(Object(Illuminate/Http/Request))
#42 D:/wamp64/www/v12/stackposts/release/stackposts-installer-20260418/index.php(17): Illuminate/Foundation/Application->handleRequest(Object(Illuminate/Http/Request))
#43 {main}
"} 
[2026-04-18 09:35:26] production.ERROR: Symfony\Component\HttpFoundation\InputBag::get(): Argument #1 ($key) must be of type string, null given, called in D:\wamp64\www\v12\stackposts\release\stackposts-installer-20260418\vendor\laravel\framework\src\Illuminate\Session\Middleware\StartSession.php on line 159 {"exception":"[object] (TypeError(code: 0): Symfony\\Component\\HttpFoundation\\InputBag::get(): Argument #1 ($key) must be of type string, null given, called in D:\\wamp64\\www\\v12\\stackposts\\release\\stackposts-installer-20260418\\vendor\\laravel\\framework\\src\\Illuminate\\Session\\Middleware\\StartSession.php on line 159 at D:/wamp64/www/v12/stackposts/release/stackposts-installer-20260418/vendor/symfony/http-foundation/InputBag.php:37)
[stacktrace]
#0 D:/wamp64/www/v12/stackposts/release/stackposts-installer-20260418/vendor/laravel/framework/src/Illuminate/Session/Middleware/StartSession.php(159): Symfony/Component/HttpFoundation/InputBag->get(NULL)
#1 D:/wamp64/www/v12/stackposts/release/stackposts-installer-20260418/vendor/laravel/framework/src/Illuminate/Support/helpers.php(393): Illuminate/Session/Middleware/StartSession->Illuminate/Session/Middleware/{closure}(Object(Illuminate/Session/Store))
#2 D:/wamp64/www/v12/stackposts/release/stackposts-installer-20260418/vendor/laravel/framework/src/Illuminate/Session/Middleware/StartSession.php(158): tap(Object(Illuminate/Session/Store), Object(Closure))
#3 D:/wamp64/www/v12/stackposts/release/stackposts-installer-20260418/vendor/laravel/framework/src/Illuminate/Session/Middleware/StartSession.php(56): Illuminate/Session/Middleware/StartSession->getSession(Object(Illuminate/Http/Request))
#4 D:/wamp64/www/v12/stackposts/release/stackposts-installer-20260418/vendor/laravel/framework/src/Illuminate/Pipeline/Pipeline.php(219): Illuminate/Session/Middleware/StartSession->handle(Object(Illuminate/Http/Request), Object(Closure))
#5 D:/wamp64/www/v12/stackposts/release/stackposts-installer-20260418/vendor/laravel/framework/src/Illuminate/Cookie/Middleware/AddQueuedCookiesToResponse.php(36): Illuminate/Pipeline/Pipeline->Illuminate/Pipeline/{closure}(Object(Illuminate/Http/Request))
#6 D:/wamp64/www/v12/stackposts/release/stackposts-installer-20260418/vendor/laravel/framework/src/Illuminate/Pipeline/Pipeline.php(219): Illuminate/Cookie/Middleware/AddQueuedCookiesToResponse->handle(Object(Illuminate/Http/Request), Object(Closure))
#7 D:/wamp64/www/v12/stackposts/release/stackposts-installer-20260418/vendor/laravel/framework/src/Illuminate/Cookie/Middleware/EncryptCookies.php(74): Illuminate/Pipeline/Pipeline->Illuminate/Pipeline/{closure}(Object(Illuminate/Http/Request))
#8 D:/wamp64/www/v12/stackposts/release/stackposts-installer-20260418/vendor/laravel/framework/src/Illuminate/Pipeline/Pipeline.php(219): Illuminate/Cookie/Middleware/EncryptCookies->handle(Object(Illuminate/Http/Request), Object(Closure))
#9 D:/wamp64/www/v12/stackposts/release/stackposts-installer-20260418/app/Installer/Http/Middleware/PrepareInstallation.php(29): Illuminate/Pipeline/Pipeline->Illuminate/Pipeline/{closure}(Object(Illuminate/Http/Request))
#10 D:/wamp64/www/v12/stackposts/release/stackposts-installer-20260418/vendor/laravel/framework/src/Illuminate/Pipeline/Pipeline.php(219): App/Installer/Http/Middleware/PrepareInstallation->handle(Object(Illuminate/Http/Request), Object(Closure))
#11 D:/wamp64/www/v12/stackposts/release/stackposts-installer-20260418/vendor/laravel/framework/src/Illuminate/Pipeline/Pipeline.php(137): Illuminate/Pipeline/Pipeline->Illuminate/Pipeline/{closure}(Object(Illuminate/Http/Request))
#12 D:/wamp64/www/v12/stackposts/release/stackposts-installer-20260418/vendor/laravel/framework/src/Illuminate/Routing/Router.php(821): Illuminate/Pipeline/Pipeline->then(Object(Closure))
#13 D:/wamp64/www/v12/stackposts/release/stackposts-installer-20260418/vendor/laravel/framework/src/Illuminate/Routing/Router.php(800): Illuminate/Routing/Router->runRouteWithinStack(Object(Illuminate/Routing/Route), Object(Illuminate/Http/Request))
#14 D:/wamp64/www/v12/stackposts/release/stackposts-installer-20260418/vendor/laravel/framework/src/Illuminate/Routing/Router.php(764): Illuminate/Routing/Router->runRoute(Object(Illuminate/Http/Request), Object(Illuminate/Routing/Route))
#15 D:/wamp64/www/v12/stackposts/release/stackposts-installer-20260418/vendor/laravel/framework/src/Illuminate/Routing/Router.php(753): Illuminate/Routing/Router->dispatchToRoute(Object(Illuminate/Http/Request))
#16 D:/wamp64/www/v12/stackposts/release/stackposts-installer-20260418/vendor/laravel/framework/src/Illuminate/Foundation/Http/Kernel.php(200): Illuminate/Routing/Router->dispatch(Object(Illuminate/Http/Request))
#17 D:/wamp64/www/v12/stackposts/release/stackposts-installer-20260418/vendor/laravel/framework/src/Illuminate/Pipeline/Pipeline.php(180): Illuminate/Foundation/Http/Kernel->Illuminate/Foundation/Http/{closure}(Object(Illuminate/Http/Request))
#18 D:/wamp64/www/v12/stackposts/release/stackposts-installer-20260418/vendor/livewire/livewire/src/Features/SupportDisablingBackButtonCache/DisableBackButtonCacheMiddleware.php(19): Illuminate/Pipeline/Pipeline->Illuminate/Pipeline/{closure}(Object(Illuminate/Http/Request))
#19 D:/wamp64/www/v12/stackposts/release/stackposts-installer-20260418/vendor/laravel/framework/src/Illuminate/Pipeline/Pipeline.php(219): Livewire/Features/SupportDisablingBackButtonCache/DisableBackButtonCacheMiddleware->handle(Object(Illuminate/Http/Request), Object(Closure))
#20 D:/wamp64/www/v12/stackposts/release/stackposts-installer-20260418/vendor/laravel/framework/src/Illuminate/Foundation/Http/Middleware/TransformsRequest.php(21): Illuminate/Pipeline/Pipeline->Illuminate/Pipeline/{closure}(Object(Illuminate/Http/Request))
#21 D:/wamp64/www/v12/stackposts/release/stackposts-installer-20260418/vendor/laravel/framework/src/Illuminate/Foundation/Http/Middleware/ConvertEmptyStringsToNull.php(31): Illuminate/Foundation/Http/Middleware/TransformsRequest->handle(Object(Illuminate/Http/Request), Object(Closure))
#22 D:/wamp64/www/v12/stackposts/release/stackposts-installer-20260418/vendor/laravel/framework/src/Illuminate/Pipeline/Pipeline.php(219): Illuminate/Foundation/Http/Middleware/ConvertEmptyStringsToNull->handle(Object(Illuminate/Http/Request), Object(Closure))
#23 D:/wamp64/www/v12/stackposts/release/stackposts-installer-20260418/vendor/laravel/framework/src/Illuminate/Foundation/Http/Middleware/TransformsRequest.php(21): Illuminate/Pipeline/Pipeline->Illuminate/Pipeline/{closure}(Object(Illuminate/Http/Request))
#24 D:/wamp64/www/v12/stackposts/release/stackposts-installer-20260418/vendor/laravel/framework/src/Illuminate/Foundation/Http/Middleware/TrimStrings.php(51): Illuminate/Foundation/Http/Middleware/TransformsRequest->handle(Object(Illuminate/Http/Request), Object(Closure))
#25 D:/wamp64/www/v12/stackposts/release/stackposts-installer-20260418/vendor/laravel/framework/src/Illuminate/Pipeline/Pipeline.php(219): Illuminate/Foundation/Http/Middleware/TrimStrings->handle(Object(Illuminate/Http/Request), Object(Closure))
#26 D:/wamp64/www/v12/stackposts/release/stackposts-installer-20260418/vendor/laravel/framework/src/Illuminate/Http/Middleware/ValidatePostSize.php(27): Illuminate/Pipeline/Pipeline->Illuminate/Pipeline/{closure}(Object(Illuminate/Http/Request))
#27 D:/wamp64/www/v12/stackposts/release/stackposts-installer-20260418/vendor/laravel/framework/src/Illuminate/Pipeline/Pipeline.php(219): Illuminate/Http/Middleware/ValidatePostSize->handle(Object(Illuminate/Http/Request), Object(Closure))
#28 D:/wamp64/www/v12/stackposts/release/stackposts-installer-20260418/vendor/laravel/framework/src/Illuminate/Foundation/Http/Middleware/PreventRequestsDuringMaintenance.php(109): Illuminate/Pipeline/Pipeline->Illuminate/Pipeline/{closure}(Object(Illuminate/Http/Request))
#29 D:/wamp64/www/v12/stackposts/release/stackposts-installer-20260418/vendor/laravel/framework/src/Illuminate/Pipeline/Pipeline.php(219): Illuminate/Foundation/Http/Middleware/PreventRequestsDuringMaintenance->handle(Object(Illuminate/Http/Request), Object(Closure))
#30 D:/wamp64/www/v12/stackposts/release/stackposts-installer-20260418/vendor/laravel/framework/src/Illuminate/Http/Middleware/HandleCors.php(61): Illuminate/Pipeline/Pipeline->Illuminate/Pipeline/{closure}(Object(Illuminate/Http/Request))
#31 D:/wamp64/www/v12/stackposts/release/stackposts-installer-20260418/vendor/laravel/framework/src/Illuminate/Pipeline/Pipeline.php(219): Illuminate/Http/Middleware/HandleCors->handle(Object(Illuminate/Http/Request), Object(Closure))
#32 D:/wamp64/www/v12/stackposts/release/stackposts-installer-20260418/vendor/laravel/framework/src/Illuminate/Http/Middleware/TrustProxies.php(58): Illuminate/Pipeline/Pipeline->Illuminate/Pipeline/{closure}(Object(Illuminate/Http/Request))
#33 D:/wamp64/www/v12/stackposts/release/stackposts-installer-20260418/vendor/laravel/framework/src/Illuminate/Pipeline/Pipeline.php(219): Illuminate/Http/Middleware/TrustProxies->handle(Object(Illuminate/Http/Request), Object(Closure))
#34 D:/wamp64/www/v12/stackposts/release/stackposts-installer-20260418/vendor/laravel/framework/src/Illuminate/Foundation/Http/Middleware/InvokeDeferredCallbacks.php(22): Illuminate/Pipeline/Pipeline->Illuminate/Pipeline/{closure}(Object(Illuminate/Http/Request))
#35 D:/wamp64/www/v12/stackposts/release/stackposts-installer-20260418/vendor/laravel/framework/src/Illuminate/Pipeline/Pipeline.php(219): Illuminate/Foundation/Http/Middleware/InvokeDeferredCallbacks->handle(Object(Illuminate/Http/Request), Object(Closure))
#36 D:/wamp64/www/v12/stackposts/release/stackposts-installer-20260418/vendor/laravel/framework/src/Illuminate/Http/Middleware/ValidatePathEncoding.php(28): Illuminate/Pipeline/Pipeline->Illuminate/Pipeline/{closure}(Object(Illuminate/Http/Request))
#37 D:/wamp64/www/v12/stackposts/release/stackposts-installer-20260418/vendor/laravel/framework/src/Illuminate/Pipeline/Pipeline.php(219): Illuminate/Http/Middleware/ValidatePathEncoding->handle(Object(Illuminate/Http/Request), Object(Closure))
#38 D:/wamp64/www/v12/stackposts/release/stackposts-installer-20260418/vendor/laravel/framework/src/Illuminate/Pipeline/Pipeline.php(137): Illuminate/Pipeline/Pipeline->Illuminate/Pipeline/{closure}(Object(Illuminate/Http/Request))
#39 D:/wamp64/www/v12/stackposts/release/stackposts-installer-20260418/vendor/laravel/framework/src/Illuminate/Foundation/Http/Kernel.php(175): Illuminate/Pipeline/Pipeline->then(Object(Closure))
#40 D:/wamp64/www/v12/stackposts/release/stackposts-installer-20260418/vendor/laravel/framework/src/Illuminate/Foundation/Http/Kernel.php(144): Illuminate/Foundation/Http/Kernel->sendRequestThroughRouter(Object(Illuminate/Http/Request))
#41 D:/wamp64/www/v12/stackposts/release/stackposts-installer-20260418/vendor/laravel/framework/src/Illuminate/Foundation/Application.php(1220): Illuminate/Foundation/Http/Kernel->handle(Object(Illuminate/Http/Request))
#42 D:/wamp64/www/v12/stackposts/release/stackposts-installer-20260418/index.php(17): Illuminate/Foundation/Application->handleRequest(Object(Illuminate/Http/Request))
#43 {main}
"} 
[2026-04-18 09:35:28] production.ERROR: Symfony\Component\HttpFoundation\InputBag::get(): Argument #1 ($key) must be of type string, null given, called in D:\wamp64\www\v12\stackposts\release\stackposts-installer-20260418\vendor\laravel\framework\src\Illuminate\Session\Middleware\StartSession.php on line 159 {"exception":"[object] (TypeError(code: 0): Symfony\\Component\\HttpFoundation\\InputBag::get(): Argument #1 ($key) must be of type string, null given, called in D:\\wamp64\\www\\v12\\stackposts\\release\\stackposts-installer-20260418\\vendor\\laravel\\framework\\src\\Illuminate\\Session\\Middleware\\StartSession.php on line 159 at D:/wamp64/www/v12/stackposts/release/stackposts-installer-20260418/vendor/symfony/http-foundation/InputBag.php:37)
[stacktrace]
#0 D:/wamp64/www/v12/stackposts/release/stackposts-installer-20260418/vendor/laravel/framework/src/Illuminate/Session/Middleware/StartSession.php(159): Symfony/Component/HttpFoundation/InputBag->get(NULL)
#1 D:/wamp64/www/v12/stackposts/release/stackposts-installer-20260418/vendor/laravel/framework/src/Illuminate/Support/helpers.php(393): Illuminate/Session/Middleware/StartSession->Illuminate/Session/Middleware/{closure}(Object(Illuminate/Session/Store))
#2 D:/wamp64/www/v12/stackposts/release/stackposts-installer-20260418/vendor/laravel/framework/src/Illuminate/Session/Middleware/StartSession.php(158): tap(Object(Illuminate/Session/Store), Object(Closure))
#3 D:/wamp64/www/v12/stackposts/release/stackposts-installer-20260418/vendor/laravel/framework/src/Illuminate/Session/Middleware/StartSession.php(56): Illuminate/Session/Middleware/StartSession->getSession(Object(Illuminate/Http/Request))
#4 D:/wamp64/www/v12/stackposts/release/stackposts-installer-20260418/vendor/laravel/framework/src/Illuminate/Pipeline/Pipeline.php(219): Illuminate/Session/Middleware/StartSession->handle(Object(Illuminate/Http/Request), Object(Closure))
#5 D:/wamp64/www/v12/stackposts/release/stackposts-installer-20260418/vendor/laravel/framework/src/Illuminate/Cookie/Middleware/AddQueuedCookiesToResponse.php(36): Illuminate/Pipeline/Pipeline->Illuminate/Pipeline/{closure}(Object(Illuminate/Http/Request))
#6 D:/wamp64/www/v12/stackposts/release/stackposts-installer-20260418/vendor/laravel/framework/src/Illuminate/Pipeline/Pipeline.php(219): Illuminate/Cookie/Middleware/AddQueuedCookiesToResponse->handle(Object(Illuminate/Http/Request), Object(Closure))
#7 D:/wamp64/www/v12/stackposts/release/stackposts-installer-20260418/vendor/laravel/framework/src/Illuminate/Cookie/Middleware/EncryptCookies.php(74): Illuminate/Pipeline/Pipeline->Illuminate/Pipeline/{closure}(Object(Illuminate/Http/Request))
#8 D:/wamp64/www/v12/stackposts/release/stackposts-installer-20260418/vendor/laravel/framework/src/Illuminate/Pipeline/Pipeline.php(219): Illuminate/Cookie/Middleware/EncryptCookies->handle(Object(Illuminate/Http/Request), Object(Closure))
#9 D:/wamp64/www/v12/stackposts/release/stackposts-installer-20260418/app/Installer/Http/Middleware/PrepareInstallation.php(29): Illuminate/Pipeline/Pipeline->Illuminate/Pipeline/{closure}(Object(Illuminate/Http/Request))
#10 D:/wamp64/www/v12/stackposts/release/stackposts-installer-20260418/vendor/laravel/framework/src/Illuminate/Pipeline/Pipeline.php(219): App/Installer/Http/Middleware/PrepareInstallation->handle(Object(Illuminate/Http/Request), Object(Closure))
#11 D:/wamp64/www/v12/stackposts/release/stackposts-installer-20260418/vendor/laravel/framework/src/Illuminate/Pipeline/Pipeline.php(137): Illuminate/Pipeline/Pipeline->Illuminate/Pipeline/{closure}(Object(Illuminate/Http/Request))
#12 D:/wamp64/www/v12/stackposts/release/stackposts-installer-20260418/vendor/laravel/framework/src/Illuminate/Routing/Router.php(821): Illuminate/Pipeline/Pipeline->then(Object(Closure))
#13 D:/wamp64/www/v12/stackposts/release/stackposts-installer-20260418/vendor/laravel/framework/src/Illuminate/Routing/Router.php(800): Illuminate/Routing/Router->runRouteWithinStack(Object(Illuminate/Routing/Route), Object(Illuminate/Http/Request))
#14 D:/wamp64/www/v12/stackposts/release/stackposts-installer-20260418/vendor/laravel/framework/src/Illuminate/Routing/Router.php(764): Illuminate/Routing/Router->runRoute(Object(Illuminate/Http/Request), Object(Illuminate/Routing/Route))
#15 D:/wamp64/www/v12/stackposts/release/stackposts-installer-20260418/vendor/laravel/framework/src/Illuminate/Routing/Router.php(753): Illuminate/Routing/Router->dispatchToRoute(Object(Illuminate/Http/Request))
#16 D:/wamp64/www/v12/stackposts/release/stackposts-installer-20260418/vendor/laravel/framework/src/Illuminate/Foundation/Http/Kernel.php(200): Illuminate/Routing/Router->dispatch(Object(Illuminate/Http/Request))
#17 D:/wamp64/www/v12/stackposts/release/stackposts-installer-20260418/vendor/laravel/framework/src/Illuminate/Pipeline/Pipeline.php(180): Illuminate/Foundation/Http/Kernel->Illuminate/Foundation/Http/{closure}(Object(Illuminate/Http/Request))
#18 D:/wamp64/www/v12/stackposts/release/stackposts-installer-20260418/vendor/livewire/livewire/src/Features/SupportDisablingBackButtonCache/DisableBackButtonCacheMiddleware.php(19): Illuminate/Pipeline/Pipeline->Illuminate/Pipeline/{closure}(Object(Illuminate/Http/Request))
#19 D:/wamp64/www/v12/stackposts/release/stackposts-installer-20260418/vendor/laravel/framework/src/Illuminate/Pipeline/Pipeline.php(219): Livewire/Features/SupportDisablingBackButtonCache/DisableBackButtonCacheMiddleware->handle(Object(Illuminate/Http/Request), Object(Closure))
#20 D:/wamp64/www/v12/stackposts/release/stackposts-installer-20260418/vendor/laravel/framework/src/Illuminate/Foundation/Http/Middleware/TransformsRequest.php(21): Illuminate/Pipeline/Pipeline->Illuminate/Pipeline/{closure}(Object(Illuminate/Http/Request))
#21 D:/wamp64/www/v12/stackposts/release/stackposts-installer-20260418/vendor/laravel/framework/src/Illuminate/Foundation/Http/Middleware/ConvertEmptyStringsToNull.php(31): Illuminate/Foundation/Http/Middleware/TransformsRequest->handle(Object(Illuminate/Http/Request), Object(Closure))
#22 D:/wamp64/www/v12/stackposts/release/stackposts-installer-20260418/vendor/laravel/framework/src/Illuminate/Pipeline/Pipeline.php(219): Illuminate/Foundation/Http/Middleware/ConvertEmptyStringsToNull->handle(Object(Illuminate/Http/Request), Object(Closure))
#23 D:/wamp64/www/v12/stackposts/release/stackposts-installer-20260418/vendor/laravel/framework/src/Illuminate/Foundation/Http/Middleware/TransformsRequest.php(21): Illuminate/Pipeline/Pipeline->Illuminate/Pipeline/{closure}(Object(Illuminate/Http/Request))
#24 D:/wamp64/www/v12/stackposts/release/stackposts-installer-20260418/vendor/laravel/framework/src/Illuminate/Foundation/Http/Middleware/TrimStrings.php(51): Illuminate/Foundation/Http/Middleware/TransformsRequest->handle(Object(Illuminate/Http/Request), Object(Closure))
#25 D:/wamp64/www/v12/stackposts/release/stackposts-installer-20260418/vendor/laravel/framework/src/Illuminate/Pipeline/Pipeline.php(219): Illuminate/Foundation/Http/Middleware/TrimStrings->handle(Object(Illuminate/Http/Request), Object(Closure))
#26 D:/wamp64/www/v12/stackposts/release/stackposts-installer-20260418/vendor/laravel/framework/src/Illuminate/Http/Middleware/ValidatePostSize.php(27): Illuminate/Pipeline/Pipeline->Illuminate/Pipeline/{closure}(Object(Illuminate/Http/Request))
#27 D:/wamp64/www/v12/stackposts/release/stackposts-installer-20260418/vendor/laravel/framework/src/Illuminate/Pipeline/Pipeline.php(219): Illuminate/Http/Middleware/ValidatePostSize->handle(Object(Illuminate/Http/Request), Object(Closure))
#28 D:/wamp64/www/v12/stackposts/release/stackposts-installer-20260418/vendor/laravel/framework/src/Illuminate/Foundation/Http/Middleware/PreventRequestsDuringMaintenance.php(109): Illuminate/Pipeline/Pipeline->Illuminate/Pipeline/{closure}(Object(Illuminate/Http/Request))
#29 D:/wamp64/www/v12/stackposts/release/stackposts-installer-20260418/vendor/laravel/framework/src/Illuminate/Pipeline/Pipeline.php(219): Illuminate/Foundation/Http/Middleware/PreventRequestsDuringMaintenance->handle(Object(Illuminate/Http/Request), Object(Closure))
#30 D:/wamp64/www/v12/stackposts/release/stackposts-installer-20260418/vendor/laravel/framework/src/Illuminate/Http/Middleware/HandleCors.php(61): Illuminate/Pipeline/Pipeline->Illuminate/Pipeline/{closure}(Object(Illuminate/Http/Request))
#31 D:/wamp64/www/v12/stackposts/release/stackposts-installer-20260418/vendor/laravel/framework/src/Illuminate/Pipeline/Pipeline.php(219): Illuminate/Http/Middleware/HandleCors->handle(Object(Illuminate/Http/Request), Object(Closure))
#32 D:/wamp64/www/v12/stackposts/release/stackposts-installer-20260418/vendor/laravel/framework/src/Illuminate/Http/Middleware/TrustProxies.php(58): Illuminate/Pipeline/Pipeline->Illuminate/Pipeline/{closure}(Object(Illuminate/Http/Request))
#33 D:/wamp64/www/v12/stackposts/release/stackposts-installer-20260418/vendor/laravel/framework/src/Illuminate/Pipeline/Pipeline.php(219): Illuminate/Http/Middleware/TrustProxies->handle(Object(Illuminate/Http/Request), Object(Closure))
#34 D:/wamp64/www/v12/stackposts/release/stackposts-installer-20260418/vendor/laravel/framework/src/Illuminate/Foundation/Http/Middleware/InvokeDeferredCallbacks.php(22): Illuminate/Pipeline/Pipeline->Illuminate/Pipeline/{closure}(Object(Illuminate/Http/Request))
#35 D:/wamp64/www/v12/stackposts/release/stackposts-installer-20260418/vendor/laravel/framework/src/Illuminate/Pipeline/Pipeline.php(219): Illuminate/Foundation/Http/Middleware/InvokeDeferredCallbacks->handle(Object(Illuminate/Http/Request), Object(Closure))
#36 D:/wamp64/www/v12/stackposts/release/stackposts-installer-20260418/vendor/laravel/framework/src/Illuminate/Http/Middleware/ValidatePathEncoding.php(28): Illuminate/Pipeline/Pipeline->Illuminate/Pipeline/{closure}(Object(Illuminate/Http/Request))
#37 D:/wamp64/www/v12/stackposts/release/stackposts-installer-20260418/vendor/laravel/framework/src/Illuminate/Pipeline/Pipeline.php(219): Illuminate/Http/Middleware/ValidatePathEncoding->handle(Object(Illuminate/Http/Request), Object(Closure))
#38 D:/wamp64/www/v12/stackposts/release/stackposts-installer-20260418/vendor/laravel/framework/src/Illuminate/Pipeline/Pipeline.php(137): Illuminate/Pipeline/Pipeline->Illuminate/Pipeline/{closure}(Object(Illuminate/Http/Request))
#39 D:/wamp64/www/v12/stackposts/release/stackposts-installer-20260418/vendor/laravel/framework/src/Illuminate/Foundation/Http/Kernel.php(175): Illuminate/Pipeline/Pipeline->then(Object(Closure))
#40 D:/wamp64/www/v12/stackposts/release/stackposts-installer-20260418/vendor/laravel/framework/src/Illuminate/Foundation/Http/Kernel.php(144): Illuminate/Foundation/Http/Kernel->sendRequestThroughRouter(Object(Illuminate/Http/Request))
#41 D:/wamp64/www/v12/stackposts/release/stackposts-installer-20260418/vendor/laravel/framework/src/Illuminate/Foundation/Application.php(1220): Illuminate/Foundation/Http/Kernel->handle(Object(Illuminate/Http/Request))
#42 D:/wamp64/www/v12/stackposts/release/stackposts-installer-20260418/index.php(17): Illuminate/Foundation/Application->handleRequest(Object(Illuminate/Http/Request))
#43 {main}
"} 
[2026-04-18 09:35:29] production.ERROR: Symfony\Component\HttpFoundation\InputBag::get(): Argument #1 ($key) must be of type string, null given, called in D:\wamp64\www\v12\stackposts\release\stackposts-installer-20260418\vendor\laravel\framework\src\Illuminate\Session\Middleware\StartSession.php on line 159 {"exception":"[object] (TypeError(code: 0): Symfony\\Component\\HttpFoundation\\InputBag::get(): Argument #1 ($key) must be of type string, null given, called in D:\\wamp64\\www\\v12\\stackposts\\release\\stackposts-installer-20260418\\vendor\\laravel\\framework\\src\\Illuminate\\Session\\Middleware\\StartSession.php on line 159 at D:/wamp64/www/v12/stackposts/release/stackposts-installer-20260418/vendor/symfony/http-foundation/InputBag.php:37)
[stacktrace]
#0 D:/wamp64/www/v12/stackposts/release/stackposts-installer-20260418/vendor/laravel/framework/src/Illuminate/Session/Middleware/StartSession.php(159): Symfony/Component/HttpFoundation/InputBag->get(NULL)
#1 D:/wamp64/www/v12/stackposts/release/stackposts-installer-20260418/vendor/laravel/framework/src/Illuminate/Support/helpers.php(393): Illuminate/Session/Middleware/StartSession->Illuminate/Session/Middleware/{closure}(Object(Illuminate/Session/Store))
#2 D:/wamp64/www/v12/stackposts/release/stackposts-installer-20260418/vendor/laravel/framework/src/Illuminate/Session/Middleware/StartSession.php(158): tap(Object(Illuminate/Session/Store), Object(Closure))
#3 D:/wamp64/www/v12/stackposts/release/stackposts-installer-20260418/vendor/laravel/framework/src/Illuminate/Session/Middleware/StartSession.php(56): Illuminate/Session/Middleware/StartSession->getSession(Object(Illuminate/Http/Request))
#4 D:/wamp64/www/v12/stackposts/release/stackposts-installer-20260418/vendor/laravel/framework/src/Illuminate/Pipeline/Pipeline.php(219): Illuminate/Session/Middleware/StartSession->handle(Object(Illuminate/Http/Request), Object(Closure))
#5 D:/wamp64/www/v12/stackposts/release/stackposts-installer-20260418/vendor/laravel/framework/src/Illuminate/Cookie/Middleware/AddQueuedCookiesToResponse.php(36): Illuminate/Pipeline/Pipeline->Illuminate/Pipeline/{closure}(Object(Illuminate/Http/Request))
#6 D:/wamp64/www/v12/stackposts/release/stackposts-installer-20260418/vendor/laravel/framework/src/Illuminate/Pipeline/Pipeline.php(219): Illuminate/Cookie/Middleware/AddQueuedCookiesToResponse->handle(Object(Illuminate/Http/Request), Object(Closure))
#7 D:/wamp64/www/v12/stackposts/release/stackposts-installer-20260418/vendor/laravel/framework/src/Illuminate/Cookie/Middleware/EncryptCookies.php(74): Illuminate/Pipeline/Pipeline->Illuminate/Pipeline/{closure}(Object(Illuminate/Http/Request))
#8 D:/wamp64/www/v12/stackposts/release/stackposts-installer-20260418/vendor/laravel/framework/src/Illuminate/Pipeline/Pipeline.php(219): Illuminate/Cookie/Middleware/EncryptCookies->handle(Object(Illuminate/Http/Request), Object(Closure))
#9 D:/wamp64/www/v12/stackposts/release/stackposts-installer-20260418/app/Installer/Http/Middleware/PrepareInstallation.php(29): Illuminate/Pipeline/Pipeline->Illuminate/Pipeline/{closure}(Object(Illuminate/Http/Request))
#10 D:/wamp64/www/v12/stackposts/release/stackposts-installer-20260418/vendor/laravel/framework/src/Illuminate/Pipeline/Pipeline.php(219): App/Installer/Http/Middleware/PrepareInstallation->handle(Object(Illuminate/Http/Request), Object(Closure))
#11 D:/wamp64/www/v12/stackposts/release/stackposts-installer-20260418/vendor/laravel/framework/src/Illuminate/Pipeline/Pipeline.php(137): Illuminate/Pipeline/Pipeline->Illuminate/Pipeline/{closure}(Object(Illuminate/Http/Request))
#12 D:/wamp64/www/v12/stackposts/release/stackposts-installer-20260418/vendor/laravel/framework/src/Illuminate/Routing/Router.php(821): Illuminate/Pipeline/Pipeline->then(Object(Closure))
#13 D:/wamp64/www/v12/stackposts/release/stackposts-installer-20260418/vendor/laravel/framework/src/Illuminate/Routing/Router.php(800): Illuminate/Routing/Router->runRouteWithinStack(Object(Illuminate/Routing/Route), Object(Illuminate/Http/Request))
#14 D:/wamp64/www/v12/stackposts/release/stackposts-installer-20260418/vendor/laravel/framework/src/Illuminate/Routing/Router.php(764): Illuminate/Routing/Router->runRoute(Object(Illuminate/Http/Request), Object(Illuminate/Routing/Route))
#15 D:/wamp64/www/v12/stackposts/release/stackposts-installer-20260418/vendor/laravel/framework/src/Illuminate/Routing/Router.php(753): Illuminate/Routing/Router->dispatchToRoute(Object(Illuminate/Http/Request))
#16 D:/wamp64/www/v12/stackposts/release/stackposts-installer-20260418/vendor/laravel/framework/src/Illuminate/Foundation/Http/Kernel.php(200): Illuminate/Routing/Router->dispatch(Object(Illuminate/Http/Request))
#17 D:/wamp64/www/v12/stackposts/release/stackposts-installer-20260418/vendor/laravel/framework/src/Illuminate/Pipeline/Pipeline.php(180): Illuminate/Foundation/Http/Kernel->Illuminate/Foundation/Http/{closure}(Object(Illuminate/Http/Request))
#18 D:/wamp64/www/v12/stackposts/release/stackposts-installer-20260418/vendor/livewire/livewire/src/Features/SupportDisablingBackButtonCache/DisableBackButtonCacheMiddleware.php(19): Illuminate/Pipeline/Pipeline->Illuminate/Pipeline/{closure}(Object(Illuminate/Http/Request))
#19 D:/wamp64/www/v12/stackposts/release/stackposts-installer-20260418/vendor/laravel/framework/src/Illuminate/Pipeline/Pipeline.php(219): Livewire/Features/SupportDisablingBackButtonCache/DisableBackButtonCacheMiddleware->handle(Object(Illuminate/Http/Request), Object(Closure))
#20 D:/wamp64/www/v12/stackposts/release/stackposts-installer-20260418/vendor/laravel/framework/src/Illuminate/Foundation/Http/Middleware/TransformsRequest.php(21): Illuminate/Pipeline/Pipeline->Illuminate/Pipeline/{closure}(Object(Illuminate/Http/Request))
#21 D:/wamp64/www/v12/stackposts/release/stackposts-installer-20260418/vendor/laravel/framework/src/Illuminate/Foundation/Http/Middleware/ConvertEmptyStringsToNull.php(31): Illuminate/Foundation/Http/Middleware/TransformsRequest->handle(Object(Illuminate/Http/Request), Object(Closure))
#22 D:/wamp64/www/v12/stackposts/release/stackposts-installer-20260418/vendor/laravel/framework/src/Illuminate/Pipeline/Pipeline.php(219): Illuminate/Foundation/Http/Middleware/ConvertEmptyStringsToNull->handle(Object(Illuminate/Http/Request), Object(Closure))
#23 D:/wamp64/www/v12/stackposts/release/stackposts-installer-20260418/vendor/laravel/framework/src/Illuminate/Foundation/Http/Middleware/TransformsRequest.php(21): Illuminate/Pipeline/Pipeline->Illuminate/Pipeline/{closure}(Object(Illuminate/Http/Request))
#24 D:/wamp64/www/v12/stackposts/release/stackposts-installer-20260418/vendor/laravel/framework/src/Illuminate/Foundation/Http/Middleware/TrimStrings.php(51): Illuminate/Foundation/Http/Middleware/TransformsRequest->handle(Object(Illuminate/Http/Request), Object(Closure))
#25 D:/wamp64/www/v12/stackposts/release/stackposts-installer-20260418/vendor/laravel/framework/src/Illuminate/Pipeline/Pipeline.php(219): Illuminate/Foundation/Http/Middleware/TrimStrings->handle(Object(Illuminate/Http/Request), Object(Closure))
#26 D:/wamp64/www/v12/stackposts/release/stackposts-installer-20260418/vendor/laravel/framework/src/Illuminate/Http/Middleware/ValidatePostSize.php(27): Illuminate/Pipeline/Pipeline->Illuminate/Pipeline/{closure}(Object(Illuminate/Http/Request))
#27 D:/wamp64/www/v12/stackposts/release/stackposts-installer-20260418/vendor/laravel/framework/src/Illuminate/Pipeline/Pipeline.php(219): Illuminate/Http/Middleware/ValidatePostSize->handle(Object(Illuminate/Http/Request), Object(Closure))
#28 D:/wamp64/www/v12/stackposts/release/stackposts-installer-20260418/vendor/laravel/framework/src/Illuminate/Foundation/Http/Middleware/PreventRequestsDuringMaintenance.php(109): Illuminate/Pipeline/Pipeline->Illuminate/Pipeline/{closure}(Object(Illuminate/Http/Request))
#29 D:/wamp64/www/v12/stackposts/release/stackposts-installer-20260418/vendor/laravel/framework/src/Illuminate/Pipeline/Pipeline.php(219): Illuminate/Foundation/Http/Middleware/PreventRequestsDuringMaintenance->handle(Object(Illuminate/Http/Request), Object(Closure))
#30 D:/wamp64/www/v12/stackposts/release/stackposts-installer-20260418/vendor/laravel/framework/src/Illuminate/Http/Middleware/HandleCors.php(61): Illuminate/Pipeline/Pipeline->Illuminate/Pipeline/{closure}(Object(Illuminate/Http/Request))
#31 D:/wamp64/www/v12/stackposts/release/stackposts-installer-20260418/vendor/laravel/framework/src/Illuminate/Pipeline/Pipeline.php(219): Illuminate/Http/Middleware/HandleCors->handle(Object(Illuminate/Http/Request), Object(Closure))
#32 D:/wamp64/www/v12/stackposts/release/stackposts-installer-20260418/vendor/laravel/framework/src/Illuminate/Http/Middleware/TrustProxies.php(58): Illuminate/Pipeline/Pipeline->Illuminate/Pipeline/{closure}(Object(Illuminate/Http/Request))
#33 D:/wamp64/www/v12/stackposts/release/stackposts-installer-20260418/vendor/laravel/framework/src/Illuminate/Pipeline/Pipeline.php(219): Illuminate/Http/Middleware/TrustProxies->handle(Object(Illuminate/Http/Request), Object(Closure))
#34 D:/wamp64/www/v12/stackposts/release/stackposts-installer-20260418/vendor/laravel/framework/src/Illuminate/Foundation/Http/Middleware/InvokeDeferredCallbacks.php(22): Illuminate/Pipeline/Pipeline->Illuminate/Pipeline/{closure}(Object(Illuminate/Http/Request))
#35 D:/wamp64/www/v12/stackposts/release/stackposts-installer-20260418/vendor/laravel/framework/src/Illuminate/Pipeline/Pipeline.php(219): Illuminate/Foundation/Http/Middleware/InvokeDeferredCallbacks->handle(Object(Illuminate/Http/Request), Object(Closure))
#36 D:/wamp64/www/v12/stackposts/release/stackposts-installer-20260418/vendor/laravel/framework/src/Illuminate/Http/Middleware/ValidatePathEncoding.php(28): Illuminate/Pipeline/Pipeline->Illuminate/Pipeline/{closure}(Object(Illuminate/Http/Request))
#37 D:/wamp64/www/v12/stackposts/release/stackposts-installer-20260418/vendor/laravel/framework/src/Illuminate/Pipeline/Pipeline.php(219): Illuminate/Http/Middleware/ValidatePathEncoding->handle(Object(Illuminate/Http/Request), Object(Closure))
#38 D:/wamp64/www/v12/stackposts/release/stackposts-installer-20260418/vendor/laravel/framework/src/Illuminate/Pipeline/Pipeline.php(137): Illuminate/Pipeline/Pipeline->Illuminate/Pipeline/{closure}(Object(Illuminate/Http/Request))
#39 D:/wamp64/www/v12/stackposts/release/stackposts-installer-20260418/vendor/laravel/framework/src/Illuminate/Foundation/Http/Kernel.php(175): Illuminate/Pipeline/Pipeline->then(Object(Closure))
#40 D:/wamp64/www/v12/stackposts/release/stackposts-installer-20260418/vendor/laravel/framework/src/Illuminate/Foundation/Http/Kernel.php(144): Illuminate/Foundation/Http/Kernel->sendRequestThroughRouter(Object(Illuminate/Http/Request))
#41 D:/wamp64/www/v12/stackposts/release/stackposts-installer-20260418/vendor/laravel/framework/src/Illuminate/Foundation/Application.php(1220): Illuminate/Foundation/Http/Kernel->handle(Object(Illuminate/Http/Request))
#42 D:/wamp64/www/v12/stackposts/release/stackposts-installer-20260418/index.php(17): Illuminate/Foundation/Application->handleRequest(Object(Illuminate/Http/Request))
#43 {main}
"} 
[2026-08-02 14:10:48] production.ERROR: could not find driver (Connection: mysql, Host: localhost, Port: 3306, Database: , SQL: select exists (select 1 from information_schema.tables where table_schema = schema() and table_name = 'migrations' and table_type in ('BASE TABLE', 'SYSTEM VERSIONED')) as `exists`) {"exception":"[object] (Illuminate\\Database\\QueryException(code: 0): could not find driver (Connection: mysql, Host: localhost, Port: 3306, Database: , SQL: select exists (select 1 from information_schema.tables where table_schema = schema() and table_name = 'migrations' and table_type in ('BASE TABLE', 'SYSTEM VERSIONED')) as `exists`) at C:/Users/DELL/Downloads/Ascend AI/vendor/laravel/framework/src/Illuminate/Database/Connection.php:841)
[stacktrace]
#0 C:/Users/DELL/Downloads/Ascend AI/vendor/laravel/framework/src/Illuminate/Database/Connection.php(797): Illuminate/Database/Connection->runQueryCallback('select exists (...', Array, Object(Closure))
#1 C:/Users/DELL/Downloads/Ascend AI/vendor/laravel/framework/src/Illuminate/Database/Connection.php(412): Illuminate/Database/Connection->run('select exists (...', Array, Object(Closure))
#2 C:/Users/DELL/Downloads/Ascend AI/vendor/laravel/framework/src/Illuminate/Database/Connection.php(357): Illuminate/Database/Connection->select('select exists (...', Array, true)
#3 C:/Users/DELL/Downloads/Ascend AI/vendor/laravel/framework/src/Illuminate/Database/Connection.php(374): Illuminate/Database/Connection->selectOne('select exists (...', Array, true)
#4 C:/Users/DELL/Downloads/Ascend AI/vendor/laravel/framework/src/Illuminate/Database/Schema/Builder.php(176): Illuminate/Database/Connection->scalar('select exists (...')
#5 C:/Users/DELL/Downloads/Ascend AI/vendor/laravel/framework/src/Illuminate/Database/Migrations/DatabaseMigrationRepository.php(185): Illuminate/Database/Schema/Builder->hasTable('migrations')
#6 C:/Users/DELL/Downloads/Ascend AI/vendor/laravel/framework/src/Illuminate/Database/Migrations/Migrator.php(758): Illuminate/Database/Migrations/DatabaseMigrationRepository->repositoryExists()
#7 C:/Users/DELL/Downloads/Ascend AI/vendor/laravel/framework/src/Illuminate/Database/Console/Migrations/StatusCommand.php(55): Illuminate/Database/Migrations/Migrator->repositoryExists()
#8 C:/Users/DELL/Downloads/Ascend AI/vendor/laravel/framework/src/Illuminate/Database/Migrations/Migrator.php(671): Illuminate/Database/Console/Migrations/StatusCommand->Illuminate/Database/Console/Migrations/{closure}()
#9 C:/Users/DELL/Downloads/Ascend AI/vendor/laravel/framework/src/Illuminate/Database/Console/Migrations/StatusCommand.php(54): Illuminate/Database/Migrations/Migrator->usingConnection(NULL, Object(Closure))
#10 C:/Users/DELL/Downloads/Ascend AI/vendor/laravel/framework/src/Illuminate/Container/BoundMethod.php(36): Illuminate/Database/Console/Migrations/StatusCommand->handle()
#11 C:/Users/DELL/Downloads/Ascend AI/vendor/laravel/framework/src/Illuminate/Container/Util.php(43): Illuminate/Container/BoundMethod::Illuminate/Container/{closure}()
#12 C:/Users/DELL/Downloads/Ascend AI/vendor/laravel/framework/src/Illuminate/Container/BoundMethod.php(96): Illuminate/Container/Util::unwrapIfClosure(Object(Closure))
#13 C:/Users/DELL/Downloads/Ascend AI/vendor/laravel/framework/src/Illuminate/Container/BoundMethod.php(35): Illuminate/Container/BoundMethod::callBoundMethod(Object(Illuminate/Foundation/Application), Array, Object(Closure))
#14 C:/Users/DELL/Downloads/Ascend AI/vendor/laravel/framework/src/Illuminate/Container/Container.php(799): Illuminate/Container/BoundMethod::call(Object(Illuminate/Foundation/Application), Array, Array, NULL)
#15 C:/Users/DELL/Downloads/Ascend AI/vendor/laravel/framework/src/Illuminate/Console/Command.php(280): Illuminate/Container/Container->call(Array)
#16 C:/Users/DELL/Downloads/Ascend AI/vendor/symfony/console/Command/Command.php(341): Illuminate/Console/Command->execute(Object(Symfony/Component/Console/Input/ArgvInput), Object(Illuminate/Console/OutputStyle))
#17 C:/Users/DELL/Downloads/Ascend AI/vendor/laravel/framework/src/Illuminate/Console/Command.php(249): Symfony/Component/Console/Command/Command->run(Object(Symfony/Component/Console/Input/ArgvInput), Object(Illuminate/Console/OutputStyle))
#18 C:/Users/DELL/Downloads/Ascend AI/vendor/symfony/console/Application.php(1117): Illuminate/Console/Command->run(Object(Symfony/Component/Console/Input/ArgvInput), Object(Symfony/Component/Console/Output/ConsoleOutput))
#19 C:/Users/DELL/Downloads/Ascend AI/vendor/symfony/console/Application.php(356): Symfony/Component/Console/Application->doRunCommand(Object(Illuminate/Database/Console/Migrations/StatusCommand), Object(Symfony/Component/Console/Input/ArgvInput), Object(Symfony/Component/Console/Output/ConsoleOutput))
#20 C:/Users/DELL/Downloads/Ascend AI/vendor/symfony/console/Application.php(195): Symfony/Component/Console/Application->doRun(Object(Symfony/Component/Console/Input/ArgvInput), Object(Symfony/Component/Console/Output/ConsoleOutput))
#21 C:/Users/DELL/Downloads/Ascend AI/vendor/laravel/framework/src/Illuminate/Foundation/Console/Kernel.php(198): Symfony/Component/Console/Application->run(Object(Symfony/Component/Console/Input/ArgvInput), Object(Symfony/Component/Console/Output/ConsoleOutput))
#22 C:/Users/DELL/Downloads/Ascend AI/vendor/laravel/framework/src/Illuminate/Foundation/Application.php(1235): Illuminate/Foundation/Console/Kernel->handle(Object(Symfony/Component/Console/Input/ArgvInput), Object(Symfony/Component/Console/Output/ConsoleOutput))
#23 C:/Users/DELL/Downloads/Ascend AI/artisan(16): Illuminate/Foundation/Application->handleCommand(Object(Symfony/Component/Console/Input/ArgvInput))
#24 {main}

[previous exception] [object] (PDOException(code: 0): could not find driver at C:/Users/DELL/Downloads/Ascend AI/vendor/laravel/framework/src/Illuminate/Database/Connectors/Connector.php:66)
[stacktrace]
#0 C:/Users/DELL/Downloads/Ascend AI/vendor/laravel/framework/src/Illuminate/Database/Connectors/Connector.php(66): PDO->__construct('mysql:host=loca...', '', Object(SensitiveParameterValue), Array)
#1 C:/Users/DELL/Downloads/Ascend AI/vendor/laravel/framework/src/Illuminate/Database/Connectors/Connector.php(44): Illuminate/Database/Connectors/Connector->createPdoConnection('mysql:host=loca...', '', Object(SensitiveParameterValue), Array)
#2 C:/Users/DELL/Downloads/Ascend AI/vendor/laravel/framework/src/Illuminate/Database/Connectors/MySqlConnector.php(24): Illuminate/Database/Connectors/Connector->createConnection('mysql:host=loca...', Array, Array)
#3 C:/Users/DELL/Downloads/Ascend AI/vendor/laravel/framework/src/Illuminate/Database/Connectors/ConnectionFactory.php(186): Illuminate/Database/Connectors/MySqlConnector->connect(Array)
#4 [internal function]: Illuminate/Database/Connectors/ConnectionFactory->Illuminate/Database/Connectors/{closure}()
#5 C:/Users/DELL/Downloads/Ascend AI/vendor/laravel/framework/src/Illuminate/Database/Connection.php(1279): call_user_func(Object(Closure))
#6 C:/Users/DELL/Downloads/Ascend AI/vendor/laravel/framework/src/Illuminate/Database/Connection.php(1317): Illuminate/Database/Connection->getPdo()
#7 C:/Users/DELL/Downloads/Ascend AI/vendor/laravel/framework/src/Illuminate/Database/Connection.php(528): Illuminate/Database/Connection->getReadPdo()
#8 C:/Users/DELL/Downloads/Ascend AI/vendor/laravel/framework/src/Illuminate/Database/Connection.php(421): Illuminate/Database/Connection->getPdoForSelect(true)
#9 C:/Users/DELL/Downloads/Ascend AI/vendor/laravel/framework/src/Illuminate/Database/Connection.php(830): Illuminate/Database/Connection->Illuminate/Database/{closure}('select exists (...', Array)
#10 C:/Users/DELL/Downloads/Ascend AI/vendor/laravel/framework/src/Illuminate/Database/Connection.php(797): Illuminate/Database/Connection->runQueryCallback('select exists (...', Array, Object(Closure))
#11 C:/Users/DELL/Downloads/Ascend AI/vendor/laravel/framework/src/Illuminate/Database/Connection.php(412): Illuminate/Database/Connection->run('select exists (...', Array, Object(Closure))
#12 C:/Users/DELL/Downloads/Ascend AI/vendor/laravel/framework/src/Illuminate/Database/Connection.php(357): Illuminate/Database/Connection->select('select exists (...', Array, true)
#13 C:/Users/DELL/Downloads/Ascend AI/vendor/laravel/framework/src/Illuminate/Database/Connection.php(374): Illuminate/Database/Connection->selectOne('select exists (...', Array, true)
#14 C:/Users/DELL/Downloads/Ascend AI/vendor/laravel/framework/src/Illuminate/Database/Schema/Builder.php(176): Illuminate/Database/Connection->scalar('select exists (...')
#15 C:/Users/DELL/Downloads/Ascend AI/vendor/laravel/framework/src/Illuminate/Database/Migrations/DatabaseMigrationRepository.php(185): Illuminate/Database/Schema/Builder->hasTable('migrations')
#16 C:/Users/DELL/Downloads/Ascend AI/vendor/laravel/framework/src/Illuminate/Database/Migrations/Migrator.php(758): Illuminate/Database/Migrations/DatabaseMigrationRepository->repositoryExists()
#17 C:/Users/DELL/Downloads/Ascend AI/vendor/laravel/framework/src/Illuminate/Database/Console/Migrations/StatusCommand.php(55): Illuminate/Database/Migrations/Migrator->repositoryExists()
#18 C:/Users/DELL/Downloads/Ascend AI/vendor/laravel/framework/src/Illuminate/Database/Migrations/Migrator.php(671): Illuminate/Database/Console/Migrations/StatusCommand->Illuminate/Database/Console/Migrations/{closure}()
#19 C:/Users/DELL/Downloads/Ascend AI/vendor/laravel/framework/src/Illuminate/Database/Console/Migrations/StatusCommand.php(54): Illuminate/Database/Migrations/Migrator->usingConnection(NULL, Object(Closure))
#20 C:/Users/DELL/Downloads/Ascend AI/vendor/laravel/framework/src/Illuminate/Container/BoundMethod.php(36): Illuminate/Database/Console/Migrations/StatusCommand->handle()
#21 C:/Users/DELL/Downloads/Ascend AI/vendor/laravel/framework/src/Illuminate/Container/Util.php(43): Illuminate/Container/BoundMethod::Illuminate/Container/{closure}()
#22 C:/Users/DELL/Downloads/Ascend AI/vendor/laravel/framework/src/Illuminate/Container/BoundMethod.php(96): Illuminate/Container/Util::unwrapIfClosure(Object(Closure))
#23 C:/Users/DELL/Downloads/Ascend AI/vendor/laravel/framework/src/Illuminate/Container/BoundMethod.php(35): Illuminate/Container/BoundMethod::callBoundMethod(Object(Illuminate/Foundation/Application), Array, Object(Closure))
#24 C:/Users/DELL/Downloads/Ascend AI/vendor/laravel/framework/src/Illuminate/Container/Container.php(799): Illuminate/Container/BoundMethod::call(Object(Illuminate/Foundation/Application), Array, Array, NULL)
#25 C:/Users/DELL/Downloads/Ascend AI/vendor/laravel/framework/src/Illuminate/Console/Command.php(280): Illuminate/Container/Container->call(Array)
#26 C:/Users/DELL/Downloads/Ascend AI/vendor/symfony/console/Command/Command.php(341): Illuminate/Console/Command->execute(Object(Symfony/Component/Console/Input/ArgvInput), Object(Illuminate/Console/OutputStyle))
#27 C:/Users/DELL/Downloads/Ascend AI/vendor/laravel/framework/src/Illuminate/Console/Command.php(249): Symfony/Component/Console/Command/Command->run(Object(Symfony/Component/Console/Input/ArgvInput), Object(Illuminate/Console/OutputStyle))
#28 C:/Users/DELL/Downloads/Ascend AI/vendor/symfony/console/Application.php(1117): Illuminate/Console/Command->run(Object(Symfony/Component/Console/Input/ArgvInput), Object(Symfony/Component/Console/Output/ConsoleOutput))
#29 C:/Users/DELL/Downloads/Ascend AI/vendor/symfony/console/Application.php(356): Symfony/Component/Console/Application->doRunCommand(Object(Illuminate/Database/Console/Migrations/StatusCommand), Object(Symfony/Component/Console/Input/ArgvInput), Object(Symfony/Component/Console/Output/ConsoleOutput))
#30 C:/Users/DELL/Downloads/Ascend AI/vendor/symfony/console/Application.php(195): Symfony/Component/Console/Application->doRun(Object(Symfony/Component/Console/Input/ArgvInput), Object(Symfony/Component/Console/Output/ConsoleOutput))
#31 C:/Users/DELL/Downloads/Ascend AI/vendor/laravel/framework/src/Illuminate/Foundation/Console/Kernel.php(198): Symfony/Component/Console/Application->run(Object(Symfony/Component/Console/Input/ArgvInput), Object(Symfony/Component/Console/Output/ConsoleOutput))
#32 C:/Users/DELL/Downloads/Ascend AI/vendor/laravel/framework/src/Illuminate/Foundation/Application.php(1235): Illuminate/Foundation/Console/Kernel->handle(Object(Symfony/Component/Console/Input/ArgvInput), Object(Symfony/Component/Console/Output/ConsoleOutput))
#33 C:/Users/DELL/Downloads/Ascend AI/artisan(16): Illuminate/Foundation/Application->handleCommand(Object(Symfony/Component/Console/Input/ArgvInput))
#34 {main}
"} 
[2026-08-02 14:10:54] production.ERROR: The "C:\Users\DELL\Downloads\Ascend AI\resources\views" directory does not exist. {"exception":"[object] (Symfony\\Component\\Finder\\Exception\\DirectoryNotFoundException(code: 0): The \"C:\\Users\\DELL\\Downloads\\Ascend AI\\resources\\views\" directory does not exist. at C:/Users/DELL/Downloads/Ascend AI/vendor/symfony/finder/Finder.php:648)
[stacktrace]
#0 C:/Users/DELL/Downloads/Ascend AI/vendor/laravel/framework/src/Illuminate/Foundation/Console/ViewCacheCommand.php(88): Symfony/Component/Finder/Finder->in(Array)
#1 C:/Users/DELL/Downloads/Ascend AI/vendor/laravel/framework/src/Illuminate/Foundation/Console/ViewCacheCommand.php(43): Illuminate/Foundation/Console/ViewCacheCommand->bladeFilesIn(Array)
#2 C:/Users/DELL/Downloads/Ascend AI/vendor/laravel/framework/src/Illuminate/Collections/Traits/EnumeratesValues.php(275): Illuminate/Foundation/Console/ViewCacheCommand->Illuminate/Foundation/Console/{closure}('C://Users//DELL//D...', 0)
#3 C:/Users/DELL/Downloads/Ascend AI/vendor/laravel/framework/src/Illuminate/Foundation/Console/ViewCacheCommand.php(38): Illuminate/Support/Collection->each(Object(Closure))
#4 C:/Users/DELL/Downloads/Ascend AI/vendor/laravel/framework/src/Illuminate/Container/BoundMethod.php(36): Illuminate/Foundation/Console/ViewCacheCommand->handle()
#5 C:/Users/DELL/Downloads/Ascend AI/vendor/laravel/framework/src/Illuminate/Container/Util.php(43): Illuminate/Container/BoundMethod::Illuminate/Container/{closure}()
#6 C:/Users/DELL/Downloads/Ascend AI/vendor/laravel/framework/src/Illuminate/Container/BoundMethod.php(96): Illuminate/Container/Util::unwrapIfClosure(Object(Closure))
#7 C:/Users/DELL/Downloads/Ascend AI/vendor/laravel/framework/src/Illuminate/Container/BoundMethod.php(35): Illuminate/Container/BoundMethod::callBoundMethod(Object(Illuminate/Foundation/Application), Array, Object(Closure))
#8 C:/Users/DELL/Downloads/Ascend AI/vendor/laravel/framework/src/Illuminate/Container/Container.php(799): Illuminate/Container/BoundMethod::call(Object(Illuminate/Foundation/Application), Array, Array, NULL)
#9 C:/Users/DELL/Downloads/Ascend AI/vendor/laravel/framework/src/Illuminate/Console/Command.php(280): Illuminate/Container/Container->call(Array)
#10 C:/Users/DELL/Downloads/Ascend AI/vendor/symfony/console/Command/Command.php(341): Illuminate/Console/Command->execute(Object(Symfony/Component/Console/Input/ArgvInput), Object(Illuminate/Console/OutputStyle))
#11 C:/Users/DELL/Downloads/Ascend AI/vendor/laravel/framework/src/Illuminate/Console/Command.php(249): Symfony/Component/Console/Command/Command->run(Object(Symfony/Component/Console/Input/ArgvInput), Object(Illuminate/Console/OutputStyle))
#12 C:/Users/DELL/Downloads/Ascend AI/vendor/symfony/console/Application.php(1117): Illuminate/Console/Command->run(Object(Symfony/Component/Console/Input/ArgvInput), Object(Symfony/Component/Console/Output/ConsoleOutput))
#13 C:/Users/DELL/Downloads/Ascend AI/vendor/symfony/console/Application.php(356): Symfony/Component/Console/Application->doRunCommand(Object(Illuminate/Foundation/Console/ViewCacheCommand), Object(Symfony/Component/Console/Input/ArgvInput), Object(Symfony/Component/Console/Output/ConsoleOutput))
#14 C:/Users/DELL/Downloads/Ascend AI/vendor/symfony/console/Application.php(195): Symfony/Component/Console/Application->doRun(Object(Symfony/Component/Console/Input/ArgvInput), Object(Symfony/Component/Console/Output/ConsoleOutput))
#15 C:/Users/DELL/Downloads/Ascend AI/vendor/laravel/framework/src/Illuminate/Foundation/Console/Kernel.php(198): Symfony/Component/Console/Application->run(Object(Symfony/Component/Console/Input/ArgvInput), Object(Symfony/Component/Console/Output/ConsoleOutput))
#16 C:/Users/DELL/Downloads/Ascend AI/vendor/laravel/framework/src/Illuminate/Foundation/Application.php(1235): Illuminate/Foundation/Console/Kernel->handle(Object(Symfony/Component/Console/Input/ArgvInput), Object(Symfony/Component/Console/Output/ConsoleOutput))
#17 C:/Users/DELL/Downloads/Ascend AI/artisan(16): Illuminate/Foundation/Application->handleCommand(Object(Symfony/Component/Console/Input/ArgvInput))
#18 {main}
"} 
[2026-08-04 19:32:21] local.ERROR: could not find driver (Connection: sqlite, Database: database/database.sqlite, SQL: select exists (select 1 from "main".sqlite_master where name = 'migrations' and type = 'table') as "exists") {"exception":"[object] (Illuminate\\Database\\QueryException(code: 0): could not find driver (Connection: sqlite, Database: database/database.sqlite, SQL: select exists (select 1 from \"main\".sqlite_master where name = 'migrations' and type = 'table') as \"exists\") at C:/Users/DELL/Downloads/Ascend AI/vendor/laravel/framework/src/Illuminate/Database/Connection.php:841)
[stacktrace]
#0 C:/Users/DELL/Downloads/Ascend AI/vendor/laravel/framework/src/Illuminate/Database/Connection.php(797): Illuminate/Database/Connection->runQueryCallback('select exists (...', Array, Object(Closure))
#1 C:/Users/DELL/Downloads/Ascend AI/vendor/laravel/framework/src/Illuminate/Database/Connection.php(412): Illuminate/Database/Connection->run('select exists (...', Array, Object(Closure))
#2 C:/Users/DELL/Downloads/Ascend AI/vendor/laravel/framework/src/Illuminate/Database/Connection.php(357): Illuminate/Database/Connection->select('select exists (...', Array, true)
#3 C:/Users/DELL/Downloads/Ascend AI/vendor/laravel/framework/src/Illuminate/Database/Connection.php(374): Illuminate/Database/Connection->selectOne('select exists (...', Array, true)
#4 C:/Users/DELL/Downloads/Ascend AI/vendor/laravel/framework/src/Illuminate/Database/Schema/Builder.php(176): Illuminate/Database/Connection->scalar('select exists (...')
#5 C:/Users/DELL/Downloads/Ascend AI/vendor/laravel/framework/src/Illuminate/Database/Migrations/DatabaseMigrationRepository.php(185): Illuminate/Database/Schema/Builder->hasTable('migrations')
#6 C:/Users/DELL/Downloads/Ascend AI/vendor/laravel/framework/src/Illuminate/Database/Migrations/Migrator.php(758): Illuminate/Database/Migrations/DatabaseMigrationRepository->repositoryExists()
#7 C:/Users/DELL/Downloads/Ascend AI/vendor/laravel/framework/src/Illuminate/Database/Console/Migrations/MigrateCommand.php(166): Illuminate/Database/Migrations/Migrator->repositoryExists()
#8 C:/Users/DELL/Downloads/Ascend AI/vendor/laravel/framework/src/Illuminate/Support/helpers.php(328): Illuminate/Database/Console/Migrations/MigrateCommand->Illuminate/Database/Console/Migrations/{closure}(1)
#9 C:/Users/DELL/Downloads/Ascend AI/vendor/laravel/framework/src/Illuminate/Database/Console/Migrations/MigrateCommand.php(166): retry(1, Object(Closure), 0, Object(Closure))
#10 C:/Users/DELL/Downloads/Ascend AI/vendor/laravel/framework/src/Illuminate/Database/Console/Migrations/MigrateCommand.php(142): Illuminate/Database/Console/Migrations/MigrateCommand->repositoryExists()
#11 C:/Users/DELL/Downloads/Ascend AI/vendor/laravel/framework/src/Illuminate/Database/Console/Migrations/MigrateCommand.php(112): Illuminate/Database/Console/Migrations/MigrateCommand->prepareDatabase()
#12 C:/Users/DELL/Downloads/Ascend AI/vendor/laravel/framework/src/Illuminate/Database/Migrations/Migrator.php(671): Illuminate/Database/Console/Migrations/MigrateCommand->Illuminate/Database/Console/Migrations/{closure}()
#13 C:/Users/DELL/Downloads/Ascend AI/vendor/laravel/framework/src/Illuminate/Database/Console/Migrations/MigrateCommand.php(111): Illuminate/Database/Migrations/Migrator->usingConnection(NULL, Object(Closure))
#14 C:/Users/DELL/Downloads/Ascend AI/vendor/laravel/framework/src/Illuminate/Database/Console/Migrations/MigrateCommand.php(90): Illuminate/Database/Console/Migrations/MigrateCommand->runMigrations()
#15 C:/Users/DELL/Downloads/Ascend AI/vendor/laravel/framework/src/Illuminate/Container/BoundMethod.php(36): Illuminate/Database/Console/Migrations/MigrateCommand->handle()
#16 C:/Users/DELL/Downloads/Ascend AI/vendor/laravel/framework/src/Illuminate/Container/Util.php(43): Illuminate/Container/BoundMethod::Illuminate/Container/{closure}()
#17 C:/Users/DELL/Downloads/Ascend AI/vendor/laravel/framework/src/Illuminate/Container/BoundMethod.php(96): Illuminate/Container/Util::unwrapIfClosure(Object(Closure))
#18 C:/Users/DELL/Downloads/Ascend AI/vendor/laravel/framework/src/Illuminate/Container/BoundMethod.php(35): Illuminate/Container/BoundMethod::callBoundMethod(Object(Illuminate/Foundation/Application), Array, Object(Closure))
#19 C:/Users/DELL/Downloads/Ascend AI/vendor/laravel/framework/src/Illuminate/Container/Container.php(799): Illuminate/Container/BoundMethod::call(Object(Illuminate/Foundation/Application), Array, Array, NULL)
#20 C:/Users/DELL/Downloads/Ascend AI/vendor/laravel/framework/src/Illuminate/Console/Command.php(280): Illuminate/Container/Container->call(Array)
#21 C:/Users/DELL/Downloads/Ascend AI/vendor/symfony/console/Command/Command.php(341): Illuminate/Console/Command->execute(Object(Symfony/Component/Console/Input/ArrayInput), Object(Illuminate/Console/OutputStyle))
#22 C:/Users/DELL/Downloads/Ascend AI/vendor/laravel/framework/src/Illuminate/Console/Command.php(249): Symfony/Component/Console/Command/Command->run(Object(Symfony/Component/Console/Input/ArrayInput), Object(Illuminate/Console/OutputStyle))
#23 C:/Users/DELL/Downloads/Ascend AI/vendor/laravel/framework/src/Illuminate/Console/Concerns/CallsCommands.php(68): Illuminate/Console/Command->run(Object(Symfony/Component/Console/Input/ArrayInput), Object(Illuminate/Console/OutputStyle))
#24 C:/Users/DELL/Downloads/Ascend AI/vendor/laravel/framework/src/Illuminate/Console/Concerns/CallsCommands.php(29): Illuminate/Console/Command->runCommand('migrate', Array, Object(Illuminate/Console/OutputStyle))
#25 C:/Users/DELL/Downloads/Ascend AI/vendor/laravel/framework/src/Illuminate/Database/Console/Migrations/FreshCommand.php(88): Illuminate/Console/Command->call('migrate', Array)
#26 C:/Users/DELL/Downloads/Ascend AI/vendor/laravel/framework/src/Illuminate/Container/BoundMethod.php(36): Illuminate/Database/Console/Migrations/FreshCommand->handle()
#27 C:/Users/DELL/Downloads/Ascend AI/vendor/laravel/framework/src/Illuminate/Container/Util.php(43): Illuminate/Container/BoundMethod::Illuminate/Container/{closure}()
#28 C:/Users/DELL/Downloads/Ascend AI/vendor/laravel/framework/src/Illuminate/Container/BoundMethod.php(96): Illuminate/Container/Util::unwrapIfClosure(Object(Closure))
#29 C:/Users/DELL/Downloads/Ascend AI/vendor/laravel/framework/src/Illuminate/Container/BoundMethod.php(35): Illuminate/Container/BoundMethod::callBoundMethod(Object(Illuminate/Foundation/Application), Array, Object(Closure))
#30 C:/Users/DELL/Downloads/Ascend AI/vendor/laravel/framework/src/Illuminate/Container/Container.php(799): Illuminate/Container/BoundMethod::call(Object(Illuminate/Foundation/Application), Array, Array, NULL)
#31 C:/Users/DELL/Downloads/Ascend AI/vendor/laravel/framework/src/Illuminate/Console/Command.php(280): Illuminate/Container/Container->call(Array)
#32 C:/Users/DELL/Downloads/Ascend AI/vendor/symfony/console/Command/Command.php(341): Illuminate/Console/Command->execute(Object(Symfony/Component/Console/Input/ArgvInput), Object(Illuminate/Console/OutputStyle))
#33 C:/Users/DELL/Downloads/Ascend AI/vendor/laravel/framework/src/Illuminate/Console/Command.php(249): Symfony/Component/Console/Command/Command->run(Object(Symfony/Component/Console/Input/ArgvInput), Object(Illuminate/Console/OutputStyle))
#34 C:/Users/DELL/Downloads/Ascend AI/vendor/symfony/console/Application.php(1117): Illuminate/Console/Command->run(Object(Symfony/Component/Console/Input/ArgvInput), Object(Symfony/Component/Console/Output/ConsoleOutput))
#35 C:/Users/DELL/Downloads/Ascend AI/vendor/symfony/console/Application.php(356): Symfony/Component/Console/Application->doRunCommand(Object(Illuminate/Database/Console/Migrations/FreshCommand), Object(Symfony/Component/Console/Input/ArgvInput), Object(Symfony/Component/Console/Output/ConsoleOutput))
#36 C:/Users/DELL/Downloads/Ascend AI/vendor/symfony/console/Application.php(195): Symfony/Component/Console/Application->doRun(Object(Symfony/Component/Console/Input/ArgvInput), Object(Symfony/Component/Console/Output/ConsoleOutput))
#37 C:/Users/DELL/Downloads/Ascend AI/vendor/laravel/framework/src/Illuminate/Foundation/Console/Kernel.php(198): Symfony/Component/Console/Application->run(Object(Symfony/Component/Console/Input/ArgvInput), Object(Symfony/Component/Console/Output/ConsoleOutput))
#38 C:/Users/DELL/Downloads/Ascend AI/vendor/laravel/framework/src/Illuminate/Foundation/Application.php(1235): Illuminate/Foundation/Console/Kernel->handle(Object(Symfony/Component/Console/Input/ArgvInput), Object(Symfony/Component/Console/Output/ConsoleOutput))
#39 C:/Users/DELL/Downloads/Ascend AI/artisan(16): Illuminate/Foundation/Application->handleCommand(Object(Symfony/Component/Console/Input/ArgvInput))
#40 {main}

[previous exception] [object] (PDOException(code: 0): could not find driver at C:/Users/DELL/Downloads/Ascend AI/vendor/laravel/framework/src/Illuminate/Database/Connectors/Connector.php:66)
[stacktrace]
#0 C:/Users/DELL/Downloads/Ascend AI/vendor/laravel/framework/src/Illuminate/Database/Connectors/Connector.php(66): PDO->__construct('sqlite:C://Users...', NULL, Object(SensitiveParameterValue), Array)
#1 C:/Users/DELL/Downloads/Ascend AI/vendor/laravel/framework/src/Illuminate/Database/Connectors/Connector.php(44): Illuminate/Database/Connectors/Connector->createPdoConnection('sqlite:C://Users...', NULL, Object(SensitiveParameterValue), Array)
#2 C:/Users/DELL/Downloads/Ascend AI/vendor/laravel/framework/src/Illuminate/Database/Connectors/SQLiteConnector.php(21): Illuminate/Database/Connectors/Connector->createConnection('sqlite:C://Users...', Array, Array)
#3 C:/Users/DELL/Downloads/Ascend AI/vendor/laravel/framework/src/Illuminate/Database/Connectors/ConnectionFactory.php(225): Illuminate/Database/Connectors/SQLiteConnector->connect(Array)
#4 [internal function]: Illuminate/Database/Connectors/ConnectionFactory->Illuminate/Database/Connectors/{closure}()
#5 C:/Users/DELL/Downloads/Ascend AI/vendor/laravel/framework/src/Illuminate/Database/Connection.php(1279): call_user_func(Object(Closure))
#6 C:/Users/DELL/Downloads/Ascend AI/vendor/laravel/framework/src/Illuminate/Database/Connection.php(1317): Illuminate/Database/Connection->getPdo()
#7 C:/Users/DELL/Downloads/Ascend AI/vendor/laravel/framework/src/Illuminate/Database/Connection.php(528): Illuminate/Database/Connection->getReadPdo()
#8 C:/Users/DELL/Downloads/Ascend AI/vendor/laravel/framework/src/Illuminate/Database/Connection.php(421): Illuminate/Database/Connection->getPdoForSelect(true)
#9 C:/Users/DELL/Downloads/Ascend AI/vendor/laravel/framework/src/Illuminate/Database/Connection.php(830): Illuminate/Database/Connection->Illuminate/Database/{closure}('select exists (...', Array)
#10 C:/Users/DELL/Downloads/Ascend AI/vendor/laravel/framework/src/Illuminate/Database/Connection.php(797): Illuminate/Database/Connection->runQueryCallback('select exists (...', Array, Object(Closure))
#11 C:/Users/DELL/Downloads/Ascend AI/vendor/laravel/framework/src/Illuminate/Database/Connection.php(412): Illuminate/Database/Connection->run('select exists (...', Array, Object(Closure))
#12 C:/Users/DELL/Downloads/Ascend AI/vendor/laravel/framework/src/Illuminate/Database/Connection.php(357): Illuminate/Database/Connection->select('select exists (...', Array, true)
#13 C:/Users/DELL/Downloads/Ascend AI/vendor/laravel/framework/src/Illuminate/Database/Connection.php(374): Illuminate/Database/Connection->selectOne('select exists (...', Array, true)
#14 C:/Users/DELL/Downloads/Ascend AI/vendor/laravel/framework/src/Illuminate/Database/Schema/Builder.php(176): Illuminate/Database/Connection->scalar('select exists (...')
#15 C:/Users/DELL/Downloads/Ascend AI/vendor/laravel/framework/src/Illuminate/Database/Migrations/DatabaseMigrationRepository.php(185): Illuminate/Database/Schema/Builder->hasTable('migrations')
#16 C:/Users/DELL/Downloads/Ascend AI/vendor/laravel/framework/src/Illuminate/Database/Migrations/Migrator.php(758): Illuminate/Database/Migrations/DatabaseMigrationRepository->repositoryExists()
#17 C:/Users/DELL/Downloads/Ascend AI/vendor/laravel/framework/src/Illuminate/Database/Console/Migrations/MigrateCommand.php(166): Illuminate/Database/Migrations/Migrator->repositoryExists()
#18 C:/Users/DELL/Downloads/Ascend AI/vendor/laravel/framework/src/Illuminate/Support/helpers.php(328): Illuminate/Database/Console/Migrations/MigrateCommand->Illuminate/Database/Console/Migrations/{closure}(1)
#19 C:/Users/DELL/Downloads/Ascend AI/vendor/laravel/framework/src/Illuminate/Database/Console/Migrations/MigrateCommand.php(166): retry(1, Object(Closure), 0, Object(Closure))
#20 C:/Users/DELL/Downloads/Ascend AI/vendor/laravel/framework/src/Illuminate/Database/Console/Migrations/MigrateCommand.php(142): Illuminate/Database/Console/Migrations/MigrateCommand->repositoryExists()
#21 C:/Users/DELL/Downloads/Ascend AI/vendor/laravel/framework/src/Illuminate/Database/Console/Migrations/MigrateCommand.php(112): Illuminate/Database/Console/Migrations/MigrateCommand->prepareDatabase()
#22 C:/Users/DELL/Downloads/Ascend AI/vendor/laravel/framework/src/Illuminate/Database/Migrations/Migrator.php(671): Illuminate/Database/Console/Migrations/MigrateCommand->Illuminate/Database/Console/Migrations/{closure}()
#23 C:/Users/DELL/Downloads/Ascend AI/vendor/laravel/framework/src/Illuminate/Database/Console/Migrations/MigrateCommand.php(111): Illuminate/Database/Migrations/Migrator->usingConnection(NULL, Object(Closure))
#24 C:/Users/DELL/Downloads/Ascend AI/vendor/laravel/framework/src/Illuminate/Database/Console/Migrations/MigrateCommand.php(90): Illuminate/Database/Console/Migrations/MigrateCommand->runMigrations()
#25 C:/Users/DELL/Downloads/Ascend AI/vendor/laravel/framework/src/Illuminate/Container/BoundMethod.php(36): Illuminate/Database/Console/Migrations/MigrateCommand->handle()
#26 C:/Users/DELL/Downloads/Ascend AI/vendor/laravel/framework/src/Illuminate/Container/Util.php(43): Illuminate/Container/BoundMethod::Illuminate/Container/{closure}()
#27 C:/Users/DELL/Downloads/Ascend AI/vendor/laravel/framework/src/Illuminate/Container/BoundMethod.php(96): Illuminate/Container/Util::unwrapIfClosure(Object(Closure))
#28 C:/Users/DELL/Downloads/Ascend AI/vendor/laravel/framework/src/Illuminate/Container/BoundMethod.php(35): Illuminate/Container/BoundMethod::callBoundMethod(Object(Illuminate/Foundation/Application), Array, Object(Closure))
#29 C:/Users/DELL/Downloads/Ascend AI/vendor/laravel/framework/src/Illuminate/Container/Container.php(799): Illuminate/Container/BoundMethod::call(Object(Illuminate/Foundation/Application), Array, Array, NULL)
#30 C:/Users/DELL/Downloads/Ascend AI/vendor/laravel/framework/src/Illuminate/Console/Command.php(280): Illuminate/Container/Container->call(Array)
#31 C:/Users/DELL/Downloads/Ascend AI/vendor/symfony/console/Command/Command.php(341): Illuminate/Console/Command->execute(Object(Symfony/Component/Console/Input/ArrayInput), Object(Illuminate/Console/OutputStyle))
#32 C:/Users/DELL/Downloads/Ascend AI/vendor/laravel/framework/src/Illuminate/Console/Command.php(249): Symfony/Component/Console/Command/Command->run(Object(Symfony/Component/Console/Input/ArrayInput), Object(Illuminate/Console/OutputStyle))
#33 C:/Users/DELL/Downloads/Ascend AI/vendor/laravel/framework/src/Illuminate/Console/Concerns/CallsCommands.php(68): Illuminate/Console/Command->run(Object(Symfony/Component/Console/Input/ArrayInput), Object(Illuminate/Console/OutputStyle))
#34 C:/Users/DELL/Downloads/Ascend AI/vendor/laravel/framework/src/Illuminate/Console/Concerns/CallsCommands.php(29): Illuminate/Console/Command->runCommand('migrate', Array, Object(Illuminate/Console/OutputStyle))
#35 C:/Users/DELL/Downloads/Ascend AI/vendor/laravel/framework/src/Illuminate/Database/Console/Migrations/FreshCommand.php(88): Illuminate/Console/Command->call('migrate', Array)
#36 C:/Users/DELL/Downloads/Ascend AI/vendor/laravel/framework/src/Illuminate/Container/BoundMethod.php(36): Illuminate/Database/Console/Migrations/FreshCommand->handle()
#37 C:/Users/DELL/Downloads/Ascend AI/vendor/laravel/framework/src/Illuminate/Container/Util.php(43): Illuminate/Container/BoundMethod::Illuminate/Container/{closure}()
#38 C:/Users/DELL/Downloads/Ascend AI/vendor/laravel/framework/src/Illuminate/Container/BoundMethod.php(96): Illuminate/Container/Util::unwrapIfClosure(Object(Closure))
#39 C:/Users/DELL/Downloads/Ascend AI/vendor/laravel/framework/src/Illuminate/Container/BoundMethod.php(35): Illuminate/Container/BoundMethod::callBoundMethod(Object(Illuminate/Foundation/Application), Array, Object(Closure))
#40 C:/Users/DELL/Downloads/Ascend AI/vendor/laravel/framework/src/Illuminate/Container/Container.php(799): Illuminate/Container/BoundMethod::call(Object(Illuminate/Foundation/Application), Array, Array, NULL)
#41 C:/Users/DELL/Downloads/Ascend AI/vendor/laravel/framework/src/Illuminate/Console/Command.php(280): Illuminate/Container/Container->call(Array)
#42 C:/Users/DELL/Downloads/Ascend AI/vendor/symfony/console/Command/Command.php(341): Illuminate/Console/Command->execute(Object(Symfony/Component/Console/Input/ArgvInput), Object(Illuminate/Console/OutputStyle))
#43 C:/Users/DELL/Downloads/Ascend AI/vendor/laravel/framework/src/Illuminate/Console/Command.php(249): Symfony/Component/Console/Command/Command->run(Object(Symfony/Component/Console/Input/ArgvInput), Object(Illuminate/Console/OutputStyle))
#44 C:/Users/DELL/Downloads/Ascend AI/vendor/symfony/console/Application.php(1117): Illuminate/Console/Command->run(Object(Symfony/Component/Console/Input/ArgvInput), Object(Symfony/Component/Console/Output/ConsoleOutput))
#45 C:/Users/DELL/Downloads/Ascend AI/vendor/symfony/console/Application.php(356): Symfony/Component/Console/Application->doRunCommand(Object(Illuminate/Database/Console/Migrations/FreshCommand), Object(Symfony/Component/Console/Input/ArgvInput), Object(Symfony/Component/Console/Output/ConsoleOutput))
#46 C:/Users/DELL/Downloads/Ascend AI/vendor/symfony/console/Application.php(195): Symfony/Component/Console/Application->doRun(Object(Symfony/Component/Console/Input/ArgvInput), Object(Symfony/Component/Console/Output/ConsoleOutput))
#47 C:/Users/DELL/Downloads/Ascend AI/vendor/laravel/framework/src/Illuminate/Foundation/Console/Kernel.php(198): Symfony/Component/Console/Application->run(Object(Symfony/Component/Console/Input/ArgvInput), Object(Symfony/Component/Console/Output/ConsoleOutput))
#48 C:/Users/DELL/Downloads/Ascend AI/vendor/laravel/framework/src/Illuminate/Foundation/Application.php(1235): Illuminate/Foundation/Console/Kernel->handle(Object(Symfony/Component/Console/Input/ArgvInput), Object(Symfony/Component/Console/Output/ConsoleOutput))
#49 C:/Users/DELL/Downloads/Ascend AI/artisan(16): Illuminate/Foundation/Application->handleCommand(Object(Symfony/Component/Console/Input/ArgvInput))
#50 {main}
"} 
[2026-08-04 19:33:25] testing.WARNING: AI Provider priority [0] failed: Primary rate limited. Attempting next fallback provider.  
[2026-08-04 19:33:25] testing.WARNING: AI Provider priority [0] failed: Primary failed. Attempting next fallback provider.  
[2026-08-04 19:33:25] testing.WARNING: AI Provider priority [1] failed: Secondary failed. Attempting next fallback provider.  
[2026-08-04 19:33:48] testing.WARNING: AI Provider priority [0] failed: Primary rate limited. Attempting next fallback provider.  
[2026-08-04 19:33:48] testing.WARNING: AI Provider priority [0] failed: Primary failed. Attempting next fallback provider.  
[2026-08-04 19:33:48] testing.WARNING: AI Provider priority [1] failed: Secondary failed. Attempting next fallback provider.  
[2026-08-04 19:36:51] testing.WARNING: AI Provider priority [0] failed: Primary rate limited. Attempting next fallback provider.  
[2026-08-04 19:36:51] testing.WARNING: AI Provider priority [0] failed: Primary failed. Attempting next fallback provider.  
[2026-08-04 19:36:51] testing.WARNING: AI Provider priority [1] failed: Secondary failed. Attempting next fallback provider.  
[2026-08-06 15:31:25] testing.WARNING: AI Provider priority [0] failed: Primary rate limited. Attempting next fallback provider.  
[2026-08-06 15:31:25] testing.WARNING: AI Provider priority [0] failed: Primary failed. Attempting next fallback provider.  
[2026-08-06 15:31:25] testing.WARNING: AI Provider priority [1] failed: Secondary failed. Attempting next fallback provider.  
[2026-08-07 10:52:48] testing.WARNING: AI Provider priority [0] failed: Primary rate limited. Attempting next fallback provider.  
[2026-08-07 10:52:49] testing.WARNING: AI Provider priority [0] failed: Primary failed. Attempting next fallback provider.  
[2026-08-07 10:52:49] testing.WARNING: AI Provider priority [1] failed: Secondary failed. Attempting next fallback provider.  
[2026-08-07 10:53:12] testing.WARNING: AI Provider priority [0] failed: Primary rate limited. Attempting next fallback provider.  
[2026-08-07 10:53:13] testing.WARNING: AI Provider priority [0] failed: Primary failed. Attempting next fallback provider.  
[2026-08-07 10:53:13] testing.WARNING: AI Provider priority [1] failed: Secondary failed. Attempting next fallback provider.  
[2026-08-07 11:19:45] testing.WARNING: AI Provider priority [0] failed: Primary rate limited. Attempting next fallback provider.  
[2026-08-07 11:19:45] testing.WARNING: AI Provider priority [0] failed: Primary failed. Attempting next fallback provider.  
[2026-08-07 11:19:45] testing.WARNING: AI Provider priority [1] failed: Secondary failed. Attempting next fallback provider.  
[2026-08-07 11:33:58] testing.WARNING: AI Provider priority [0] failed: Primary rate limited. Attempting next fallback provider.  
[2026-08-07 11:33:58] testing.WARNING: AI Provider priority [0] failed: Primary failed. Attempting next fallback provider.  
[2026-08-07 11:33:58] testing.WARNING: AI Provider priority [1] failed: Secondary failed. Attempting next fallback provider.  
[2026-08-07 11:37:47] testing.WARNING: AI Provider priority [0] failed: Primary rate limited. Attempting next fallback provider.  
[2026-08-07 11:37:47] testing.WARNING: AI Provider priority [0] failed: Primary failed. Attempting next fallback provider.  
[2026-08-07 11:37:47] testing.WARNING: AI Provider priority [1] failed: Secondary failed. Attempting next fallback provider.  
[2026-08-07 11:44:11] testing.WARNING: AI Provider priority [0] failed: Primary rate limited. Attempting next fallback provider.  
[2026-08-07 11:44:12] testing.WARNING: AI Provider priority [0] failed: Primary failed. Attempting next fallback provider.  
[2026-08-07 11:44:12] testing.WARNING: AI Provider priority [1] failed: Secondary failed. Attempting next fallback provider.  
[2026-08-07 11:47:11] testing.WARNING: AI Provider priority [0] failed: Primary rate limited. Attempting next fallback provider.  
[2026-08-07 11:47:11] testing.WARNING: AI Provider priority [0] failed: Primary failed. Attempting next fallback provider.  
[2026-08-07 11:47:11] testing.WARNING: AI Provider priority [1] failed: Secondary failed. Attempting next fallback provider.  
[2026-08-07 11:49:15] testing.WARNING: AI Provider priority [0] failed: Primary rate limited. Attempting next fallback provider.  
[2026-08-07 11:49:15] testing.WARNING: AI Provider priority [0] failed: Primary failed. Attempting next fallback provider.  
[2026-08-07 11:49:15] testing.WARNING: AI Provider priority [1] failed: Secondary failed. Attempting next fallback provider.  
[2026-08-07 11:50:40] testing.WARNING: AI Provider priority [0] failed: Primary rate limited. Attempting next fallback provider.  
[2026-08-07 11:50:40] testing.WARNING: AI Provider priority [0] failed: Primary failed. Attempting next fallback provider.  
[2026-08-07 11:50:40] testing.WARNING: AI Provider priority [1] failed: Secondary failed. Attempting next fallback provider.  
[2026-08-07 11:54:21] testing.WARNING: AI Provider priority [0] failed: Primary rate limited. Attempting next fallback provider.  
[2026-08-07 11:54:21] testing.WARNING: AI Provider priority [0] failed: Primary failed. Attempting next fallback provider.  
[2026-08-07 11:54:21] testing.WARNING: AI Provider priority [1] failed: Secondary failed. Attempting next fallback provider.  
[2026-08-07 11:59:43] testing.WARNING: AI Provider priority [0] failed: Primary rate limited. Attempting next fallback provider.  
[2026-08-07 11:59:43] testing.WARNING: AI Provider priority [0] failed: Primary failed. Attempting next fallback provider.  
[2026-08-07 11:59:43] testing.WARNING: AI Provider priority [1] failed: Secondary failed. Attempting next fallback provider.  
[2026-08-07 12:02:59] testing.WARNING: AI Provider priority [0] failed: Primary rate limited. Attempting next fallback provider.  
[2026-08-07 12:02:59] testing.WARNING: AI Provider priority [0] failed: Primary failed. Attempting next fallback provider.  
[2026-08-07 12:02:59] testing.WARNING: AI Provider priority [1] failed: Secondary failed. Attempting next fallback provider.  
[2026-08-07 12:15:50] testing.WARNING: AI Provider priority [0] failed: Primary rate limited. Attempting next fallback provider.  
[2026-08-07 12:15:50] testing.WARNING: AI Provider priority [0] failed: Primary failed. Attempting next fallback provider.  
[2026-08-07 12:15:50] testing.WARNING: AI Provider priority [1] failed: Secondary failed. Attempting next fallback provider.  
[2026-08-07 12:16:21] local.ERROR: SQLSTATE[HY000]: General error: 1 no such table: users (Connection: sqlite, Database: database/database.sqlite, SQL: select * from "users" where "id" = 1 limit 1) {"exception":"[object] (Illuminate\\Database\\QueryException(code: HY000): SQLSTATE[HY000]: General error: 1 no such table: users (Connection: sqlite, Database: database/database.sqlite, SQL: select * from \"users\" where \"id\" = 1 limit 1) at C:/Users/DELL/Downloads/Ascend AI/vendor/laravel/framework/src/Illuminate/Database/Connection.php:841)
[stacktrace]
#0 C:/Users/DELL/Downloads/Ascend AI/vendor/laravel/framework/src/Illuminate/Database/Connection.php(797): Illuminate/Database/Connection->runQueryCallback('select * from \"...', Array, Object(Closure))
#1 C:/Users/DELL/Downloads/Ascend AI/vendor/laravel/framework/src/Illuminate/Database/Connection.php(412): Illuminate/Database/Connection->run('select * from \"...', Array, Object(Closure))
#2 C:/Users/DELL/Downloads/Ascend AI/vendor/laravel/framework/src/Illuminate/Database/Query/Builder.php(3562): Illuminate/Database/Connection->select('select * from \"...', Array, true, Array)
#3 C:/Users/DELL/Downloads/Ascend AI/vendor/laravel/framework/src/Illuminate/Database/Query/Builder.php(3546): Illuminate/Database/Query/Builder->runSelect()
#4 C:/Users/DELL/Downloads/Ascend AI/vendor/laravel/framework/src/Illuminate/Database/Eloquent/Builder.php(907): Illuminate/Database/Query/Builder->get(Array)
#5 C:/Users/DELL/Downloads/Ascend AI/vendor/laravel/framework/src/Illuminate/Database/Eloquent/Builder.php(889): Illuminate/Database/Eloquent/Builder->getModels(Array)
#6 C:/Users/DELL/Downloads/Ascend AI/vendor/laravel/framework/src/Illuminate/Database/Concerns/BuildsQueries.php(367): Illuminate/Database/Eloquent/Builder->get(Array)
#7 C:/Users/DELL/Downloads/Ascend AI/vendor/laravel/framework/src/Illuminate/Auth/EloquentUserProvider.php(58): Illuminate/Database/Eloquent/Builder->first()
#8 C:/Users/DELL/Downloads/Ascend AI/vendor/laravel/framework/src/Illuminate/Auth/SessionGuard.php(189): Illuminate/Auth/EloquentUserProvider->retrieveById(1)
#9 C:/Users/DELL/Downloads/Ascend AI/vendor/laravel/framework/src/Illuminate/Auth/GuardHelpers.php(56): Illuminate/Auth/SessionGuard->user()
#10 C:/Users/DELL/Downloads/Ascend AI/vendor/laravel/framework/src/Illuminate/Auth/Middleware/Authenticate.php(82): Illuminate/Auth/SessionGuard->check()
#11 C:/Users/DELL/Downloads/Ascend AI/vendor/laravel/framework/src/Illuminate/Auth/Middleware/Authenticate.php(61): Illuminate/Auth/Middleware/Authenticate->authenticate(Object(Illuminate/Http/Request), Array)
#12 C:/Users/DELL/Downloads/Ascend AI/vendor/laravel/framework/src/Illuminate/Pipeline/Pipeline.php(219): Illuminate/Auth/Middleware/Authenticate->handle(Object(Illuminate/Http/Request), Object(Closure))
#13 C:/Users/DELL/Downloads/Ascend AI/vendor/laravel/framework/src/Illuminate/Foundation/Http/Middleware/PreventRequestForgery.php(104): Illuminate/Pipeline/Pipeline->Illuminate/Pipeline/{closure}(Object(Illuminate/Http/Request))
#14 C:/Users/DELL/Downloads/Ascend AI/vendor/laravel/framework/src/Illuminate/Pipeline/Pipeline.php(219): Illuminate/Foundation/Http/Middleware/PreventRequestForgery->handle(Object(Illuminate/Http/Request), Object(Closure))
#15 C:/Users/DELL/Downloads/Ascend AI/vendor/laravel/framework/src/Illuminate/View/Middleware/ShareErrorsFromSession.php(48): Illuminate/Pipeline/Pipeline->Illuminate/Pipeline/{closure}(Object(Illuminate/Http/Request))
#16 C:/Users/DELL/Downloads/Ascend AI/vendor/laravel/framework/src/Illuminate/Pipeline/Pipeline.php(219): Illuminate/View/Middleware/ShareErrorsFromSession->handle(Object(Illuminate/Http/Request), Object(Closure))
#17 C:/Users/DELL/Downloads/Ascend AI/vendor/laravel/framework/src/Illuminate/Session/Middleware/StartSession.php(120): Illuminate/Pipeline/Pipeline->Illuminate/Pipeline/{closure}(Object(Illuminate/Http/Request))
#18 C:/Users/DELL/Downloads/Ascend AI/vendor/laravel/framework/src/Illuminate/Session/Middleware/StartSession.php(63): Illuminate/Session/Middleware/StartSession->handleStatefulRequest(Object(Illuminate/Http/Request), Object(Illuminate/Session/Store), Object(Closure))
#19 C:/Users/DELL/Downloads/Ascend AI/vendor/laravel/framework/src/Illuminate/Pipeline/Pipeline.php(219): Illuminate/Session/Middleware/StartSession->handle(Object(Illuminate/Http/Request), Object(Closure))
#20 C:/Users/DELL/Downloads/Ascend AI/vendor/laravel/framework/src/Illuminate/Cookie/Middleware/AddQueuedCookiesToResponse.php(36): Illuminate/Pipeline/Pipeline->Illuminate/Pipeline/{closure}(Object(Illuminate/Http/Request))
#21 C:/Users/DELL/Downloads/Ascend AI/vendor/laravel/framework/src/Illuminate/Pipeline/Pipeline.php(219): Illuminate/Cookie/Middleware/AddQueuedCookiesToResponse->handle(Object(Illuminate/Http/Request), Object(Closure))
#22 C:/Users/DELL/Downloads/Ascend AI/vendor/laravel/framework/src/Illuminate/Cookie/Middleware/EncryptCookies.php(74): Illuminate/Pipeline/Pipeline->Illuminate/Pipeline/{closure}(Object(Illuminate/Http/Request))
#23 C:/Users/DELL/Downloads/Ascend AI/vendor/laravel/framework/src/Illuminate/Pipeline/Pipeline.php(219): Illuminate/Cookie/Middleware/EncryptCookies->handle(Object(Illuminate/Http/Request), Object(Closure))
#24 C:/Users/DELL/Downloads/Ascend AI/app/Installer/Http/Middleware/PrepareInstallation.php(29): Illuminate/Pipeline/Pipeline->Illuminate/Pipeline/{closure}(Object(Illuminate/Http/Request))
#25 C:/Users/DELL/Downloads/Ascend AI/vendor/laravel/framework/src/Illuminate/Pipeline/Pipeline.php(219): App/Installer/Http/Middleware/PrepareInstallation->handle(Object(Illuminate/Http/Request), Object(Closure))
#26 C:/Users/DELL/Downloads/Ascend AI/vendor/laravel/framework/src/Illuminate/Pipeline/Pipeline.php(137): Illuminate/Pipeline/Pipeline->Illuminate/Pipeline/{closure}(Object(Illuminate/Http/Request))
#27 C:/Users/DELL/Downloads/Ascend AI/vendor/laravel/framework/src/Illuminate/Routing/Router.php(821): Illuminate/Pipeline/Pipeline->then(Object(Closure))
#28 C:/Users/DELL/Downloads/Ascend AI/vendor/laravel/framework/src/Illuminate/Routing/Router.php(800): Illuminate/Routing/Router->runRouteWithinStack(Object(Illuminate/Routing/Route), Object(Illuminate/Http/Request))
#29 C:/Users/DELL/Downloads/Ascend AI/vendor/laravel/framework/src/Illuminate/Routing/Router.php(764): Illuminate/Routing/Router->runRoute(Object(Illuminate/Http/Request), Object(Illuminate/Routing/Route))
#30 C:/Users/DELL/Downloads/Ascend AI/vendor/laravel/framework/src/Illuminate/Routing/Router.php(753): Illuminate/Routing/Router->dispatchToRoute(Object(Illuminate/Http/Request))
#31 C:/Users/DELL/Downloads/Ascend AI/vendor/laravel/framework/src/Illuminate/Foundation/Http/Kernel.php(200): Illuminate/Routing/Router->dispatch(Object(Illuminate/Http/Request))
#32 C:/Users/DELL/Downloads/Ascend AI/vendor/laravel/framework/src/Illuminate/Pipeline/Pipeline.php(180): Illuminate/Foundation/Http/Kernel->Illuminate/Foundation/Http/{closure}(Object(Illuminate/Http/Request))
#33 C:/Users/DELL/Downloads/Ascend AI/vendor/livewire/livewire/src/Features/SupportDisablingBackButtonCache/DisableBackButtonCacheMiddleware.php(19): Illuminate/Pipeline/Pipeline->Illuminate/Pipeline/{closure}(Object(Illuminate/Http/Request))
#34 C:/Users/DELL/Downloads/Ascend AI/vendor/laravel/framework/src/Illuminate/Pipeline/Pipeline.php(219): Livewire/Features/SupportDisablingBackButtonCache/DisableBackButtonCacheMiddleware->handle(Object(Illuminate/Http/Request), Object(Closure))
#35 C:/Users/DELL/Downloads/Ascend AI/vendor/laravel/framework/src/Illuminate/Foundation/Http/Middleware/TransformsRequest.php(21): Illuminate/Pipeline/Pipeline->Illuminate/Pipeline/{closure}(Object(Illuminate/Http/Request))
#36 C:/Users/DELL/Downloads/Ascend AI/vendor/laravel/framework/src/Illuminate/Foundation/Http/Middleware/ConvertEmptyStringsToNull.php(31): Illuminate/Foundation/Http/Middleware/TransformsRequest->handle(Object(Illuminate/Http/Request), Object(Closure))
#37 C:/Users/DELL/Downloads/Ascend AI/vendor/laravel/framework/src/Illuminate/Pipeline/Pipeline.php(219): Illuminate/Foundation/Http/Middleware/ConvertEmptyStringsToNull->handle(Object(Illuminate/Http/Request), Object(Closure))
#38 C:/Users/DELL/Downloads/Ascend AI/vendor/laravel/framework/src/Illuminate/Foundation/Http/Middleware/TransformsRequest.php(21): Illuminate/Pipeline/Pipeline->Illuminate/Pipeline/{closure}(Object(Illuminate/Http/Request))
#39 C:/Users/DELL/Downloads/Ascend AI/vendor/laravel/framework/src/Illuminate/Foundation/Http/Middleware/TrimStrings.php(51): Illuminate/Foundation/Http/Middleware/TransformsRequest->handle(Object(Illuminate/Http/Request), Object(Closure))
#40 C:/Users/DELL/Downloads/Ascend AI/vendor/laravel/framework/src/Illuminate/Pipeline/Pipeline.php(219): Illuminate/Foundation/Http/Middleware/TrimStrings->handle(Object(Illuminate/Http/Request), Object(Closure))
#41 C:/Users/DELL/Downloads/Ascend AI/vendor/laravel/framework/src/Illuminate/Http/Middleware/ValidatePostSize.php(27): Illuminate/Pipeline/Pipeline->Illuminate/Pipeline/{closure}(Object(Illuminate/Http/Request))
#42 C:/Users/DELL/Downloads/Ascend AI/vendor/laravel/framework/src/Illuminate/Pipeline/Pipeline.php(219): Illuminate/Http/Middleware/ValidatePostSize->handle(Object(Illuminate/Http/Request), Object(Closure))
#43 C:/Users/DELL/Downloads/Ascend AI/vendor/laravel/framework/src/Illuminate/Foundation/Http/Middleware/PreventRequestsDuringMaintenance.php(109): Illuminate/Pipeline/Pipeline->Illuminate/Pipeline/{closure}(Object(Illuminate/Http/Request))
#44 C:/Users/DELL/Downloads/Ascend AI/vendor/laravel/framework/src/Illuminate/Pipeline/Pipeline.php(219): Illuminate/Foundation/Http/Middleware/PreventRequestsDuringMaintenance->handle(Object(Illuminate/Http/Request), Object(Closure))
#45 C:/Users/DELL/Downloads/Ascend AI/vendor/laravel/framework/src/Illuminate/Http/Middleware/HandleCors.php(61): Illuminate/Pipeline/Pipeline->Illuminate/Pipeline/{closure}(Object(Illuminate/Http/Request))
#46 C:/Users/DELL/Downloads/Ascend AI/vendor/laravel/framework/src/Illuminate/Pipeline/Pipeline.php(219): Illuminate/Http/Middleware/HandleCors->handle(Object(Illuminate/Http/Request), Object(Closure))
#47 C:/Users/DELL/Downloads/Ascend AI/vendor/laravel/framework/src/Illuminate/Http/Middleware/TrustProxies.php(58): Illuminate/Pipeline/Pipeline->Illuminate/Pipeline/{closure}(Object(Illuminate/Http/Request))
#48 C:/Users/DELL/Downloads/Ascend AI/vendor/laravel/framework/src/Illuminate/Pipeline/Pipeline.php(219): Illuminate/Http/Middleware/TrustProxies->handle(Object(Illuminate/Http/Request), Object(Closure))
#49 C:/Users/DELL/Downloads/Ascend AI/vendor/laravel/framework/src/Illuminate/Foundation/Http/Middleware/InvokeDeferredCallbacks.php(22): Illuminate/Pipeline/Pipeline->Illuminate/Pipeline/{closure}(Object(Illuminate/Http/Request))
#50 C:/Users/DELL/Downloads/Ascend AI/vendor/laravel/framework/src/Illuminate/Pipeline/Pipeline.php(219): Illuminate/Foundation/Http/Middleware/InvokeDeferredCallbacks->handle(Object(Illuminate/Http/Request), Object(Closure))
#51 C:/Users/DELL/Downloads/Ascend AI/vendor/laravel/framework/src/Illuminate/Http/Middleware/ValidatePathEncoding.php(28): Illuminate/Pipeline/Pipeline->Illuminate/Pipeline/{closure}(Object(Illuminate/Http/Request))
#52 C:/Users/DELL/Downloads/Ascend AI/vendor/laravel/framework/src/Illuminate/Pipeline/Pipeline.php(219): Illuminate/Http/Middleware/ValidatePathEncoding->handle(Object(Illuminate/Http/Request), Object(Closure))
#53 C:/Users/DELL/Downloads/Ascend AI/vendor/laravel/framework/src/Illuminate/Pipeline/Pipeline.php(137): Illuminate/Pipeline/Pipeline->Illuminate/Pipeline/{closure}(Object(Illuminate/Http/Request))
#54 C:/Users/DELL/Downloads/Ascend AI/vendor/laravel/framework/src/Illuminate/Foundation/Http/Kernel.php(175): Illuminate/Pipeline/Pipeline->then(Object(Closure))
#55 C:/Users/DELL/Downloads/Ascend AI/vendor/laravel/framework/src/Illuminate/Foundation/Http/Kernel.php(144): Illuminate/Foundation/Http/Kernel->sendRequestThroughRouter(Object(Illuminate/Http/Request))
#56 C:/Users/DELL/Downloads/Ascend AI/vendor/laravel/framework/src/Illuminate/Foundation/Application.php(1220): Illuminate/Foundation/Http/Kernel->handle(Object(Illuminate/Http/Request))
#57 C:/Users/DELL/Downloads/Ascend AI/public/index.php(20): Illuminate/Foundation/Application->handleRequest(Object(Illuminate/Http/Request))
#58 C:/Users/DELL/Downloads/Ascend AI/vendor/laravel/framework/src/Illuminate/Foundation/resources/server.php(23): require_once('C://Users//DELL//D...')
#59 {main}

[previous exception] [object] (PDOException(code: HY000): SQLSTATE[HY000]: General error: 1 no such table: users at C:/Users/DELL/Downloads/Ascend AI/vendor/laravel/framework/src/Illuminate/Database/Connection.php:421)
[stacktrace]
#0 C:/Users/DELL/Downloads/Ascend AI/vendor/laravel/framework/src/Illuminate/Database/Connection.php(421): PDO->prepare('select * from \"...')
#1 C:/Users/DELL/Downloads/Ascend AI/vendor/laravel/framework/src/Illuminate/Database/Connection.php(830): Illuminate/Database/Connection->Illuminate/Database/{closure}('select * from \"...', Array)
#2 C:/Users/DELL/Downloads/Ascend AI/vendor/laravel/framework/src/Illuminate/Database/Connection.php(797): Illuminate/Database/Connection->runQueryCallback('select * from \"...', Array, Object(Closure))
#3 C:/Users/DELL/Downloads/Ascend AI/vendor/laravel/framework/src/Illuminate/Database/Connection.php(412): Illuminate/Database/Connection->run('select * from \"...', Array, Object(Closure))
#4 C:/Users/DELL/Downloads/Ascend AI/vendor/laravel/framework/src/Illuminate/Database/Query/Builder.php(3562): Illuminate/Database/Connection->select('select * from \"...', Array, true, Array)
#5 C:/Users/DELL/Downloads/Ascend AI/vendor/laravel/framework/src/Illuminate/Database/Query/Builder.php(3546): Illuminate/Database/Query/Builder->runSelect()
#6 C:/Users/DELL/Downloads/Ascend AI/vendor/laravel/framework/src/Illuminate/Database/Eloquent/Builder.php(907): Illuminate/Database/Query/Builder->get(Array)
#7 C:/Users/DELL/Downloads/Ascend AI/vendor/laravel/framework/src/Illuminate/Database/Eloquent/Builder.php(889): Illuminate/Database/Eloquent/Builder->getModels(Array)
#8 C:/Users/DELL/Downloads/Ascend AI/vendor/laravel/framework/src/Illuminate/Database/Concerns/BuildsQueries.php(367): Illuminate/Database/Eloquent/Builder->get(Array)
#9 C:/Users/DELL/Downloads/Ascend AI/vendor/laravel/framework/src/Illuminate/Auth/EloquentUserProvider.php(58): Illuminate/Database/Eloquent/Builder->first()
#10 C:/Users/DELL/Downloads/Ascend AI/vendor/laravel/framework/src/Illuminate/Auth/SessionGuard.php(189): Illuminate/Auth/EloquentUserProvider->retrieveById(1)
#11 C:/Users/DELL/Downloads/Ascend AI/vendor/laravel/framework/src/Illuminate/Auth/GuardHelpers.php(56): Illuminate/Auth/SessionGuard->user()
#12 C:/Users/DELL/Downloads/Ascend AI/vendor/laravel/framework/src/Illuminate/Auth/Middleware/Authenticate.php(82): Illuminate/Auth/SessionGuard->check()
#13 C:/Users/DELL/Downloads/Ascend AI/vendor/laravel/framework/src/Illuminate/Auth/Middleware/Authenticate.php(61): Illuminate/Auth/Middleware/Authenticate->authenticate(Object(Illuminate/Http/Request), Array)
#14 C:/Users/DELL/Downloads/Ascend AI/vendor/laravel/framework/src/Illuminate/Pipeline/Pipeline.php(219): Illuminate/Auth/Middleware/Authenticate->handle(Object(Illuminate/Http/Request), Object(Closure))
#15 C:/Users/DELL/Downloads/Ascend AI/vendor/laravel/framework/src/Illuminate/Foundation/Http/Middleware/PreventRequestForgery.php(104): Illuminate/Pipeline/Pipeline->Illuminate/Pipeline/{closure}(Object(Illuminate/Http/Request))
#16 C:/Users/DELL/Downloads/Ascend AI/vendor/laravel/framework/src/Illuminate/Pipeline/Pipeline.php(219): Illuminate/Foundation/Http/Middleware/PreventRequestForgery->handle(Object(Illuminate/Http/Request), Object(Closure))
#17 C:/Users/DELL/Downloads/Ascend AI/vendor/laravel/framework/src/Illuminate/View/Middleware/ShareErrorsFromSession.php(48): Illuminate/Pipeline/Pipeline->Illuminate/Pipeline/{closure}(Object(Illuminate/Http/Request))
#18 C:/Users/DELL/Downloads/Ascend AI/vendor/laravel/framework/src/Illuminate/Pipeline/Pipeline.php(219): Illuminate/View/Middleware/ShareErrorsFromSession->handle(Object(Illuminate/Http/Request), Object(Closure))
#19 C:/Users/DELL/Downloads/Ascend AI/vendor/laravel/framework/src/Illuminate/Session/Middleware/StartSession.php(120): Illuminate/Pipeline/Pipeline->Illuminate/Pipeline/{closure}(Object(Illuminate/Http/Request))
#20 C:/Users/DELL/Downloads/Ascend AI/vendor/laravel/framework/src/Illuminate/Session/Middleware/StartSession.php(63): Illuminate/Session/Middleware/StartSession->handleStatefulRequest(Object(Illuminate/Http/Request), Object(Illuminate/Session/Store), Object(Closure))
#21 C:/Users/DELL/Downloads/Ascend AI/vendor/laravel/framework/src/Illuminate/Pipeline/Pipeline.php(219): Illuminate/Session/Middleware/StartSession->handle(Object(Illuminate/Http/Request), Object(Closure))
#22 C:/Users/DELL/Downloads/Ascend AI/vendor/laravel/framework/src/Illuminate/Cookie/Middleware/AddQueuedCookiesToResponse.php(36): Illuminate/Pipeline/Pipeline->Illuminate/Pipeline/{closure}(Object(Illuminate/Http/Request))
#23 C:/Users/DELL/Downloads/Ascend AI/vendor/laravel/framework/src/Illuminate/Pipeline/Pipeline.php(219): Illuminate/Cookie/Middleware/AddQueuedCookiesToResponse->handle(Object(Illuminate/Http/Request), Object(Closure))
#24 C:/Users/DELL/Downloads/Ascend AI/vendor/laravel/framework/src/Illuminate/Cookie/Middleware/EncryptCookies.php(74): Illuminate/Pipeline/Pipeline->Illuminate/Pipeline/{closure}(Object(Illuminate/Http/Request))
#25 C:/Users/DELL/Downloads/Ascend AI/vendor/laravel/framework/src/Illuminate/Pipeline/Pipeline.php(219): Illuminate/Cookie/Middleware/EncryptCookies->handle(Object(Illuminate/Http/Request), Object(Closure))
#26 C:/Users/DELL/Downloads/Ascend AI/app/Installer/Http/Middleware/PrepareInstallation.php(29): Illuminate/Pipeline/Pipeline->Illuminate/Pipeline/{closure}(Object(Illuminate/Http/Request))
#27 C:/Users/DELL/Downloads/Ascend AI/vendor/laravel/framework/src/Illuminate/Pipeline/Pipeline.php(219): App/Installer/Http/Middleware/PrepareInstallation->handle(Object(Illuminate/Http/Request), Object(Closure))
#28 C:/Users/DELL/Downloads/Ascend AI/vendor/laravel/framework/src/Illuminate/Pipeline/Pipeline.php(137): Illuminate/Pipeline/Pipeline->Illuminate/Pipeline/{closure}(Object(Illuminate/Http/Request))
#29 C:/Users/DELL/Downloads/Ascend AI/vendor/laravel/framework/src/Illuminate/Routing/Router.php(821): Illuminate/Pipeline/Pipeline->then(Object(Closure))
#30 C:/Users/DELL/Downloads/Ascend AI/vendor/laravel/framework/src/Illuminate/Routing/Router.php(800): Illuminate/Routing/Router->runRouteWithinStack(Object(Illuminate/Routing/Route), Object(Illuminate/Http/Request))
#31 C:/Users/DELL/Downloads/Ascend AI/vendor/laravel/framework/src/Illuminate/Routing/Router.php(764): Illuminate/Routing/Router->runRoute(Object(Illuminate/Http/Request), Object(Illuminate/Routing/Route))
#32 C:/Users/DELL/Downloads/Ascend AI/vendor/laravel/framework/src/Illuminate/Routing/Router.php(753): Illuminate/Routing/Router->dispatchToRoute(Object(Illuminate/Http/Request))
#33 C:/Users/DELL/Downloads/Ascend AI/vendor/laravel/framework/src/Illuminate/Foundation/Http/Kernel.php(200): Illuminate/Routing/Router->dispatch(Object(Illuminate/Http/Request))
#34 C:/Users/DELL/Downloads/Ascend AI/vendor/laravel/framework/src/Illuminate/Pipeline/Pipeline.php(180): Illuminate/Foundation/Http/Kernel->Illuminate/Foundation/Http/{closure}(Object(Illuminate/Http/Request))
#35 C:/Users/DELL/Downloads/Ascend AI/vendor/livewire/livewire/src/Features/SupportDisablingBackButtonCache/DisableBackButtonCacheMiddleware.php(19): Illuminate/Pipeline/Pipeline->Illuminate/Pipeline/{closure}(Object(Illuminate/Http/Request))
#36 C:/Users/DELL/Downloads/Ascend AI/vendor/laravel/framework/src/Illuminate/Pipeline/Pipeline.php(219): Livewire/Features/SupportDisablingBackButtonCache/DisableBackButtonCacheMiddleware->handle(Object(Illuminate/Http/Request), Object(Closure))
#37 C:/Users/DELL/Downloads/Ascend AI/vendor/laravel/framework/src/Illuminate/Foundation/Http/Middleware/TransformsRequest.php(21): Illuminate/Pipeline/Pipeline->Illuminate/Pipeline/{closure}(Object(Illuminate/Http/Request))
#38 C:/Users/DELL/Downloads/Ascend AI/vendor/laravel/framework/src/Illuminate/Foundation/Http/Middleware/ConvertEmptyStringsToNull.php(31): Illuminate/Foundation/Http/Middleware/TransformsRequest->handle(Object(Illuminate/Http/Request), Object(Closure))
#39 C:/Users/DELL/Downloads/Ascend AI/vendor/laravel/framework/src/Illuminate/Pipeline/Pipeline.php(219): Illuminate/Foundation/Http/Middleware/ConvertEmptyStringsToNull->handle(Object(Illuminate/Http/Request), Object(Closure))
#40 C:/Users/DELL/Downloads/Ascend AI/vendor/laravel/framework/src/Illuminate/Foundation/Http/Middleware/TransformsRequest.php(21): Illuminate/Pipeline/Pipeline->Illuminate/Pipeline/{closure}(Object(Illuminate/Http/Request))
#41 C:/Users/DELL/Downloads/Ascend AI/vendor/laravel/framework/src/Illuminate/Foundation/Http/Middleware/TrimStrings.php(51): Illuminate/Foundation/Http/Middleware/TransformsRequest->handle(Object(Illuminate/Http/Request), Object(Closure))
#42 C:/Users/DELL/Downloads/Ascend AI/vendor/laravel/framework/src/Illuminate/Pipeline/Pipeline.php(219): Illuminate/Foundation/Http/Middleware/TrimStrings->handle(Object(Illuminate/Http/Request), Object(Closure))
#43 C:/Users/DELL/Downloads/Ascend AI/vendor/laravel/framework/src/Illuminate/Http/Middleware/ValidatePostSize.php(27): Illuminate/Pipeline/Pipeline->Illuminate/Pipeline/{closure}(Object(Illuminate/Http/Request))
#44 C:/Users/DELL/Downloads/Ascend AI/vendor/laravel/framework/src/Illuminate/Pipeline/Pipeline.php(219): Illuminate/Http/Middleware/ValidatePostSize->handle(Object(Illuminate/Http/Request), Object(Closure))
#45 C:/Users/DELL/Downloads/Ascend AI/vendor/laravel/framework/src/Illuminate/Foundation/Http/Middleware/PreventRequestsDuringMaintenance.php(109): Illuminate/Pipeline/Pipeline->Illuminate/Pipeline/{closure}(Object(Illuminate/Http/Request))
#46 C:/Users/DELL/Downloads/Ascend AI/vendor/laravel/framework/src/Illuminate/Pipeline/Pipeline.php(219): Illuminate/Foundation/Http/Middleware/PreventRequestsDuringMaintenance->handle(Object(Illuminate/Http/Request), Object(Closure))
#47 C:/Users/DELL/Downloads/Ascend AI/vendor/laravel/framework/src/Illuminate/Http/Middleware/HandleCors.php(61): Illuminate/Pipeline/Pipeline->Illuminate/Pipeline/{closure}(Object(Illuminate/Http/Request))
#48 C:/Users/DELL/Downloads/Ascend AI/vendor/laravel/framework/src/Illuminate/Pipeline/Pipeline.php(219): Illuminate/Http/Middleware/HandleCors->handle(Object(Illuminate/Http/Request), Object(Closure))
#49 C:/Users/DELL/Downloads/Ascend AI/vendor/laravel/framework/src/Illuminate/Http/Middleware/TrustProxies.php(58): Illuminate/Pipeline/Pipeline->Illuminate/Pipeline/{closure}(Object(Illuminate/Http/Request))
#50 C:/Users/DELL/Downloads/Ascend AI/vendor/laravel/framework/src/Illuminate/Pipeline/Pipeline.php(219): Illuminate/Http/Middleware/TrustProxies->handle(Object(Illuminate/Http/Request), Object(Closure))
#51 C:/Users/DELL/Downloads/Ascend AI/vendor/laravel/framework/src/Illuminate/Foundation/Http/Middleware/InvokeDeferredCallbacks.php(22): Illuminate/Pipeline/Pipeline->Illuminate/Pipeline/{closure}(Object(Illuminate/Http/Request))
#52 C:/Users/DELL/Downloads/Ascend AI/vendor/laravel/framework/src/Illuminate/Pipeline/Pipeline.php(219): Illuminate/Foundation/Http/Middleware/InvokeDeferredCallbacks->handle(Object(Illuminate/Http/Request), Object(Closure))
#53 C:/Users/DELL/Downloads/Ascend AI/vendor/laravel/framework/src/Illuminate/Http/Middleware/ValidatePathEncoding.php(28): Illuminate/Pipeline/Pipeline->Illuminate/Pipeline/{closure}(Object(Illuminate/Http/Request))
#54 C:/Users/DELL/Downloads/Ascend AI/vendor/laravel/framework/src/Illuminate/Pipeline/Pipeline.php(219): Illuminate/Http/Middleware/ValidatePathEncoding->handle(Object(Illuminate/Http/Request), Object(Closure))
#55 C:/Users/DELL/Downloads/Ascend AI/vendor/laravel/framework/src/Illuminate/Pipeline/Pipeline.php(137): Illuminate/Pipeline/Pipeline->Illuminate/Pipeline/{closure}(Object(Illuminate/Http/Request))
#56 C:/Users/DELL/Downloads/Ascend AI/vendor/laravel/framework/src/Illuminate/Foundation/Http/Kernel.php(175): Illuminate/Pipeline/Pipeline->then(Object(Closure))
#57 C:/Users/DELL/Downloads/Ascend AI/vendor/laravel/framework/src/Illuminate/Foundation/Http/Kernel.php(144): Illuminate/Foundation/Http/Kernel->sendRequestThroughRouter(Object(Illuminate/Http/Request))
#58 C:/Users/DELL/Downloads/Ascend AI/vendor/laravel/framework/src/Illuminate/Foundation/Application.php(1220): Illuminate/Foundation/Http/Kernel->handle(Object(Illuminate/Http/Request))
#59 C:/Users/DELL/Downloads/Ascend AI/public/index.php(20): Illuminate/Foundation/Application->handleRequest(Object(Illuminate/Http/Request))
#60 C:/Users/DELL/Downloads/Ascend AI/vendor/laravel/framework/src/Illuminate/Foundation/resources/server.php(23): require_once('C://Users//DELL//D...')
#61 {main}
"} 
[2026-08-07 12:17:41] testing.WARNING: AI Provider priority [0] failed: Primary rate limited. Attempting next fallback provider.  
[2026-08-07 12:17:42] testing.WARNING: AI Provider priority [0] failed: Primary failed. Attempting next fallback provider.  
[2026-08-07 12:17:42] testing.WARNING: AI Provider priority [1] failed: Secondary failed. Attempting next fallback provider.  
[2026-08-07 12:30:00] testing.WARNING: AI Provider priority [0] failed: Primary rate limited. Attempting next fallback provider.  
[2026-08-07 12:30:00] testing.WARNING: AI Provider priority [0] failed: Primary failed. Attempting next fallback provider.  
[2026-08-07 12:30:00] testing.WARNING: AI Provider priority [1] failed: Secondary failed. Attempting next fallback provider.  
[2026-08-09 13:27:48] local.ERROR: SQLSTATE[HY000]: General error: 1 no such table: users (Connection: sqlite, Database: database/database.sqlite, SQL: select * from "users" where "id" = 1 limit 1) {"exception":"[object] (Illuminate\\Database\\QueryException(code: HY000): SQLSTATE[HY000]: General error: 1 no such table: users (Connection: sqlite, Database: database/database.sqlite, SQL: select * from \"users\" where \"id\" = 1 limit 1) at C:/Users/DELL/Downloads/Ascend AI/vendor/laravel/framework/src/Illuminate/Database/Connection.php:841)
[stacktrace]
#0 C:/Users/DELL/Downloads/Ascend AI/vendor/laravel/framework/src/Illuminate/Database/Connection.php(797): Illuminate/Database/Connection->runQueryCallback('select * from \"...', Array, Object(Closure))
#1 C:/Users/DELL/Downloads/Ascend AI/vendor/laravel/framework/src/Illuminate/Database/Connection.php(412): Illuminate/Database/Connection->run('select * from \"...', Array, Object(Closure))
#2 C:/Users/DELL/Downloads/Ascend AI/vendor/laravel/framework/src/Illuminate/Database/Query/Builder.php(3562): Illuminate/Database/Connection->select('select * from \"...', Array, true, Array)
#3 C:/Users/DELL/Downloads/Ascend AI/vendor/laravel/framework/src/Illuminate/Database/Query/Builder.php(3546): Illuminate/Database/Query/Builder->runSelect()
#4 C:/Users/DELL/Downloads/Ascend AI/vendor/laravel/framework/src/Illuminate/Database/Eloquent/Builder.php(907): Illuminate/Database/Query/Builder->get(Array)
#5 C:/Users/DELL/Downloads/Ascend AI/vendor/laravel/framework/src/Illuminate/Database/Eloquent/Builder.php(889): Illuminate/Database/Eloquent/Builder->getModels(Array)
#6 C:/Users/DELL/Downloads/Ascend AI/vendor/laravel/framework/src/Illuminate/Database/Concerns/BuildsQueries.php(367): Illuminate/Database/Eloquent/Builder->get(Array)
#7 C:/Users/DELL/Downloads/Ascend AI/vendor/laravel/framework/src/Illuminate/Auth/EloquentUserProvider.php(58): Illuminate/Database/Eloquent/Builder->first()
#8 C:/Users/DELL/Downloads/Ascend AI/vendor/laravel/framework/src/Illuminate/Auth/SessionGuard.php(189): Illuminate/Auth/EloquentUserProvider->retrieveById(1)
#9 C:/Users/DELL/Downloads/Ascend AI/vendor/laravel/framework/src/Illuminate/Auth/AuthManager.php(56): Illuminate/Auth/SessionGuard->user()
#10 [internal function]: Illuminate/Auth/AuthManager->Illuminate/Auth/{closure}(NULL)
#11 C:/Users/DELL/Downloads/Ascend AI/vendor/laravel/framework/src/Illuminate/Auth/AuthServiceProvider.php(89): call_user_func(Object(Closure), NULL)
#12 [internal function]: Illuminate/Auth/AuthServiceProvider->Illuminate/Auth/{closure}(NULL)
#13 C:/Users/DELL/Downloads/Ascend AI/vendor/laravel/framework/src/Illuminate/Http/Request.php(670): call_user_func(Object(Closure), NULL)
#14 C:/Users/DELL/Downloads/Ascend AI/modules/AdminLanguages/Support/LocaleManager.php(29): Illuminate/Http/Request->user()
#15 C:/Users/DELL/Downloads/Ascend AI/modules/AdminLanguages/Http/Middleware/SetLocale.php(18): Modules/AdminLanguages/Support/LocaleManager->resolve(Object(Illuminate/Http/Request))
#16 C:/Users/DELL/Downloads/Ascend AI/vendor/laravel/framework/src/Illuminate/Pipeline/Pipeline.php(219): Modules/AdminLanguages/Http/Middleware/SetLocale->handle(Object(Illuminate/Http/Request), Object(Closure))
#17 C:/Users/DELL/Downloads/Ascend AI/vendor/laravel/framework/src/Illuminate/Routing/Middleware/SubstituteBindings.php(52): Illuminate/Pipeline/Pipeline->Illuminate/Pipeline/{closure}(Object(Illuminate/Http/Request))
#18 C:/Users/DELL/Downloads/Ascend AI/vendor/laravel/framework/src/Illuminate/Pipeline/Pipeline.php(219): Illuminate/Routing/Middleware/SubstituteBindings->handle(Object(Illuminate/Http/Request), Object(Closure))
#19 C:/Users/DELL/Downloads/Ascend AI/vendor/laravel/framework/src/Illuminate/Foundation/Http/Middleware/PreventRequestForgery.php(104): Illuminate/Pipeline/Pipeline->Illuminate/Pipeline/{closure}(Object(Illuminate/Http/Request))
#20 C:/Users/DELL/Downloads/Ascend AI/vendor/laravel/framework/src/Illuminate/Pipeline/Pipeline.php(219): Illuminate/Foundation/Http/Middleware/PreventRequestForgery->handle(Object(Illuminate/Http/Request), Object(Closure))
#21 C:/Users/DELL/Downloads/Ascend AI/vendor/laravel/framework/src/Illuminate/View/Middleware/ShareErrorsFromSession.php(48): Illuminate/Pipeline/Pipeline->Illuminate/Pipeline/{closure}(Object(Illuminate/Http/Request))
#22 C:/Users/DELL/Downloads/Ascend AI/vendor/laravel/framework/src/Illuminate/Pipeline/Pipeline.php(219): Illuminate/View/Middleware/ShareErrorsFromSession->handle(Object(Illuminate/Http/Request), Object(Closure))
#23 C:/Users/DELL/Downloads/Ascend AI/vendor/laravel/framework/src/Illuminate/Session/Middleware/StartSession.php(120): Illuminate/Pipeline/Pipeline->Illuminate/Pipeline/{closure}(Object(Illuminate/Http/Request))
#24 C:/Users/DELL/Downloads/Ascend AI/vendor/laravel/framework/src/Illuminate/Session/Middleware/StartSession.php(63): Illuminate/Session/Middleware/StartSession->handleStatefulRequest(Object(Illuminate/Http/Request), Object(Illuminate/Session/Store), Object(Closure))
#25 C:/Users/DELL/Downloads/Ascend AI/vendor/laravel/framework/src/Illuminate/Pipeline/Pipeline.php(219): Illuminate/Session/Middleware/StartSession->handle(Object(Illuminate/Http/Request), Object(Closure))
#26 C:/Users/DELL/Downloads/Ascend AI/vendor/laravel/framework/src/Illuminate/Cookie/Middleware/AddQueuedCookiesToResponse.php(36): Illuminate/Pipeline/Pipeline->Illuminate/Pipeline/{closure}(Object(Illuminate/Http/Request))
#27 C:/Users/DELL/Downloads/Ascend AI/vendor/laravel/framework/src/Illuminate/Pipeline/Pipeline.php(219): Illuminate/Cookie/Middleware/AddQueuedCookiesToResponse->handle(Object(Illuminate/Http/Request), Object(Closure))
#28 C:/Users/DELL/Downloads/Ascend AI/vendor/laravel/framework/src/Illuminate/Cookie/Middleware/EncryptCookies.php(74): Illuminate/Pipeline/Pipeline->Illuminate/Pipeline/{closure}(Object(Illuminate/Http/Request))
#29 C:/Users/DELL/Downloads/Ascend AI/vendor/laravel/framework/src/Illuminate/Pipeline/Pipeline.php(219): Illuminate/Cookie/Middleware/EncryptCookies->handle(Object(Illuminate/Http/Request), Object(Closure))
#30 C:/Users/DELL/Downloads/Ascend AI/app/Installer/Http/Middleware/PrepareInstallation.php(29): Illuminate/Pipeline/Pipeline->Illuminate/Pipeline/{closure}(Object(Illuminate/Http/Request))
#31 C:/Users/DELL/Downloads/Ascend AI/vendor/laravel/framework/src/Illuminate/Pipeline/Pipeline.php(219): App/Installer/Http/Middleware/PrepareInstallation->handle(Object(Illuminate/Http/Request), Object(Closure))
#32 C:/Users/DELL/Downloads/Ascend AI/vendor/laravel/framework/src/Illuminate/Pipeline/Pipeline.php(137): Illuminate/Pipeline/Pipeline->Illuminate/Pipeline/{closure}(Object(Illuminate/Http/Request))
#33 C:/Users/DELL/Downloads/Ascend AI/vendor/laravel/framework/src/Illuminate/Routing/Router.php(821): Illuminate/Pipeline/Pipeline->then(Object(Closure))
#34 C:/Users/DELL/Downloads/Ascend AI/vendor/laravel/framework/src/Illuminate/Routing/Router.php(800): Illuminate/Routing/Router->runRouteWithinStack(Object(Illuminate/Routing/Route), Object(Illuminate/Http/Request))
#35 C:/Users/DELL/Downloads/Ascend AI/vendor/laravel/framework/src/Illuminate/Routing/Router.php(764): Illuminate/Routing/Router->runRoute(Object(Illuminate/Http/Request), Object(Illuminate/Routing/Route))
#36 C:/Users/DELL/Downloads/Ascend AI/vendor/laravel/framework/src/Illuminate/Routing/Router.php(753): Illuminate/Routing/Router->dispatchToRoute(Object(Illuminate/Http/Request))
#37 C:/Users/DELL/Downloads/Ascend AI/vendor/laravel/framework/src/Illuminate/Foundation/Http/Kernel.php(200): Illuminate/Routing/Router->dispatch(Object(Illuminate/Http/Request))
#38 C:/Users/DELL/Downloads/Ascend AI/vendor/laravel/framework/src/Illuminate/Pipeline/Pipeline.php(180): Illuminate/Foundation/Http/Kernel->Illuminate/Foundation/Http/{closure}(Object(Illuminate/Http/Request))
#39 C:/Users/DELL/Downloads/Ascend AI/vendor/livewire/livewire/src/Features/SupportDisablingBackButtonCache/DisableBackButtonCacheMiddleware.php(19): Illuminate/Pipeline/Pipeline->Illuminate/Pipeline/{closure}(Object(Illuminate/Http/Request))
#40 C:/Users/DELL/Downloads/Ascend AI/vendor/laravel/framework/src/Illuminate/Pipeline/Pipeline.php(219): Livewire/Features/SupportDisablingBackButtonCache/DisableBackButtonCacheMiddleware->handle(Object(Illuminate/Http/Request), Object(Closure))
#41 C:/Users/DELL/Downloads/Ascend AI/vendor/laravel/framework/src/Illuminate/Foundation/Http/Middleware/TransformsRequest.php(21): Illuminate/Pipeline/Pipeline->Illuminate/Pipeline/{closure}(Object(Illuminate/Http/Request))
#42 C:/Users/DELL/Downloads/Ascend AI/vendor/laravel/framework/src/Illuminate/Foundation/Http/Middleware/ConvertEmptyStringsToNull.php(31): Illuminate/Foundation/Http/Middleware/TransformsRequest->handle(Object(Illuminate/Http/Request), Object(Closure))
#43 C:/Users/DELL/Downloads/Ascend AI/vendor/laravel/framework/src/Illuminate/Pipeline/Pipeline.php(219): Illuminate/Foundation/Http/Middleware/ConvertEmptyStringsToNull->handle(Object(Illuminate/Http/Request), Object(Closure))
#44 C:/Users/DELL/Downloads/Ascend AI/vendor/laravel/framework/src/Illuminate/Foundation/Http/Middleware/TransformsRequest.php(21): Illuminate/Pipeline/Pipeline->Illuminate/Pipeline/{closure}(Object(Illuminate/Http/Request))
#45 C:/Users/DELL/Downloads/Ascend AI/vendor/laravel/framework/src/Illuminate/Foundation/Http/Middleware/TrimStrings.php(51): Illuminate/Foundation/Http/Middleware/TransformsRequest->handle(Object(Illuminate/Http/Request), Object(Closure))
#46 C:/Users/DELL/Downloads/Ascend AI/vendor/laravel/framework/src/Illuminate/Pipeline/Pipeline.php(219): Illuminate/Foundation/Http/Middleware/TrimStrings->handle(Object(Illuminate/Http/Request), Object(Closure))
#47 C:/Users/DELL/Downloads/Ascend AI/vendor/laravel/framework/src/Illuminate/Http/Middleware/ValidatePostSize.php(27): Illuminate/Pipeline/Pipeline->Illuminate/Pipeline/{closure}(Object(Illuminate/Http/Request))
#48 C:/Users/DELL/Downloads/Ascend AI/vendor/laravel/framework/src/Illuminate/Pipeline/Pipeline.php(219): Illuminate/Http/Middleware/ValidatePostSize->handle(Object(Illuminate/Http/Request), Object(Closure))
#49 C:/Users/DELL/Downloads/Ascend AI/vendor/laravel/framework/src/Illuminate/Foundation/Http/Middleware/PreventRequestsDuringMaintenance.php(109): Illuminate/Pipeline/Pipeline->Illuminate/Pipeline/{closure}(Object(Illuminate/Http/Request))
#50 C:/Users/DELL/Downloads/Ascend AI/vendor/laravel/framework/src/Illuminate/Pipeline/Pipeline.php(219): Illuminate/Foundation/Http/Middleware/PreventRequestsDuringMaintenance->handle(Object(Illuminate/Http/Request), Object(Closure))
#51 C:/Users/DELL/Downloads/Ascend AI/vendor/laravel/framework/src/Illuminate/Http/Middleware/HandleCors.php(61): Illuminate/Pipeline/Pipeline->Illuminate/Pipeline/{closure}(Object(Illuminate/Http/Request))
#52 C:/Users/DELL/Downloads/Ascend AI/vendor/laravel/framework/src/Illuminate/Pipeline/Pipeline.php(219): Illuminate/Http/Middleware/HandleCors->handle(Object(Illuminate/Http/Request), Object(Closure))
#53 C:/Users/DELL/Downloads/Ascend AI/vendor/laravel/framework/src/Illuminate/Http/Middleware/TrustProxies.php(58): Illuminate/Pipeline/Pipeline->Illuminate/Pipeline/{closure}(Object(Illuminate/Http/Request))
#54 C:/Users/DELL/Downloads/Ascend AI/vendor/laravel/framework/src/Illuminate/Pipeline/Pipeline.php(219): Illuminate/Http/Middleware/TrustProxies->handle(Object(Illuminate/Http/Request), Object(Closure))
#55 C:/Users/DELL/Downloads/Ascend AI/vendor/laravel/framework/src/Illuminate/Foundation/Http/Middleware/InvokeDeferredCallbacks.php(22): Illuminate/Pipeline/Pipeline->Illuminate/Pipeline/{closure}(Object(Illuminate/Http/Request))
#56 C:/Users/DELL/Downloads/Ascend AI/vendor/laravel/framework/src/Illuminate/Pipeline/Pipeline.php(219): Illuminate/Foundation/Http/Middleware/InvokeDeferredCallbacks->handle(Object(Illuminate/Http/Request), Object(Closure))
#57 C:/Users/DELL/Downloads/Ascend AI/vendor/laravel/framework/src/Illuminate/Http/Middleware/ValidatePathEncoding.php(28): Illuminate/Pipeline/Pipeline->Illuminate/Pipeline/{closure}(Object(Illuminate/Http/Request))
#58 C:/Users/DELL/Downloads/Ascend AI/vendor/laravel/framework/src/Illuminate/Pipeline/Pipeline.php(219): Illuminate/Http/Middleware/ValidatePathEncoding->handle(Object(Illuminate/Http/Request), Object(Closure))
#59 C:/Users/DELL/Downloads/Ascend AI/vendor/laravel/framework/src/Illuminate/Pipeline/Pipeline.php(137): Illuminate/Pipeline/Pipeline->Illuminate/Pipeline/{closure}(Object(Illuminate/Http/Request))
#60 C:/Users/DELL/Downloads/Ascend AI/vendor/laravel/framework/src/Illuminate/Foundation/Http/Kernel.php(175): Illuminate/Pipeline/Pipeline->then(Object(Closure))
#61 C:/Users/DELL/Downloads/Ascend AI/vendor/laravel/framework/src/Illuminate/Foundation/Http/Kernel.php(144): Illuminate/Foundation/Http/Kernel->sendRequestThroughRouter(Object(Illuminate/Http/Request))
#62 C:/Users/DELL/Downloads/Ascend AI/vendor/laravel/framework/src/Illuminate/Foundation/Application.php(1220): Illuminate/Foundation/Http/Kernel->handle(Object(Illuminate/Http/Request))
#63 C:/Users/DELL/Downloads/Ascend AI/public/index.php(20): Illuminate/Foundation/Application->handleRequest(Object(Illuminate/Http/Request))
#64 C:/Users/DELL/Downloads/Ascend AI/vendor/laravel/framework/src/Illuminate/Foundation/resources/server.php(23): require_once('C://Users//DELL//D...')
#65 {main}

[previous exception] [object] (PDOException(code: HY000): SQLSTATE[HY000]: General error: 1 no such table: users at C:/Users/DELL/Downloads/Ascend AI/vendor/laravel/framework/src/Illuminate/Database/Connection.php:421)
[stacktrace]
#0 C:/Users/DELL/Downloads/Ascend AI/vendor/laravel/framework/src/Illuminate/Database/Connection.php(421): PDO->prepare('select * from \"...')
#1 C:/Users/DELL/Downloads/Ascend AI/vendor/laravel/framework/src/Illuminate/Database/Connection.php(830): Illuminate/Database/Connection->Illuminate/Database/{closure}('select * from \"...', Array)
#2 C:/Users/DELL/Downloads/Ascend AI/vendor/laravel/framework/src/Illuminate/Database/Connection.php(797): Illuminate/Database/Connection->runQueryCallback('select * from \"...', Array, Object(Closure))
#3 C:/Users/DELL/Downloads/Ascend AI/vendor/laravel/framework/src/Illuminate/Database/Connection.php(412): Illuminate/Database/Connection->run('select * from \"...', Array, Object(Closure))
#4 C:/Users/DELL/Downloads/Ascend AI/vendor/laravel/framework/src/Illuminate/Database/Query/Builder.php(3562): Illuminate/Database/Connection->select('select * from \"...', Array, true, Array)
#5 C:/Users/DELL/Downloads/Ascend AI/vendor/laravel/framework/src/Illuminate/Database/Query/Builder.php(3546): Illuminate/Database/Query/Builder->runSelect()
#6 C:/Users/DELL/Downloads/Ascend AI/vendor/laravel/framework/src/Illuminate/Database/Eloquent/Builder.php(907): Illuminate/Database/Query/Builder->get(Array)
#7 C:/Users/DELL/Downloads/Ascend AI/vendor/laravel/framework/src/Illuminate/Database/Eloquent/Builder.php(889): Illuminate/Database/Eloquent/Builder->getModels(Array)
#8 C:/Users/DELL/Downloads/Ascend AI/vendor/laravel/framework/src/Illuminate/Database/Concerns/BuildsQueries.php(367): Illuminate/Database/Eloquent/Builder->get(Array)
#9 C:/Users/DELL/Downloads/Ascend AI/vendor/laravel/framework/src/Illuminate/Auth/EloquentUserProvider.php(58): Illuminate/Database/Eloquent/Builder->first()
#10 C:/Users/DELL/Downloads/Ascend AI/vendor/laravel/framework/src/Illuminate/Auth/SessionGuard.php(189): Illuminate/Auth/EloquentUserProvider->retrieveById(1)
#11 C:/Users/DELL/Downloads/Ascend AI/vendor/laravel/framework/src/Illuminate/Auth/AuthManager.php(56): Illuminate/Auth/SessionGuard->user()
#12 [internal function]: Illuminate/Auth/AuthManager->Illuminate/Auth/{closure}(NULL)
#13 C:/Users/DELL/Downloads/Ascend AI/vendor/laravel/framework/src/Illuminate/Auth/AuthServiceProvider.php(89): call_user_func(Object(Closure), NULL)
#14 [internal function]: Illuminate/Auth/AuthServiceProvider->Illuminate/Auth/{closure}(NULL)
#15 C:/Users/DELL/Downloads/Ascend AI/vendor/laravel/framework/src/Illuminate/Http/Request.php(670): call_user_func(Object(Closure), NULL)
#16 C:/Users/DELL/Downloads/Ascend AI/modules/AdminLanguages/Support/LocaleManager.php(29): Illuminate/Http/Request->user()
#17 C:/Users/DELL/Downloads/Ascend AI/modules/AdminLanguages/Http/Middleware/SetLocale.php(18): Modules/AdminLanguages/Support/LocaleManager->resolve(Object(Illuminate/Http/Request))
#18 C:/Users/DELL/Downloads/Ascend AI/vendor/laravel/framework/src/Illuminate/Pipeline/Pipeline.php(219): Modules/AdminLanguages/Http/Middleware/SetLocale->handle(Object(Illuminate/Http/Request), Object(Closure))
#19 C:/Users/DELL/Downloads/Ascend AI/vendor/laravel/framework/src/Illuminate/Routing/Middleware/SubstituteBindings.php(52): Illuminate/Pipeline/Pipeline->Illuminate/Pipeline/{closure}(Object(Illuminate/Http/Request))
#20 C:/Users/DELL/Downloads/Ascend AI/vendor/laravel/framework/src/Illuminate/Pipeline/Pipeline.php(219): Illuminate/Routing/Middleware/SubstituteBindings->handle(Object(Illuminate/Http/Request), Object(Closure))
#21 C:/Users/DELL/Downloads/Ascend AI/vendor/laravel/framework/src/Illuminate/Foundation/Http/Middleware/PreventRequestForgery.php(104): Illuminate/Pipeline/Pipeline->Illuminate/Pipeline/{closure}(Object(Illuminate/Http/Request))
#22 C:/Users/DELL/Downloads/Ascend AI/vendor/laravel/framework/src/Illuminate/Pipeline/Pipeline.php(219): Illuminate/Foundation/Http/Middleware/PreventRequestForgery->handle(Object(Illuminate/Http/Request), Object(Closure))
#23 C:/Users/DELL/Downloads/Ascend AI/vendor/laravel/framework/src/Illuminate/View/Middleware/ShareErrorsFromSession.php(48): Illuminate/Pipeline/Pipeline->Illuminate/Pipeline/{closure}(Object(Illuminate/Http/Request))
#24 C:/Users/DELL/Downloads/Ascend AI/vendor/laravel/framework/src/Illuminate/Pipeline/Pipeline.php(219): Illuminate/View/Middleware/ShareErrorsFromSession->handle(Object(Illuminate/Http/Request), Object(Closure))
#25 C:/Users/DELL/Downloads/Ascend AI/vendor/laravel/framework/src/Illuminate/Session/Middleware/StartSession.php(120): Illuminate/Pipeline/Pipeline->Illuminate/Pipeline/{closure}(Object(Illuminate/Http/Request))
#26 C:/Users/DELL/Downloads/Ascend AI/vendor/laravel/framework/src/Illuminate/Session/Middleware/StartSession.php(63): Illuminate/Session/Middleware/StartSession->handleStatefulRequest(Object(Illuminate/Http/Request), Object(Illuminate/Session/Store), Object(Closure))
#27 C:/Users/DELL/Downloads/Ascend AI/vendor/laravel/framework/src/Illuminate/Pipeline/Pipeline.php(219): Illuminate/Session/Middleware/StartSession->handle(Object(Illuminate/Http/Request), Object(Closure))
#28 C:/Users/DELL/Downloads/Ascend AI/vendor/laravel/framework/src/Illuminate/Cookie/Middleware/AddQueuedCookiesToResponse.php(36): Illuminate/Pipeline/Pipeline->Illuminate/Pipeline/{closure}(Object(Illuminate/Http/Request))
#29 C:/Users/DELL/Downloads/Ascend AI/vendor/laravel/framework/src/Illuminate/Pipeline/Pipeline.php(219): Illuminate/Cookie/Middleware/AddQueuedCookiesToResponse->handle(Object(Illuminate/Http/Request), Object(Closure))
#30 C:/Users/DELL/Downloads/Ascend AI/vendor/laravel/framework/src/Illuminate/Cookie/Middleware/EncryptCookies.php(74): Illuminate/Pipeline/Pipeline->Illuminate/Pipeline/{closure}(Object(Illuminate/Http/Request))
#31 C:/Users/DELL/Downloads/Ascend AI/vendor/laravel/framework/src/Illuminate/Pipeline/Pipeline.php(219): Illuminate/Cookie/Middleware/EncryptCookies->handle(Object(Illuminate/Http/Request), Object(Closure))
#32 C:/Users/DELL/Downloads/Ascend AI/app/Installer/Http/Middleware/PrepareInstallation.php(29): Illuminate/Pipeline/Pipeline->Illuminate/Pipeline/{closure}(Object(Illuminate/Http/Request))
#33 C:/Users/DELL/Downloads/Ascend AI/vendor/laravel/framework/src/Illuminate/Pipeline/Pipeline.php(219): App/Installer/Http/Middleware/PrepareInstallation->handle(Object(Illuminate/Http/Request), Object(Closure))
#34 C:/Users/DELL/Downloads/Ascend AI/vendor/laravel/framework/src/Illuminate/Pipeline/Pipeline.php(137): Illuminate/Pipeline/Pipeline->Illuminate/Pipeline/{closure}(Object(Illuminate/Http/Request))
#35 C:/Users/DELL/Downloads/Ascend AI/vendor/laravel/framework/src/Illuminate/Routing/Router.php(821): Illuminate/Pipeline/Pipeline->then(Object(Closure))
#36 C:/Users/DELL/Downloads/Ascend AI/vendor/laravel/framework/src/Illuminate/Routing/Router.php(800): Illuminate/Routing/Router->runRouteWithinStack(Object(Illuminate/Routing/Route), Object(Illuminate/Http/Request))
#37 C:/Users/DELL/Downloads/Ascend AI/vendor/laravel/framework/src/Illuminate/Routing/Router.php(764): Illuminate/Routing/Router->runRoute(Object(Illuminate/Http/Request), Object(Illuminate/Routing/Route))
#38 C:/Users/DELL/Downloads/Ascend AI/vendor/laravel/framework/src/Illuminate/Routing/Router.php(753): Illuminate/Routing/Router->dispatchToRoute(Object(Illuminate/Http/Request))
#39 C:/Users/DELL/Downloads/Ascend AI/vendor/laravel/framework/src/Illuminate/Foundation/Http/Kernel.php(200): Illuminate/Routing/Router->dispatch(Object(Illuminate/Http/Request))
#40 C:/Users/DELL/Downloads/Ascend AI/vendor/laravel/framework/src/Illuminate/Pipeline/Pipeline.php(180): Illuminate/Foundation/Http/Kernel->Illuminate/Foundation/Http/{closure}(Object(Illuminate/Http/Request))
#41 C:/Users/DELL/Downloads/Ascend AI/vendor/livewire/livewire/src/Features/SupportDisablingBackButtonCache/DisableBackButtonCacheMiddleware.php(19): Illuminate/Pipeline/Pipeline->Illuminate/Pipeline/{closure}(Object(Illuminate/Http/Request))
#42 C:/Users/DELL/Downloads/Ascend AI/vendor/laravel/framework/src/Illuminate/Pipeline/Pipeline.php(219): Livewire/Features/SupportDisablingBackButtonCache/DisableBackButtonCacheMiddleware->handle(Object(Illuminate/Http/Request), Object(Closure))
#43 C:/Users/DELL/Downloads/Ascend AI/vendor/laravel/framework/src/Illuminate/Foundation/Http/Middleware/TransformsRequest.php(21): Illuminate/Pipeline/Pipeline->Illuminate/Pipeline/{closure}(Object(Illuminate/Http/Request))
#44 C:/Users/DELL/Downloads/Ascend AI/vendor/laravel/framework/src/Illuminate/Foundation/Http/Middleware/ConvertEmptyStringsToNull.php(31): Illuminate/Foundation/Http/Middleware/TransformsRequest->handle(Object(Illuminate/Http/Request), Object(Closure))
#45 C:/Users/DELL/Downloads/Ascend AI/vendor/laravel/framework/src/Illuminate/Pipeline/Pipeline.php(219): Illuminate/Foundation/Http/Middleware/ConvertEmptyStringsToNull->handle(Object(Illuminate/Http/Request), Object(Closure))
#46 C:/Users/DELL/Downloads/Ascend AI/vendor/laravel/framework/src/Illuminate/Foundation/Http/Middleware/TransformsRequest.php(21): Illuminate/Pipeline/Pipeline->Illuminate/Pipeline/{closure}(Object(Illuminate/Http/Request))
#47 C:/Users/DELL/Downloads/Ascend AI/vendor/laravel/framework/src/Illuminate/Foundation/Http/Middleware/TrimStrings.php(51): Illuminate/Foundation/Http/Middleware/TransformsRequest->handle(Object(Illuminate/Http/Request), Object(Closure))
#48 C:/Users/DELL/Downloads/Ascend AI/vendor/laravel/framework/src/Illuminate/Pipeline/Pipeline.php(219): Illuminate/Foundation/Http/Middleware/TrimStrings->handle(Object(Illuminate/Http/Request), Object(Closure))
#49 C:/Users/DELL/Downloads/Ascend AI/vendor/laravel/framework/src/Illuminate/Http/Middleware/ValidatePostSize.php(27): Illuminate/Pipeline/Pipeline->Illuminate/Pipeline/{closure}(Object(Illuminate/Http/Request))
#50 C:/Users/DELL/Downloads/Ascend AI/vendor/laravel/framework/src/Illuminate/Pipeline/Pipeline.php(219): Illuminate/Http/Middleware/ValidatePostSize->handle(Object(Illuminate/Http/Request), Object(Closure))
#51 C:/Users/DELL/Downloads/Ascend AI/vendor/laravel/framework/src/Illuminate/Foundation/Http/Middleware/PreventRequestsDuringMaintenance.php(109): Illuminate/Pipeline/Pipeline->Illuminate/Pipeline/{closure}(Object(Illuminate/Http/Request))
#52 C:/Users/DELL/Downloads/Ascend AI/vendor/laravel/framework/src/Illuminate/Pipeline/Pipeline.php(219): Illuminate/Foundation/Http/Middleware/PreventRequestsDuringMaintenance->handle(Object(Illuminate/Http/Request), Object(Closure))
#53 C:/Users/DELL/Downloads/Ascend AI/vendor/laravel/framework/src/Illuminate/Http/Middleware/HandleCors.php(61): Illuminate/Pipeline/Pipeline->Illuminate/Pipeline/{closure}(Object(Illuminate/Http/Request))
#54 C:/Users/DELL/Downloads/Ascend AI/vendor/laravel/framework/src/Illuminate/Pipeline/Pipeline.php(219): Illuminate/Http/Middleware/HandleCors->handle(Object(Illuminate/Http/Request), Object(Closure))
#55 C:/Users/DELL/Downloads/Ascend AI/vendor/laravel/framework/src/Illuminate/Http/Middleware/TrustProxies.php(58): Illuminate/Pipeline/Pipeline->Illuminate/Pipeline/{closure}(Object(Illuminate/Http/Request))
#56 C:/Users/DELL/Downloads/Ascend AI/vendor/laravel/framework/src/Illuminate/Pipeline/Pipeline.php(219): Illuminate/Http/Middleware/TrustProxies->handle(Object(Illuminate/Http/Request), Object(Closure))
#57 C:/Users/DELL/Downloads/Ascend AI/vendor/laravel/framework/src/Illuminate/Foundation/Http/Middleware/InvokeDeferredCallbacks.php(22): Illuminate/Pipeline/Pipeline->Illuminate/Pipeline/{closure}(Object(Illuminate/Http/Request))
#58 C:/Users/DELL/Downloads/Ascend AI/vendor/laravel/framework/src/Illuminate/Pipeline/Pipeline.php(219): Illuminate/Foundation/Http/Middleware/InvokeDeferredCallbacks->handle(Object(Illuminate/Http/Request), Object(Closure))
#59 C:/Users/DELL/Downloads/Ascend AI/vendor/laravel/framework/src/Illuminate/Http/Middleware/ValidatePathEncoding.php(28): Illuminate/Pipeline/Pipeline->Illuminate/Pipeline/{closure}(Object(Illuminate/Http/Request))
#60 C:/Users/DELL/Downloads/Ascend AI/vendor/laravel/framework/src/Illuminate/Pipeline/Pipeline.php(219): Illuminate/Http/Middleware/ValidatePathEncoding->handle(Object(Illuminate/Http/Request), Object(Closure))
#61 C:/Users/DELL/Downloads/Ascend AI/vendor/laravel/framework/src/Illuminate/Pipeline/Pipeline.php(137): Illuminate/Pipeline/Pipeline->Illuminate/Pipeline/{closure}(Object(Illuminate/Http/Request))
#62 C:/Users/DELL/Downloads/Ascend AI/vendor/laravel/framework/src/Illuminate/Foundation/Http/Kernel.php(175): Illuminate/Pipeline/Pipeline->then(Object(Closure))
#63 C:/Users/DELL/Downloads/Ascend AI/vendor/laravel/framework/src/Illuminate/Foundation/Http/Kernel.php(144): Illuminate/Foundation/Http/Kernel->sendRequestThroughRouter(Object(Illuminate/Http/Request))
#64 C:/Users/DELL/Downloads/Ascend AI/vendor/laravel/framework/src/Illuminate/Foundation/Application.php(1220): Illuminate/Foundation/Http/Kernel->handle(Object(Illuminate/Http/Request))
#65 C:/Users/DELL/Downloads/Ascend AI/public/index.php(20): Illuminate/Foundation/Application->handleRequest(Object(Illuminate/Http/Request))
#66 C:/Users/DELL/Downloads/Ascend AI/vendor/laravel/framework/src/Illuminate/Foundation/resources/server.php(23): require_once('C://Users//DELL//D...')
#67 {main}
"} 
[2026-08-09 13:28:13] local.ERROR: Maximum execution time of 30 seconds exceeded {"exception":"[object] (Symfony\\Component\\ErrorHandler\\Error\\FatalError(code: 0): Maximum execution time of 30 seconds exceeded at C:/Users/DELL/Downloads/Ascend AI/storage/framework/views/79b7a0cf82445e75f23c99b0c90fa891.php:1)
[stacktrace]
#0 {main}
"} 
[2026-08-09 13:29:46] local.ERROR: SQLSTATE[HY000]: General error: 1 no such table: users (Connection: sqlite, Database: database/database.sqlite, SQL: select * from "users" where "id" = 1 limit 1) {"exception":"[object] (Illuminate\\Database\\QueryException(code: HY000): SQLSTATE[HY000]: General error: 1 no such table: users (Connection: sqlite, Database: database/database.sqlite, SQL: select * from \"users\" where \"id\" = 1 limit 1) at C:/Users/DELL/Downloads/Ascend AI/vendor/laravel/framework/src/Illuminate/Database/Connection.php:841)
[stacktrace]
#0 C:/Users/DELL/Downloads/Ascend AI/vendor/laravel/framework/src/Illuminate/Database/Connection.php(797): Illuminate/Database/Connection->runQueryCallback('select * from \"...', Array, Object(Closure))
#1 C:/Users/DELL/Downloads/Ascend AI/vendor/laravel/framework/src/Illuminate/Database/Connection.php(412): Illuminate/Database/Connection->run('select * from \"...', Array, Object(Closure))
#2 C:/Users/DELL/Downloads/Ascend AI/vendor/laravel/framework/src/Illuminate/Database/Query/Builder.php(3562): Illuminate/Database/Connection->select('select * from \"...', Array, true, Array)
#3 C:/Users/DELL/Downloads/Ascend AI/vendor/laravel/framework/src/Illuminate/Database/Query/Builder.php(3546): Illuminate/Database/Query/Builder->runSelect()
#4 C:/Users/DELL/Downloads/Ascend AI/vendor/laravel/framework/src/Illuminate/Database/Eloquent/Builder.php(907): Illuminate/Database/Query/Builder->get(Array)
#5 C:/Users/DELL/Downloads/Ascend AI/vendor/laravel/framework/src/Illuminate/Database/Eloquent/Builder.php(889): Illuminate/Database/Eloquent/Builder->getModels(Array)
#6 C:/Users/DELL/Downloads/Ascend AI/vendor/laravel/framework/src/Illuminate/Database/Concerns/BuildsQueries.php(367): Illuminate/Database/Eloquent/Builder->get(Array)
#7 C:/Users/DELL/Downloads/Ascend AI/vendor/laravel/framework/src/Illuminate/Auth/EloquentUserProvider.php(58): Illuminate/Database/Eloquent/Builder->first()
#8 C:/Users/DELL/Downloads/Ascend AI/vendor/laravel/framework/src/Illuminate/Auth/SessionGuard.php(189): Illuminate/Auth/EloquentUserProvider->retrieveById(1)
#9 C:/Users/DELL/Downloads/Ascend AI/vendor/laravel/framework/src/Illuminate/Auth/AuthManager.php(56): Illuminate/Auth/SessionGuard->user()
#10 [internal function]: Illuminate/Auth/AuthManager->Illuminate/Auth/{closure}(NULL)
#11 C:/Users/DELL/Downloads/Ascend AI/vendor/laravel/framework/src/Illuminate/Auth/AuthServiceProvider.php(89): call_user_func(Object(Closure), NULL)
#12 [internal function]: Illuminate/Auth/AuthServiceProvider->Illuminate/Auth/{closure}(NULL)
#13 C:/Users/DELL/Downloads/Ascend AI/vendor/laravel/framework/src/Illuminate/Http/Request.php(670): call_user_func(Object(Closure), NULL)
#14 C:/Users/DELL/Downloads/Ascend AI/modules/AdminLanguages/Support/LocaleManager.php(29): Illuminate/Http/Request->user()
#15 C:/Users/DELL/Downloads/Ascend AI/modules/AdminLanguages/Http/Middleware/SetLocale.php(18): Modules/AdminLanguages/Support/LocaleManager->resolve(Object(Illuminate/Http/Request))
#16 C:/Users/DELL/Downloads/Ascend AI/vendor/laravel/framework/src/Illuminate/Pipeline/Pipeline.php(219): Modules/AdminLanguages/Http/Middleware/SetLocale->handle(Object(Illuminate/Http/Request), Object(Closure))
#17 C:/Users/DELL/Downloads/Ascend AI/vendor/laravel/framework/src/Illuminate/Routing/Middleware/SubstituteBindings.php(52): Illuminate/Pipeline/Pipeline->Illuminate/Pipeline/{closure}(Object(Illuminate/Http/Request))
#18 C:/Users/DELL/Downloads/Ascend AI/vendor/laravel/framework/src/Illuminate/Pipeline/Pipeline.php(219): Illuminate/Routing/Middleware/SubstituteBindings->handle(Object(Illuminate/Http/Request), Object(Closure))
#19 C:/Users/DELL/Downloads/Ascend AI/vendor/laravel/framework/src/Illuminate/Foundation/Http/Middleware/PreventRequestForgery.php(104): Illuminate/Pipeline/Pipeline->Illuminate/Pipeline/{closure}(Object(Illuminate/Http/Request))
#20 C:/Users/DELL/Downloads/Ascend AI/vendor/laravel/framework/src/Illuminate/Pipeline/Pipeline.php(219): Illuminate/Foundation/Http/Middleware/PreventRequestForgery->handle(Object(Illuminate/Http/Request), Object(Closure))
#21 C:/Users/DELL/Downloads/Ascend AI/vendor/laravel/framework/src/Illuminate/View/Middleware/ShareErrorsFromSession.php(48): Illuminate/Pipeline/Pipeline->Illuminate/Pipeline/{closure}(Object(Illuminate/Http/Request))
#22 C:/Users/DELL/Downloads/Ascend AI/vendor/laravel/framework/src/Illuminate/Pipeline/Pipeline.php(219): Illuminate/View/Middleware/ShareErrorsFromSession->handle(Object(Illuminate/Http/Request), Object(Closure))
#23 C:/Users/DELL/Downloads/Ascend AI/vendor/laravel/framework/src/Illuminate/Session/Middleware/StartSession.php(120): Illuminate/Pipeline/Pipeline->Illuminate/Pipeline/{closure}(Object(Illuminate/Http/Request))
#24 C:/Users/DELL/Downloads/Ascend AI/vendor/laravel/framework/src/Illuminate/Session/Middleware/StartSession.php(63): Illuminate/Session/Middleware/StartSession->handleStatefulRequest(Object(Illuminate/Http/Request), Object(Illuminate/Session/Store), Object(Closure))
#25 C:/Users/DELL/Downloads/Ascend AI/vendor/laravel/framework/src/Illuminate/Pipeline/Pipeline.php(219): Illuminate/Session/Middleware/StartSession->handle(Object(Illuminate/Http/Request), Object(Closure))
#26 C:/Users/DELL/Downloads/Ascend AI/vendor/laravel/framework/src/Illuminate/Cookie/Middleware/AddQueuedCookiesToResponse.php(36): Illuminate/Pipeline/Pipeline->Illuminate/Pipeline/{closure}(Object(Illuminate/Http/Request))
#27 C:/Users/DELL/Downloads/Ascend AI/vendor/laravel/framework/src/Illuminate/Pipeline/Pipeline.php(219): Illuminate/Cookie/Middleware/AddQueuedCookiesToResponse->handle(Object(Illuminate/Http/Request), Object(Closure))
#28 C:/Users/DELL/Downloads/Ascend AI/vendor/laravel/framework/src/Illuminate/Cookie/Middleware/EncryptCookies.php(74): Illuminate/Pipeline/Pipeline->Illuminate/Pipeline/{closure}(Object(Illuminate/Http/Request))
#29 C:/Users/DELL/Downloads/Ascend AI/vendor/laravel/framework/src/Illuminate/Pipeline/Pipeline.php(219): Illuminate/Cookie/Middleware/EncryptCookies->handle(Object(Illuminate/Http/Request), Object(Closure))
#30 C:/Users/DELL/Downloads/Ascend AI/app/Installer/Http/Middleware/PrepareInstallation.php(29): Illuminate/Pipeline/Pipeline->Illuminate/Pipeline/{closure}(Object(Illuminate/Http/Request))
#31 C:/Users/DELL/Downloads/Ascend AI/vendor/laravel/framework/src/Illuminate/Pipeline/Pipeline.php(219): App/Installer/Http/Middleware/PrepareInstallation->handle(Object(Illuminate/Http/Request), Object(Closure))
#32 C:/Users/DELL/Downloads/Ascend AI/vendor/laravel/framework/src/Illuminate/Pipeline/Pipeline.php(137): Illuminate/Pipeline/Pipeline->Illuminate/Pipeline/{closure}(Object(Illuminate/Http/Request))
#33 C:/Users/DELL/Downloads/Ascend AI/vendor/laravel/framework/src/Illuminate/Routing/Router.php(821): Illuminate/Pipeline/Pipeline->then(Object(Closure))
#34 C:/Users/DELL/Downloads/Ascend AI/vendor/laravel/framework/src/Illuminate/Routing/Router.php(800): Illuminate/Routing/Router->runRouteWithinStack(Object(Illuminate/Routing/Route), Object(Illuminate/Http/Request))
#35 C:/Users/DELL/Downloads/Ascend AI/vendor/laravel/framework/src/Illuminate/Routing/Router.php(764): Illuminate/Routing/Router->runRoute(Object(Illuminate/Http/Request), Object(Illuminate/Routing/Route))
#36 C:/Users/DELL/Downloads/Ascend AI/vendor/laravel/framework/src/Illuminate/Routing/Router.php(753): Illuminate/Routing/Router->dispatchToRoute(Object(Illuminate/Http/Request))
#37 C:/Users/DELL/Downloads/Ascend AI/vendor/laravel/framework/src/Illuminate/Foundation/Http/Kernel.php(200): Illuminate/Routing/Router->dispatch(Object(Illuminate/Http/Request))
#38 C:/Users/DELL/Downloads/Ascend AI/vendor/laravel/framework/src/Illuminate/Pipeline/Pipeline.php(180): Illuminate/Foundation/Http/Kernel->Illuminate/Foundation/Http/{closure}(Object(Illuminate/Http/Request))
#39 C:/Users/DELL/Downloads/Ascend AI/vendor/livewire/livewire/src/Features/SupportDisablingBackButtonCache/DisableBackButtonCacheMiddleware.php(19): Illuminate/Pipeline/Pipeline->Illuminate/Pipeline/{closure}(Object(Illuminate/Http/Request))
#40 C:/Users/DELL/Downloads/Ascend AI/vendor/laravel/framework/src/Illuminate/Pipeline/Pipeline.php(219): Livewire/Features/SupportDisablingBackButtonCache/DisableBackButtonCacheMiddleware->handle(Object(Illuminate/Http/Request), Object(Closure))
#41 C:/Users/DELL/Downloads/Ascend AI/vendor/laravel/framework/src/Illuminate/Foundation/Http/Middleware/TransformsRequest.php(21): Illuminate/Pipeline/Pipeline->Illuminate/Pipeline/{closure}(Object(Illuminate/Http/Request))
#42 C:/Users/DELL/Downloads/Ascend AI/vendor/laravel/framework/src/Illuminate/Foundation/Http/Middleware/ConvertEmptyStringsToNull.php(31): Illuminate/Foundation/Http/Middleware/TransformsRequest->handle(Object(Illuminate/Http/Request), Object(Closure))
#43 C:/Users/DELL/Downloads/Ascend AI/vendor/laravel/framework/src/Illuminate/Pipeline/Pipeline.php(219): Illuminate/Foundation/Http/Middleware/ConvertEmptyStringsToNull->handle(Object(Illuminate/Http/Request), Object(Closure))
#44 C:/Users/DELL/Downloads/Ascend AI/vendor/laravel/framework/src/Illuminate/Foundation/Http/Middleware/TransformsRequest.php(21): Illuminate/Pipeline/Pipeline->Illuminate/Pipeline/{closure}(Object(Illuminate/Http/Request))
#45 C:/Users/DELL/Downloads/Ascend AI/vendor/laravel/framework/src/Illuminate/Foundation/Http/Middleware/TrimStrings.php(51): Illuminate/Foundation/Http/Middleware/TransformsRequest->handle(Object(Illuminate/Http/Request), Object(Closure))
#46 C:/Users/DELL/Downloads/Ascend AI/vendor/laravel/framework/src/Illuminate/Pipeline/Pipeline.php(219): Illuminate/Foundation/Http/Middleware/TrimStrings->handle(Object(Illuminate/Http/Request), Object(Closure))
#47 C:/Users/DELL/Downloads/Ascend AI/vendor/laravel/framework/src/Illuminate/Http/Middleware/ValidatePostSize.php(27): Illuminate/Pipeline/Pipeline->Illuminate/Pipeline/{closure}(Object(Illuminate/Http/Request))
#48 C:/Users/DELL/Downloads/Ascend AI/vendor/laravel/framework/src/Illuminate/Pipeline/Pipeline.php(219): Illuminate/Http/Middleware/ValidatePostSize->handle(Object(Illuminate/Http/Request), Object(Closure))
#49 C:/Users/DELL/Downloads/Ascend AI/vendor/laravel/framework/src/Illuminate/Foundation/Http/Middleware/PreventRequestsDuringMaintenance.php(109): Illuminate/Pipeline/Pipeline->Illuminate/Pipeline/{closure}(Object(Illuminate/Http/Request))
#50 C:/Users/DELL/Downloads/Ascend AI/vendor/laravel/framework/src/Illuminate/Pipeline/Pipeline.php(219): Illuminate/Foundation/Http/Middleware/PreventRequestsDuringMaintenance->handle(Object(Illuminate/Http/Request), Object(Closure))
#51 C:/Users/DELL/Downloads/Ascend AI/vendor/laravel/framework/src/Illuminate/Http/Middleware/HandleCors.php(61): Illuminate/Pipeline/Pipeline->Illuminate/Pipeline/{closure}(Object(Illuminate/Http/Request))
#52 C:/Users/DELL/Downloads/Ascend AI/vendor/laravel/framework/src/Illuminate/Pipeline/Pipeline.php(219): Illuminate/Http/Middleware/HandleCors->handle(Object(Illuminate/Http/Request), Object(Closure))
#53 C:/Users/DELL/Downloads/Ascend AI/vendor/laravel/framework/src/Illuminate/Http/Middleware/TrustProxies.php(58): Illuminate/Pipeline/Pipeline->Illuminate/Pipeline/{closure}(Object(Illuminate/Http/Request))
#54 C:/Users/DELL/Downloads/Ascend AI/vendor/laravel/framework/src/Illuminate/Pipeline/Pipeline.php(219): Illuminate/Http/Middleware/TrustProxies->handle(Object(Illuminate/Http/Request), Object(Closure))
#55 C:/Users/DELL/Downloads/Ascend AI/vendor/laravel/framework/src/Illuminate/Foundation/Http/Middleware/InvokeDeferredCallbacks.php(22): Illuminate/Pipeline/Pipeline->Illuminate/Pipeline/{closure}(Object(Illuminate/Http/Request))
#56 C:/Users/DELL/Downloads/Ascend AI/vendor/laravel/framework/src/Illuminate/Pipeline/Pipeline.php(219): Illuminate/Foundation/Http/Middleware/InvokeDeferredCallbacks->handle(Object(Illuminate/Http/Request), Object(Closure))
#57 C:/Users/DELL/Downloads/Ascend AI/vendor/laravel/framework/src/Illuminate/Http/Middleware/ValidatePathEncoding.php(28): Illuminate/Pipeline/Pipeline->Illuminate/Pipeline/{closure}(Object(Illuminate/Http/Request))
#58 C:/Users/DELL/Downloads/Ascend AI/vendor/laravel/framework/src/Illuminate/Pipeline/Pipeline.php(219): Illuminate/Http/Middleware/ValidatePathEncoding->handle(Object(Illuminate/Http/Request), Object(Closure))
#59 C:/Users/DELL/Downloads/Ascend AI/vendor/laravel/framework/src/Illuminate/Pipeline/Pipeline.php(137): Illuminate/Pipeline/Pipeline->Illuminate/Pipeline/{closure}(Object(Illuminate/Http/Request))
#60 C:/Users/DELL/Downloads/Ascend AI/vendor/laravel/framework/src/Illuminate/Foundation/Http/Kernel.php(175): Illuminate/Pipeline/Pipeline->then(Object(Closure))
#61 C:/Users/DELL/Downloads/Ascend AI/vendor/laravel/framework/src/Illuminate/Foundation/Http/Kernel.php(144): Illuminate/Foundation/Http/Kernel->sendRequestThroughRouter(Object(Illuminate/Http/Request))
#62 C:/Users/DELL/Downloads/Ascend AI/vendor/laravel/framework/src/Illuminate/Foundation/Application.php(1220): Illuminate/Foundation/Http/Kernel->handle(Object(Illuminate/Http/Request))
#63 C:/Users/DELL/Downloads/Ascend AI/public/index.php(20): Illuminate/Foundation/Application->handleRequest(Object(Illuminate/Http/Request))
#64 C:/Users/DELL/Downloads/Ascend AI/vendor/laravel/framework/src/Illuminate/Foundation/resources/server.php(23): require_once('C://Users//DELL//D...')
#65 {main}

[previous exception] [object] (PDOException(code: HY000): SQLSTATE[HY000]: General error: 1 no such table: users at C:/Users/DELL/Downloads/Ascend AI/vendor/laravel/framework/src/Illuminate/Database/Connection.php:421)
[stacktrace]
#0 C:/Users/DELL/Downloads/Ascend AI/vendor/laravel/framework/src/Illuminate/Database/Connection.php(421): PDO->prepare('select * from \"...')
#1 C:/Users/DELL/Downloads/Ascend AI/vendor/laravel/framework/src/Illuminate/Database/Connection.php(830): Illuminate/Database/Connection->Illuminate/Database/{closure}('select * from \"...', Array)
#2 C:/Users/DELL/Downloads/Ascend AI/vendor/laravel/framework/src/Illuminate/Database/Connection.php(797): Illuminate/Database/Connection->runQueryCallback('select * from \"...', Array, Object(Closure))
#3 C:/Users/DELL/Downloads/Ascend AI/vendor/laravel/framework/src/Illuminate/Database/Connection.php(412): Illuminate/Database/Connection->run('select * from \"...', Array, Object(Closure))
#4 C:/Users/DELL/Downloads/Ascend AI/vendor/laravel/framework/src/Illuminate/Database/Query/Builder.php(3562): Illuminate/Database/Connection->select('select * from \"...', Array, true, Array)
#5 C:/Users/DELL/Downloads/Ascend AI/vendor/laravel/framework/src/Illuminate/Database/Query/Builder.php(3546): Illuminate/Database/Query/Builder->runSelect()
#6 C:/Users/DELL/Downloads/Ascend AI/vendor/laravel/framework/src/Illuminate/Database/Eloquent/Builder.php(907): Illuminate/Database/Query/Builder->get(Array)
#7 C:/Users/DELL/Downloads/Ascend AI/vendor/laravel/framework/src/Illuminate/Database/Eloquent/Builder.php(889): Illuminate/Database/Eloquent/Builder->getModels(Array)
#8 C:/Users/DELL/Downloads/Ascend AI/vendor/laravel/framework/src/Illuminate/Database/Concerns/BuildsQueries.php(367): Illuminate/Database/Eloquent/Builder->get(Array)
#9 C:/Users/DELL/Downloads/Ascend AI/vendor/laravel/framework/src/Illuminate/Auth/EloquentUserProvider.php(58): Illuminate/Database/Eloquent/Builder->first()
#10 C:/Users/DELL/Downloads/Ascend AI/vendor/laravel/framework/src/Illuminate/Auth/SessionGuard.php(189): Illuminate/Auth/EloquentUserProvider->retrieveById(1)
#11 C:/Users/DELL/Downloads/Ascend AI/vendor/laravel/framework/src/Illuminate/Auth/AuthManager.php(56): Illuminate/Auth/SessionGuard->user()
#12 [internal function]: Illuminate/Auth/AuthManager->Illuminate/Auth/{closure}(NULL)
#13 C:/Users/DELL/Downloads/Ascend AI/vendor/laravel/framework/src/Illuminate/Auth/AuthServiceProvider.php(89): call_user_func(Object(Closure), NULL)
#14 [internal function]: Illuminate/Auth/AuthServiceProvider->Illuminate/Auth/{closure}(NULL)
#15 C:/Users/DELL/Downloads/Ascend AI/vendor/laravel/framework/src/Illuminate/Http/Request.php(670): call_user_func(Object(Closure), NULL)
#16 C:/Users/DELL/Downloads/Ascend AI/modules/AdminLanguages/Support/LocaleManager.php(29): Illuminate/Http/Request->user()
#17 C:/Users/DELL/Downloads/Ascend AI/modules/AdminLanguages/Http/Middleware/SetLocale.php(18): Modules/AdminLanguages/Support/LocaleManager->resolve(Object(Illuminate/Http/Request))
#18 C:/Users/DELL/Downloads/Ascend AI/vendor/laravel/framework/src/Illuminate/Pipeline/Pipeline.php(219): Modules/AdminLanguages/Http/Middleware/SetLocale->handle(Object(Illuminate/Http/Request), Object(Closure))
#19 C:/Users/DELL/Downloads/Ascend AI/vendor/laravel/framework/src/Illuminate/Routing/Middleware/SubstituteBindings.php(52): Illuminate/Pipeline/Pipeline->Illuminate/Pipeline/{closure}(Object(Illuminate/Http/Request))
#20 C:/Users/DELL/Downloads/Ascend AI/vendor/laravel/framework/src/Illuminate/Pipeline/Pipeline.php(219): Illuminate/Routing/Middleware/SubstituteBindings->handle(Object(Illuminate/Http/Request), Object(Closure))
#21 C:/Users/DELL/Downloads/Ascend AI/vendor/laravel/framework/src/Illuminate/Foundation/Http/Middleware/PreventRequestForgery.php(104): Illuminate/Pipeline/Pipeline->Illuminate/Pipeline/{closure}(Object(Illuminate/Http/Request))
#22 C:/Users/DELL/Downloads/Ascend AI/vendor/laravel/framework/src/Illuminate/Pipeline/Pipeline.php(219): Illuminate/Foundation/Http/Middleware/PreventRequestForgery->handle(Object(Illuminate/Http/Request), Object(Closure))
#23 C:/Users/DELL/Downloads/Ascend AI/vendor/laravel/framework/src/Illuminate/View/Middleware/ShareErrorsFromSession.php(48): Illuminate/Pipeline/Pipeline->Illuminate/Pipeline/{closure}(Object(Illuminate/Http/Request))
#24 C:/Users/DELL/Downloads/Ascend AI/vendor/laravel/framework/src/Illuminate/Pipeline/Pipeline.php(219): Illuminate/View/Middleware/ShareErrorsFromSession->handle(Object(Illuminate/Http/Request), Object(Closure))
#25 C:/Users/DELL/Downloads/Ascend AI/vendor/laravel/framework/src/Illuminate/Session/Middleware/StartSession.php(120): Illuminate/Pipeline/Pipeline->Illuminate/Pipeline/{closure}(Object(Illuminate/Http/Request))
#26 C:/Users/DELL/Downloads/Ascend AI/vendor/laravel/framework/src/Illuminate/Session/Middleware/StartSession.php(63): Illuminate/Session/Middleware/StartSession->handleStatefulRequest(Object(Illuminate/Http/Request), Object(Illuminate/Session/Store), Object(Closure))
#27 C:/Users/DELL/Downloads/Ascend AI/vendor/laravel/framework/src/Illuminate/Pipeline/Pipeline.php(219): Illuminate/Session/Middleware/StartSession->handle(Object(Illuminate/Http/Request), Object(Closure))
#28 C:/Users/DELL/Downloads/Ascend AI/vendor/laravel/framework/src/Illuminate/Cookie/Middleware/AddQueuedCookiesToResponse.php(36): Illuminate/Pipeline/Pipeline->Illuminate/Pipeline/{closure}(Object(Illuminate/Http/Request))
#29 C:/Users/DELL/Downloads/Ascend AI/vendor/laravel/framework/src/Illuminate/Pipeline/Pipeline.php(219): Illuminate/Cookie/Middleware/AddQueuedCookiesToResponse->handle(Object(Illuminate/Http/Request), Object(Closure))
#30 C:/Users/DELL/Downloads/Ascend AI/vendor/laravel/framework/src/Illuminate/Cookie/Middleware/EncryptCookies.php(74): Illuminate/Pipeline/Pipeline->Illuminate/Pipeline/{closure}(Object(Illuminate/Http/Request))
#31 C:/Users/DELL/Downloads/Ascend AI/vendor/laravel/framework/src/Illuminate/Pipeline/Pipeline.php(219): Illuminate/Cookie/Middleware/EncryptCookies->handle(Object(Illuminate/Http/Request), Object(Closure))
#32 C:/Users/DELL/Downloads/Ascend AI/app/Installer/Http/Middleware/PrepareInstallation.php(29): Illuminate/Pipeline/Pipeline->Illuminate/Pipeline/{closure}(Object(Illuminate/Http/Request))
#33 C:/Users/DELL/Downloads/Ascend AI/vendor/laravel/framework/src/Illuminate/Pipeline/Pipeline.php(219): App/Installer/Http/Middleware/PrepareInstallation->handle(Object(Illuminate/Http/Request), Object(Closure))
#34 C:/Users/DELL/Downloads/Ascend AI/vendor/laravel/framework/src/Illuminate/Pipeline/Pipeline.php(137): Illuminate/Pipeline/Pipeline->Illuminate/Pipeline/{closure}(Object(Illuminate/Http/Request))
#35 C:/Users/DELL/Downloads/Ascend AI/vendor/laravel/framework/src/Illuminate/Routing/Router.php(821): Illuminate/Pipeline/Pipeline->then(Object(Closure))
#36 C:/Users/DELL/Downloads/Ascend AI/vendor/laravel/framework/src/Illuminate/Routing/Router.php(800): Illuminate/Routing/Router->runRouteWithinStack(Object(Illuminate/Routing/Route), Object(Illuminate/Http/Request))
#37 C:/Users/DELL/Downloads/Ascend AI/vendor/laravel/framework/src/Illuminate/Routing/Router.php(764): Illuminate/Routing/Router->runRoute(Object(Illuminate/Http/Request), Object(Illuminate/Routing/Route))
#38 C:/Users/DELL/Downloads/Ascend AI/vendor/laravel/framework/src/Illuminate/Routing/Router.php(753): Illuminate/Routing/Router->dispatchToRoute(Object(Illuminate/Http/Request))
#39 C:/Users/DELL/Downloads/Ascend AI/vendor/laravel/framework/src/Illuminate/Foundation/Http/Kernel.php(200): Illuminate/Routing/Router->dispatch(Object(Illuminate/Http/Request))
#40 C:/Users/DELL/Downloads/Ascend AI/vendor/laravel/framework/src/Illuminate/Pipeline/Pipeline.php(180): Illuminate/Foundation/Http/Kernel->Illuminate/Foundation/Http/{closure}(Object(Illuminate/Http/Request))
#41 C:/Users/DELL/Downloads/Ascend AI/vendor/livewire/livewire/src/Features/SupportDisablingBackButtonCache/DisableBackButtonCacheMiddleware.php(19): Illuminate/Pipeline/Pipeline->Illuminate/Pipeline/{closure}(Object(Illuminate/Http/Request))
#42 C:/Users/DELL/Downloads/Ascend AI/vendor/laravel/framework/src/Illuminate/Pipeline/Pipeline.php(219): Livewire/Features/SupportDisablingBackButtonCache/DisableBackButtonCacheMiddleware->handle(Object(Illuminate/Http/Request), Object(Closure))
#43 C:/Users/DELL/Downloads/Ascend AI/vendor/laravel/framework/src/Illuminate/Foundation/Http/Middleware/TransformsRequest.php(21): Illuminate/Pipeline/Pipeline->Illuminate/Pipeline/{closure}(Object(Illuminate/Http/Request))
#44 C:/Users/DELL/Downloads/Ascend AI/vendor/laravel/framework/src/Illuminate/Foundation/Http/Middleware/ConvertEmptyStringsToNull.php(31): Illuminate/Foundation/Http/Middleware/TransformsRequest->handle(Object(Illuminate/Http/Request), Object(Closure))
#45 C:/Users/DELL/Downloads/Ascend AI/vendor/laravel/framework/src/Illuminate/Pipeline/Pipeline.php(219): Illuminate/Foundation/Http/Middleware/ConvertEmptyStringsToNull->handle(Object(Illuminate/Http/Request), Object(Closure))
#46 C:/Users/DELL/Downloads/Ascend AI/vendor/laravel/framework/src/Illuminate/Foundation/Http/Middleware/TransformsRequest.php(21): Illuminate/Pipeline/Pipeline->Illuminate/Pipeline/{closure}(Object(Illuminate/Http/Request))
#47 C:/Users/DELL/Downloads/Ascend AI/vendor/laravel/framework/src/Illuminate/Foundation/Http/Middleware/TrimStrings.php(51): Illuminate/Foundation/Http/Middleware/TransformsRequest->handle(Object(Illuminate/Http/Request), Object(Closure))
#48 C:/Users/DELL/Downloads/Ascend AI/vendor/laravel/framework/src/Illuminate/Pipeline/Pipeline.php(219): Illuminate/Foundation/Http/Middleware/TrimStrings->handle(Object(Illuminate/Http/Request), Object(Closure))
#49 C:/Users/DELL/Downloads/Ascend AI/vendor/laravel/framework/src/Illuminate/Http/Middleware/ValidatePostSize.php(27): Illuminate/Pipeline/Pipeline->Illuminate/Pipeline/{closure}(Object(Illuminate/Http/Request))
#50 C:/Users/DELL/Downloads/Ascend AI/vendor/laravel/framework/src/Illuminate/Pipeline/Pipeline.php(219): Illuminate/Http/Middleware/ValidatePostSize->handle(Object(Illuminate/Http/Request), Object(Closure))
#51 C:/Users/DELL/Downloads/Ascend AI/vendor/laravel/framework/src/Illuminate/Foundation/Http/Middleware/PreventRequestsDuringMaintenance.php(109): Illuminate/Pipeline/Pipeline->Illuminate/Pipeline/{closure}(Object(Illuminate/Http/Request))
#52 C:/Users/DELL/Downloads/Ascend AI/vendor/laravel/framework/src/Illuminate/Pipeline/Pipeline.php(219): Illuminate/Foundation/Http/Middleware/PreventRequestsDuringMaintenance->handle(Object(Illuminate/Http/Request), Object(Closure))
#53 C:/Users/DELL/Downloads/Ascend AI/vendor/laravel/framework/src/Illuminate/Http/Middleware/HandleCors.php(61): Illuminate/Pipeline/Pipeline->Illuminate/Pipeline/{closure}(Object(Illuminate/Http/Request))
#54 C:/Users/DELL/Downloads/Ascend AI/vendor/laravel/framework/src/Illuminate/Pipeline/Pipeline.php(219): Illuminate/Http/Middleware/HandleCors->handle(Object(Illuminate/Http/Request), Object(Closure))
#55 C:/Users/DELL/Downloads/Ascend AI/vendor/laravel/framework/src/Illuminate/Http/Middleware/TrustProxies.php(58): Illuminate/Pipeline/Pipeline->Illuminate/Pipeline/{closure}(Object(Illuminate/Http/Request))
#56 C:/Users/DELL/Downloads/Ascend AI/vendor/laravel/framework/src/Illuminate/Pipeline/Pipeline.php(219): Illuminate/Http/Middleware/TrustProxies->handle(Object(Illuminate/Http/Request), Object(Closure))
#57 C:/Users/DELL/Downloads/Ascend AI/vendor/laravel/framework/src/Illuminate/Foundation/Http/Middleware/InvokeDeferredCallbacks.php(22): Illuminate/Pipeline/Pipeline->Illuminate/Pipeline/{closure}(Object(Illuminate/Http/Request))
#58 C:/Users/DELL/Downloads/Ascend AI/vendor/laravel/framework/src/Illuminate/Pipeline/Pipeline.php(219): Illuminate/Foundation/Http/Middleware/InvokeDeferredCallbacks->handle(Object(Illuminate/Http/Request), Object(Closure))
#59 C:/Users/DELL/Downloads/Ascend AI/vendor/laravel/framework/src/Illuminate/Http/Middleware/ValidatePathEncoding.php(28): Illuminate/Pipeline/Pipeline->Illuminate/Pipeline/{closure}(Object(Illuminate/Http/Request))
#60 C:/Users/DELL/Downloads/Ascend AI/vendor/laravel/framework/src/Illuminate/Pipeline/Pipeline.php(219): Illuminate/Http/Middleware/ValidatePathEncoding->handle(Object(Illuminate/Http/Request), Object(Closure))
#61 C:/Users/DELL/Downloads/Ascend AI/vendor/laravel/framework/src/Illuminate/Pipeline/Pipeline.php(137): Illuminate/Pipeline/Pipeline->Illuminate/Pipeline/{closure}(Object(Illuminate/Http/Request))
#62 C:/Users/DELL/Downloads/Ascend AI/vendor/laravel/framework/src/Illuminate/Foundation/Http/Kernel.php(175): Illuminate/Pipeline/Pipeline->then(Object(Closure))
#63 C:/Users/DELL/Downloads/Ascend AI/vendor/laravel/framework/src/Illuminate/Foundation/Http/Kernel.php(144): Illuminate/Foundation/Http/Kernel->sendRequestThroughRouter(Object(Illuminate/Http/Request))
#64 C:/Users/DELL/Downloads/Ascend AI/vendor/laravel/framework/src/Illuminate/Foundation/Application.php(1220): Illuminate/Foundation/Http/Kernel->handle(Object(Illuminate/Http/Request))
#65 C:/Users/DELL/Downloads/Ascend AI/public/index.php(20): Illuminate/Foundation/Application->handleRequest(Object(Illuminate/Http/Request))
#66 C:/Users/DELL/Downloads/Ascend AI/vendor/laravel/framework/src/Illuminate/Foundation/resources/server.php(23): require_once('C://Users//DELL//D...')
#67 {main}
"} 
[2026-08-09 13:31:15] local.ERROR: SQLSTATE[HY000]: General error: 1 no such table: users (Connection: sqlite, Database: database/database.sqlite, SQL: select * from "users" where "id" = 1 limit 1) {"exception":"[object] (Illuminate\\Database\\QueryException(code: HY000): SQLSTATE[HY000]: General error: 1 no such table: users (Connection: sqlite, Database: database/database.sqlite, SQL: select * from \"users\" where \"id\" = 1 limit 1) at C:/Users/DELL/Downloads/Ascend AI/vendor/laravel/framework/src/Illuminate/Database/Connection.php:841)
[stacktrace]
#0 C:/Users/DELL/Downloads/Ascend AI/vendor/laravel/framework/src/Illuminate/Database/Connection.php(797): Illuminate/Database/Connection->runQueryCallback('select * from \"...', Array, Object(Closure))
#1 C:/Users/DELL/Downloads/Ascend AI/vendor/laravel/framework/src/Illuminate/Database/Connection.php(412): Illuminate/Database/Connection->run('select * from \"...', Array, Object(Closure))
#2 C:/Users/DELL/Downloads/Ascend AI/vendor/laravel/framework/src/Illuminate/Database/Query/Builder.php(3562): Illuminate/Database/Connection->select('select * from \"...', Array, true, Array)
#3 C:/Users/DELL/Downloads/Ascend AI/vendor/laravel/framework/src/Illuminate/Database/Query/Builder.php(3546): Illuminate/Database/Query/Builder->runSelect()
#4 C:/Users/DELL/Downloads/Ascend AI/vendor/laravel/framework/src/Illuminate/Database/Eloquent/Builder.php(907): Illuminate/Database/Query/Builder->get(Array)
#5 C:/Users/DELL/Downloads/Ascend AI/vendor/laravel/framework/src/Illuminate/Database/Eloquent/Builder.php(889): Illuminate/Database/Eloquent/Builder->getModels(Array)
#6 C:/Users/DELL/Downloads/Ascend AI/vendor/laravel/framework/src/Illuminate/Database/Concerns/BuildsQueries.php(367): Illuminate/Database/Eloquent/Builder->get(Array)
#7 C:/Users/DELL/Downloads/Ascend AI/vendor/laravel/framework/src/Illuminate/Auth/EloquentUserProvider.php(58): Illuminate/Database/Eloquent/Builder->first()
#8 C:/Users/DELL/Downloads/Ascend AI/vendor/laravel/framework/src/Illuminate/Auth/SessionGuard.php(189): Illuminate/Auth/EloquentUserProvider->retrieveById(1)
#9 C:/Users/DELL/Downloads/Ascend AI/vendor/laravel/framework/src/Illuminate/Auth/AuthManager.php(56): Illuminate/Auth/SessionGuard->user()
#10 [internal function]: Illuminate/Auth/AuthManager->Illuminate/Auth/{closure}(NULL)
#11 C:/Users/DELL/Downloads/Ascend AI/vendor/laravel/framework/src/Illuminate/Auth/AuthServiceProvider.php(89): call_user_func(Object(Closure), NULL)
#12 [internal function]: Illuminate/Auth/AuthServiceProvider->Illuminate/Auth/{closure}(NULL)
#13 C:/Users/DELL/Downloads/Ascend AI/vendor/laravel/framework/src/Illuminate/Http/Request.php(670): call_user_func(Object(Closure), NULL)
#14 C:/Users/DELL/Downloads/Ascend AI/modules/AdminLanguages/Support/LocaleManager.php(29): Illuminate/Http/Request->user()
#15 C:/Users/DELL/Downloads/Ascend AI/modules/AdminLanguages/Http/Middleware/SetLocale.php(18): Modules/AdminLanguages/Support/LocaleManager->resolve(Object(Illuminate/Http/Request))
#16 C:/Users/DELL/Downloads/Ascend AI/vendor/laravel/framework/src/Illuminate/Pipeline/Pipeline.php(219): Modules/AdminLanguages/Http/Middleware/SetLocale->handle(Object(Illuminate/Http/Request), Object(Closure))
#17 C:/Users/DELL/Downloads/Ascend AI/vendor/laravel/framework/src/Illuminate/Routing/Middleware/SubstituteBindings.php(52): Illuminate/Pipeline/Pipeline->Illuminate/Pipeline/{closure}(Object(Illuminate/Http/Request))
#18 C:/Users/DELL/Downloads/Ascend AI/vendor/laravel/framework/src/Illuminate/Pipeline/Pipeline.php(219): Illuminate/Routing/Middleware/SubstituteBindings->handle(Object(Illuminate/Http/Request), Object(Closure))
#19 C:/Users/DELL/Downloads/Ascend AI/vendor/laravel/framework/src/Illuminate/Foundation/Http/Middleware/PreventRequestForgery.php(104): Illuminate/Pipeline/Pipeline->Illuminate/Pipeline/{closure}(Object(Illuminate/Http/Request))
#20 C:/Users/DELL/Downloads/Ascend AI/vendor/laravel/framework/src/Illuminate/Pipeline/Pipeline.php(219): Illuminate/Foundation/Http/Middleware/PreventRequestForgery->handle(Object(Illuminate/Http/Request), Object(Closure))
#21 C:/Users/DELL/Downloads/Ascend AI/vendor/laravel/framework/src/Illuminate/View/Middleware/ShareErrorsFromSession.php(48): Illuminate/Pipeline/Pipeline->Illuminate/Pipeline/{closure}(Object(Illuminate/Http/Request))
#22 C:/Users/DELL/Downloads/Ascend AI/vendor/laravel/framework/src/Illuminate/Pipeline/Pipeline.php(219): Illuminate/View/Middleware/ShareErrorsFromSession->handle(Object(Illuminate/Http/Request), Object(Closure))
#23 C:/Users/DELL/Downloads/Ascend AI/vendor/laravel/framework/src/Illuminate/Session/Middleware/StartSession.php(120): Illuminate/Pipeline/Pipeline->Illuminate/Pipeline/{closure}(Object(Illuminate/Http/Request))
#24 C:/Users/DELL/Downloads/Ascend AI/vendor/laravel/framework/src/Illuminate/Session/Middleware/StartSession.php(63): Illuminate/Session/Middleware/StartSession->handleStatefulRequest(Object(Illuminate/Http/Request), Object(Illuminate/Session/Store), Object(Closure))
#25 C:/Users/DELL/Downloads/Ascend AI/vendor/laravel/framework/src/Illuminate/Pipeline/Pipeline.php(219): Illuminate/Session/Middleware/StartSession->handle(Object(Illuminate/Http/Request), Object(Closure))
#26 C:/Users/DELL/Downloads/Ascend AI/vendor/laravel/framework/src/Illuminate/Cookie/Middleware/AddQueuedCookiesToResponse.php(36): Illuminate/Pipeline/Pipeline->Illuminate/Pipeline/{closure}(Object(Illuminate/Http/Request))
#27 C:/Users/DELL/Downloads/Ascend AI/vendor/laravel/framework/src/Illuminate/Pipeline/Pipeline.php(219): Illuminate/Cookie/Middleware/AddQueuedCookiesToResponse->handle(Object(Illuminate/Http/Request), Object(Closure))
#28 C:/Users/DELL/Downloads/Ascend AI/vendor/laravel/framework/src/Illuminate/Cookie/Middleware/EncryptCookies.php(74): Illuminate/Pipeline/Pipeline->Illuminate/Pipeline/{closure}(Object(Illuminate/Http/Request))
#29 C:/Users/DELL/Downloads/Ascend AI/vendor/laravel/framework/src/Illuminate/Pipeline/Pipeline.php(219): Illuminate/Cookie/Middleware/EncryptCookies->handle(Object(Illuminate/Http/Request), Object(Closure))
#30 C:/Users/DELL/Downloads/Ascend AI/app/Installer/Http/Middleware/PrepareInstallation.php(29): Illuminate/Pipeline/Pipeline->Illuminate/Pipeline/{closure}(Object(Illuminate/Http/Request))
#31 C:/Users/DELL/Downloads/Ascend AI/vendor/laravel/framework/src/Illuminate/Pipeline/Pipeline.php(219): App/Installer/Http/Middleware/PrepareInstallation->handle(Object(Illuminate/Http/Request), Object(Closure))
#32 C:/Users/DELL/Downloads/Ascend AI/vendor/laravel/framework/src/Illuminate/Pipeline/Pipeline.php(137): Illuminate/Pipeline/Pipeline->Illuminate/Pipeline/{closure}(Object(Illuminate/Http/Request))
#33 C:/Users/DELL/Downloads/Ascend AI/vendor/laravel/framework/src/Illuminate/Routing/Router.php(821): Illuminate/Pipeline/Pipeline->then(Object(Closure))
#34 C:/Users/DELL/Downloads/Ascend AI/vendor/laravel/framework/src/Illuminate/Routing/Router.php(800): Illuminate/Routing/Router->runRouteWithinStack(Object(Illuminate/Routing/Route), Object(Illuminate/Http/Request))
#35 C:/Users/DELL/Downloads/Ascend AI/vendor/laravel/framework/src/Illuminate/Routing/Router.php(764): Illuminate/Routing/Router->runRoute(Object(Illuminate/Http/Request), Object(Illuminate/Routing/Route))
#36 C:/Users/DELL/Downloads/Ascend AI/vendor/laravel/framework/src/Illuminate/Routing/Router.php(753): Illuminate/Routing/Router->dispatchToRoute(Object(Illuminate/Http/Request))
#37 C:/Users/DELL/Downloads/Ascend AI/vendor/laravel/framework/src/Illuminate/Foundation/Http/Kernel.php(200): Illuminate/Routing/Router->dispatch(Object(Illuminate/Http/Request))
#38 C:/Users/DELL/Downloads/Ascend AI/vendor/laravel/framework/src/Illuminate/Pipeline/Pipeline.php(180): Illuminate/Foundation/Http/Kernel->Illuminate/Foundation/Http/{closure}(Object(Illuminate/Http/Request))
#39 C:/Users/DELL/Downloads/Ascend AI/vendor/livewire/livewire/src/Features/SupportDisablingBackButtonCache/DisableBackButtonCacheMiddleware.php(19): Illuminate/Pipeline/Pipeline->Illuminate/Pipeline/{closure}(Object(Illuminate/Http/Request))
#40 C:/Users/DELL/Downloads/Ascend AI/vendor/laravel/framework/src/Illuminate/Pipeline/Pipeline.php(219): Livewire/Features/SupportDisablingBackButtonCache/DisableBackButtonCacheMiddleware->handle(Object(Illuminate/Http/Request), Object(Closure))
#41 C:/Users/DELL/Downloads/Ascend AI/vendor/laravel/framework/src/Illuminate/Foundation/Http/Middleware/TransformsRequest.php(21): Illuminate/Pipeline/Pipeline->Illuminate/Pipeline/{closure}(Object(Illuminate/Http/Request))
#42 C:/Users/DELL/Downloads/Ascend AI/vendor/laravel/framework/src/Illuminate/Foundation/Http/Middleware/ConvertEmptyStringsToNull.php(31): Illuminate/Foundation/Http/Middleware/TransformsRequest->handle(Object(Illuminate/Http/Request), Object(Closure))
#43 C:/Users/DELL/Downloads/Ascend AI/vendor/laravel/framework/src/Illuminate/Pipeline/Pipeline.php(219): Illuminate/Foundation/Http/Middleware/ConvertEmptyStringsToNull->handle(Object(Illuminate/Http/Request), Object(Closure))
#44 C:/Users/DELL/Downloads/Ascend AI/vendor/laravel/framework/src/Illuminate/Foundation/Http/Middleware/TransformsRequest.php(21): Illuminate/Pipeline/Pipeline->Illuminate/Pipeline/{closure}(Object(Illuminate/Http/Request))
#45 C:/Users/DELL/Downloads/Ascend AI/vendor/laravel/framework/src/Illuminate/Foundation/Http/Middleware/TrimStrings.php(51): Illuminate/Foundation/Http/Middleware/TransformsRequest->handle(Object(Illuminate/Http/Request), Object(Closure))
#46 C:/Users/DELL/Downloads/Ascend AI/vendor/laravel/framework/src/Illuminate/Pipeline/Pipeline.php(219): Illuminate/Foundation/Http/Middleware/TrimStrings->handle(Object(Illuminate/Http/Request), Object(Closure))
#47 C:/Users/DELL/Downloads/Ascend AI/vendor/laravel/framework/src/Illuminate/Http/Middleware/ValidatePostSize.php(27): Illuminate/Pipeline/Pipeline->Illuminate/Pipeline/{closure}(Object(Illuminate/Http/Request))
#48 C:/Users/DELL/Downloads/Ascend AI/vendor/laravel/framework/src/Illuminate/Pipeline/Pipeline.php(219): Illuminate/Http/Middleware/ValidatePostSize->handle(Object(Illuminate/Http/Request), Object(Closure))
#49 C:/Users/DELL/Downloads/Ascend AI/vendor/laravel/framework/src/Illuminate/Foundation/Http/Middleware/PreventRequestsDuringMaintenance.php(109): Illuminate/Pipeline/Pipeline->Illuminate/Pipeline/{closure}(Object(Illuminate/Http/Request))
#50 C:/Users/DELL/Downloads/Ascend AI/vendor/laravel/framework/src/Illuminate/Pipeline/Pipeline.php(219): Illuminate/Foundation/Http/Middleware/PreventRequestsDuringMaintenance->handle(Object(Illuminate/Http/Request), Object(Closure))
#51 C:/Users/DELL/Downloads/Ascend AI/vendor/laravel/framework/src/Illuminate/Http/Middleware/HandleCors.php(61): Illuminate/Pipeline/Pipeline->Illuminate/Pipeline/{closure}(Object(Illuminate/Http/Request))
#52 C:/Users/DELL/Downloads/Ascend AI/vendor/laravel/framework/src/Illuminate/Pipeline/Pipeline.php(219): Illuminate/Http/Middleware/HandleCors->handle(Object(Illuminate/Http/Request), Object(Closure))
#53 C:/Users/DELL/Downloads/Ascend AI/vendor/laravel/framework/src/Illuminate/Http/Middleware/TrustProxies.php(58): Illuminate/Pipeline/Pipeline->Illuminate/Pipeline/{closure}(Object(Illuminate/Http/Request))
#54 C:/Users/DELL/Downloads/Ascend AI/vendor/laravel/framework/src/Illuminate/Pipeline/Pipeline.php(219): Illuminate/Http/Middleware/TrustProxies->handle(Object(Illuminate/Http/Request), Object(Closure))
#55 C:/Users/DELL/Downloads/Ascend AI/vendor/laravel/framework/src/Illuminate/Foundation/Http/Middleware/InvokeDeferredCallbacks.php(22): Illuminate/Pipeline/Pipeline->Illuminate/Pipeline/{closure}(Object(Illuminate/Http/Request))
#56 C:/Users/DELL/Downloads/Ascend AI/vendor/laravel/framework/src/Illuminate/Pipeline/Pipeline.php(219): Illuminate/Foundation/Http/Middleware/InvokeDeferredCallbacks->handle(Object(Illuminate/Http/Request), Object(Closure))
#57 C:/Users/DELL/Downloads/Ascend AI/vendor/laravel/framework/src/Illuminate/Http/Middleware/ValidatePathEncoding.php(28): Illuminate/Pipeline/Pipeline->Illuminate/Pipeline/{closure}(Object(Illuminate/Http/Request))
#58 C:/Users/DELL/Downloads/Ascend AI/vendor/laravel/framework/src/Illuminate/Pipeline/Pipeline.php(219): Illuminate/Http/Middleware/ValidatePathEncoding->handle(Object(Illuminate/Http/Request), Object(Closure))
#59 C:/Users/DELL/Downloads/Ascend AI/vendor/laravel/framework/src/Illuminate/Pipeline/Pipeline.php(137): Illuminate/Pipeline/Pipeline->Illuminate/Pipeline/{closure}(Object(Illuminate/Http/Request))
#60 C:/Users/DELL/Downloads/Ascend AI/vendor/laravel/framework/src/Illuminate/Foundation/Http/Kernel.php(175): Illuminate/Pipeline/Pipeline->then(Object(Closure))
#61 C:/Users/DELL/Downloads/Ascend AI/vendor/laravel/framework/src/Illuminate/Foundation/Http/Kernel.php(144): Illuminate/Foundation/Http/Kernel->sendRequestThroughRouter(Object(Illuminate/Http/Request))
#62 C:/Users/DELL/Downloads/Ascend AI/vendor/laravel/framework/src/Illuminate/Foundation/Application.php(1220): Illuminate/Foundation/Http/Kernel->handle(Object(Illuminate/Http/Request))
#63 C:/Users/DELL/Downloads/Ascend AI/public/index.php(20): Illuminate/Foundation/Application->handleRequest(Object(Illuminate/Http/Request))
#64 C:/Users/DELL/Downloads/Ascend AI/vendor/laravel/framework/src/Illuminate/Foundation/resources/server.php(23): require_once('C://Users//DELL//D...')
#65 {main}

[previous exception] [object] (PDOException(code: HY000): SQLSTATE[HY000]: General error: 1 no such table: users at C:/Users/DELL/Downloads/Ascend AI/vendor/laravel/framework/src/Illuminate/Database/Connection.php:421)
[stacktrace]
#0 C:/Users/DELL/Downloads/Ascend AI/vendor/laravel/framework/src/Illuminate/Database/Connection.php(421): PDO->prepare('select * from \"...')
#1 C:/Users/DELL/Downloads/Ascend AI/vendor/laravel/framework/src/Illuminate/Database/Connection.php(830): Illuminate/Database/Connection->Illuminate/Database/{closure}('select * from \"...', Array)
#2 C:/Users/DELL/Downloads/Ascend AI/vendor/laravel/framework/src/Illuminate/Database/Connection.php(797): Illuminate/Database/Connection->runQueryCallback('select * from \"...', Array, Object(Closure))
#3 C:/Users/DELL/Downloads/Ascend AI/vendor/laravel/framework/src/Illuminate/Database/Connection.php(412): Illuminate/Database/Connection->run('select * from \"...', Array, Object(Closure))
#4 C:/Users/DELL/Downloads/Ascend AI/vendor/laravel/framework/src/Illuminate/Database/Query/Builder.php(3562): Illuminate/Database/Connection->select('select * from \"...', Array, true, Array)
#5 C:/Users/DELL/Downloads/Ascend AI/vendor/laravel/framework/src/Illuminate/Database/Query/Builder.php(3546): Illuminate/Database/Query/Builder->runSelect()
#6 C:/Users/DELL/Downloads/Ascend AI/vendor/laravel/framework/src/Illuminate/Database/Eloquent/Builder.php(907): Illuminate/Database/Query/Builder->get(Array)
#7 C:/Users/DELL/Downloads/Ascend AI/vendor/laravel/framework/src/Illuminate/Database/Eloquent/Builder.php(889): Illuminate/Database/Eloquent/Builder->getModels(Array)
#8 C:/Users/DELL/Downloads/Ascend AI/vendor/laravel/framework/src/Illuminate/Database/Concerns/BuildsQueries.php(367): Illuminate/Database/Eloquent/Builder->get(Array)
#9 C:/Users/DELL/Downloads/Ascend AI/vendor/laravel/framework/src/Illuminate/Auth/EloquentUserProvider.php(58): Illuminate/Database/Eloquent/Builder->first()
#10 C:/Users/DELL/Downloads/Ascend AI/vendor/laravel/framework/src/Illuminate/Auth/SessionGuard.php(189): Illuminate/Auth/EloquentUserProvider->retrieveById(1)
#11 C:/Users/DELL/Downloads/Ascend AI/vendor/laravel/framework/src/Illuminate/Auth/AuthManager.php(56): Illuminate/Auth/SessionGuard->user()
#12 [internal function]: Illuminate/Auth/AuthManager->Illuminate/Auth/{closure}(NULL)
#13 C:/Users/DELL/Downloads/Ascend AI/vendor/laravel/framework/src/Illuminate/Auth/AuthServiceProvider.php(89): call_user_func(Object(Closure), NULL)
#14 [internal function]: Illuminate/Auth/AuthServiceProvider->Illuminate/Auth/{closure}(NULL)
#15 C:/Users/DELL/Downloads/Ascend AI/vendor/laravel/framework/src/Illuminate/Http/Request.php(670): call_user_func(Object(Closure), NULL)
#16 C:/Users/DELL/Downloads/Ascend AI/modules/AdminLanguages/Support/LocaleManager.php(29): Illuminate/Http/Request->user()
#17 C:/Users/DELL/Downloads/Ascend AI/modules/AdminLanguages/Http/Middleware/SetLocale.php(18): Modules/AdminLanguages/Support/LocaleManager->resolve(Object(Illuminate/Http/Request))
#18 C:/Users/DELL/Downloads/Ascend AI/vendor/laravel/framework/src/Illuminate/Pipeline/Pipeline.php(219): Modules/AdminLanguages/Http/Middleware/SetLocale->handle(Object(Illuminate/Http/Request), Object(Closure))
#19 C:/Users/DELL/Downloads/Ascend AI/vendor/laravel/framework/src/Illuminate/Routing/Middleware/SubstituteBindings.php(52): Illuminate/Pipeline/Pipeline->Illuminate/Pipeline/{closure}(Object(Illuminate/Http/Request))
#20 C:/Users/DELL/Downloads/Ascend AI/vendor/laravel/framework/src/Illuminate/Pipeline/Pipeline.php(219): Illuminate/Routing/Middleware/SubstituteBindings->handle(Object(Illuminate/Http/Request), Object(Closure))
#21 C:/Users/DELL/Downloads/Ascend AI/vendor/laravel/framework/src/Illuminate/Foundation/Http/Middleware/PreventRequestForgery.php(104): Illuminate/Pipeline/Pipeline->Illuminate/Pipeline/{closure}(Object(Illuminate/Http/Request))
#22 C:/Users/DELL/Downloads/Ascend AI/vendor/laravel/framework/src/Illuminate/Pipeline/Pipeline.php(219): Illuminate/Foundation/Http/Middleware/PreventRequestForgery->handle(Object(Illuminate/Http/Request), Object(Closure))
#23 C:/Users/DELL/Downloads/Ascend AI/vendor/laravel/framework/src/Illuminate/View/Middleware/ShareErrorsFromSession.php(48): Illuminate/Pipeline/Pipeline->Illuminate/Pipeline/{closure}(Object(Illuminate/Http/Request))
#24 C:/Users/DELL/Downloads/Ascend AI/vendor/laravel/framework/src/Illuminate/Pipeline/Pipeline.php(219): Illuminate/View/Middleware/ShareErrorsFromSession->handle(Object(Illuminate/Http/Request), Object(Closure))
#25 C:/Users/DELL/Downloads/Ascend AI/vendor/laravel/framework/src/Illuminate/Session/Middleware/StartSession.php(120): Illuminate/Pipeline/Pipeline->Illuminate/Pipeline/{closure}(Object(Illuminate/Http/Request))
#26 C:/Users/DELL/Downloads/Ascend AI/vendor/laravel/framework/src/Illuminate/Session/Middleware/StartSession.php(63): Illuminate/Session/Middleware/StartSession->handleStatefulRequest(Object(Illuminate/Http/Request), Object(Illuminate/Session/Store), Object(Closure))
#27 C:/Users/DELL/Downloads/Ascend AI/vendor/laravel/framework/src/Illuminate/Pipeline/Pipeline.php(219): Illuminate/Session/Middleware/StartSession->handle(Object(Illuminate/Http/Request), Object(Closure))
#28 C:/Users/DELL/Downloads/Ascend AI/vendor/laravel/framework/src/Illuminate/Cookie/Middleware/AddQueuedCookiesToResponse.php(36): Illuminate/Pipeline/Pipeline->Illuminate/Pipeline/{closure}(Object(Illuminate/Http/Request))
#29 C:/Users/DELL/Downloads/Ascend AI/vendor/laravel/framework/src/Illuminate/Pipeline/Pipeline.php(219): Illuminate/Cookie/Middleware/AddQueuedCookiesToResponse->handle(Object(Illuminate/Http/Request), Object(Closure))
#30 C:/Users/DELL/Downloads/Ascend AI/vendor/laravel/framework/src/Illuminate/Cookie/Middleware/EncryptCookies.php(74): Illuminate/Pipeline/Pipeline->Illuminate/Pipeline/{closure}(Object(Illuminate/Http/Request))
#31 C:/Users/DELL/Downloads/Ascend AI/vendor/laravel/framework/src/Illuminate/Pipeline/Pipeline.php(219): Illuminate/Cookie/Middleware/EncryptCookies->handle(Object(Illuminate/Http/Request), Object(Closure))
#32 C:/Users/DELL/Downloads/Ascend AI/app/Installer/Http/Middleware/PrepareInstallation.php(29): Illuminate/Pipeline/Pipeline->Illuminate/Pipeline/{closure}(Object(Illuminate/Http/Request))
#33 C:/Users/DELL/Downloads/Ascend AI/vendor/laravel/framework/src/Illuminate/Pipeline/Pipeline.php(219): App/Installer/Http/Middleware/PrepareInstallation->handle(Object(Illuminate/Http/Request), Object(Closure))
#34 C:/Users/DELL/Downloads/Ascend AI/vendor/laravel/framework/src/Illuminate/Pipeline/Pipeline.php(137): Illuminate/Pipeline/Pipeline->Illuminate/Pipeline/{closure}(Object(Illuminate/Http/Request))
#35 C:/Users/DELL/Downloads/Ascend AI/vendor/laravel/framework/src/Illuminate/Routing/Router.php(821): Illuminate/Pipeline/Pipeline->then(Object(Closure))
#36 C:/Users/DELL/Downloads/Ascend AI/vendor/laravel/framework/src/Illuminate/Routing/Router.php(800): Illuminate/Routing/Router->runRouteWithinStack(Object(Illuminate/Routing/Route), Object(Illuminate/Http/Request))
#37 C:/Users/DELL/Downloads/Ascend AI/vendor/laravel/framework/src/Illuminate/Routing/Router.php(764): Illuminate/Routing/Router->runRoute(Object(Illuminate/Http/Request), Object(Illuminate/Routing/Route))
#38 C:/Users/DELL/Downloads/Ascend AI/vendor/laravel/framework/src/Illuminate/Routing/Router.php(753): Illuminate/Routing/Router->dispatchToRoute(Object(Illuminate/Http/Request))
#39 C:/Users/DELL/Downloads/Ascend AI/vendor/laravel/framework/src/Illuminate/Foundation/Http/Kernel.php(200): Illuminate/Routing/Router->dispatch(Object(Illuminate/Http/Request))
#40 C:/Users/DELL/Downloads/Ascend AI/vendor/laravel/framework/src/Illuminate/Pipeline/Pipeline.php(180): Illuminate/Foundation/Http/Kernel->Illuminate/Foundation/Http/{closure}(Object(Illuminate/Http/Request))
#41 C:/Users/DELL/Downloads/Ascend AI/vendor/livewire/livewire/src/Features/SupportDisablingBackButtonCache/DisableBackButtonCacheMiddleware.php(19): Illuminate/Pipeline/Pipeline->Illuminate/Pipeline/{closure}(Object(Illuminate/Http/Request))
#42 C:/Users/DELL/Downloads/Ascend AI/vendor/laravel/framework/src/Illuminate/Pipeline/Pipeline.php(219): Livewire/Features/SupportDisablingBackButtonCache/DisableBackButtonCacheMiddleware->handle(Object(Illuminate/Http/Request), Object(Closure))
#43 C:/Users/DELL/Downloads/Ascend AI/vendor/laravel/framework/src/Illuminate/Foundation/Http/Middleware/TransformsRequest.php(21): Illuminate/Pipeline/Pipeline->Illuminate/Pipeline/{closure}(Object(Illuminate/Http/Request))
#44 C:/Users/DELL/Downloads/Ascend AI/vendor/laravel/framework/src/Illuminate/Foundation/Http/Middleware/ConvertEmptyStringsToNull.php(31): Illuminate/Foundation/Http/Middleware/TransformsRequest->handle(Object(Illuminate/Http/Request), Object(Closure))
#45 C:/Users/DELL/Downloads/Ascend AI/vendor/laravel/framework/src/Illuminate/Pipeline/Pipeline.php(219): Illuminate/Foundation/Http/Middleware/ConvertEmptyStringsToNull->handle(Object(Illuminate/Http/Request), Object(Closure))
#46 C:/Users/DELL/Downloads/Ascend AI/vendor/laravel/framework/src/Illuminate/Foundation/Http/Middleware/TransformsRequest.php(21): Illuminate/Pipeline/Pipeline->Illuminate/Pipeline/{closure}(Object(Illuminate/Http/Request))
#47 C:/Users/DELL/Downloads/Ascend AI/vendor/laravel/framework/src/Illuminate/Foundation/Http/Middleware/TrimStrings.php(51): Illuminate/Foundation/Http/Middleware/TransformsRequest->handle(Object(Illuminate/Http/Request), Object(Closure))
#48 C:/Users/DELL/Downloads/Ascend AI/vendor/laravel/framework/src/Illuminate/Pipeline/Pipeline.php(219): Illuminate/Foundation/Http/Middleware/TrimStrings->handle(Object(Illuminate/Http/Request), Object(Closure))
#49 C:/Users/DELL/Downloads/Ascend AI/vendor/laravel/framework/src/Illuminate/Http/Middleware/ValidatePostSize.php(27): Illuminate/Pipeline/Pipeline->Illuminate/Pipeline/{closure}(Object(Illuminate/Http/Request))
#50 C:/Users/DELL/Downloads/Ascend AI/vendor/laravel/framework/src/Illuminate/Pipeline/Pipeline.php(219): Illuminate/Http/Middleware/ValidatePostSize->handle(Object(Illuminate/Http/Request), Object(Closure))
#51 C:/Users/DELL/Downloads/Ascend AI/vendor/laravel/framework/src/Illuminate/Foundation/Http/Middleware/PreventRequestsDuringMaintenance.php(109): Illuminate/Pipeline/Pipeline->Illuminate/Pipeline/{closure}(Object(Illuminate/Http/Request))
#52 C:/Users/DELL/Downloads/Ascend AI/vendor/laravel/framework/src/Illuminate/Pipeline/Pipeline.php(219): Illuminate/Foundation/Http/Middleware/PreventRequestsDuringMaintenance->handle(Object(Illuminate/Http/Request), Object(Closure))
#53 C:/Users/DELL/Downloads/Ascend AI/vendor/laravel/framework/src/Illuminate/Http/Middleware/HandleCors.php(61): Illuminate/Pipeline/Pipeline->Illuminate/Pipeline/{closure}(Object(Illuminate/Http/Request))
#54 C:/Users/DELL/Downloads/Ascend AI/vendor/laravel/framework/src/Illuminate/Pipeline/Pipeline.php(219): Illuminate/Http/Middleware/HandleCors->handle(Object(Illuminate/Http/Request), Object(Closure))
#55 C:/Users/DELL/Downloads/Ascend AI/vendor/laravel/framework/src/Illuminate/Http/Middleware/TrustProxies.php(58): Illuminate/Pipeline/Pipeline->Illuminate/Pipeline/{closure}(Object(Illuminate/Http/Request))
#56 C:/Users/DELL/Downloads/Ascend AI/vendor/laravel/framework/src/Illuminate/Pipeline/Pipeline.php(219): Illuminate/Http/Middleware/TrustProxies->handle(Object(Illuminate/Http/Request), Object(Closure))
#57 C:/Users/DELL/Downloads/Ascend AI/vendor/laravel/framework/src/Illuminate/Foundation/Http/Middleware/InvokeDeferredCallbacks.php(22): Illuminate/Pipeline/Pipeline->Illuminate/Pipeline/{closure}(Object(Illuminate/Http/Request))
#58 C:/Users/DELL/Downloads/Ascend AI/vendor/laravel/framework/src/Illuminate/Pipeline/Pipeline.php(219): Illuminate/Foundation/Http/Middleware/InvokeDeferredCallbacks->handle(Object(Illuminate/Http/Request), Object(Closure))
#59 C:/Users/DELL/Downloads/Ascend AI/vendor/laravel/framework/src/Illuminate/Http/Middleware/ValidatePathEncoding.php(28): Illuminate/Pipeline/Pipeline->Illuminate/Pipeline/{closure}(Object(Illuminate/Http/Request))
#60 C:/Users/DELL/Downloads/Ascend AI/vendor/laravel/framework/src/Illuminate/Pipeline/Pipeline.php(219): Illuminate/Http/Middleware/ValidatePathEncoding->handle(Object(Illuminate/Http/Request), Object(Closure))
#61 C:/Users/DELL/Downloads/Ascend AI/vendor/laravel/framework/src/Illuminate/Pipeline/Pipeline.php(137): Illuminate/Pipeline/Pipeline->Illuminate/Pipeline/{closure}(Object(Illuminate/Http/Request))
#62 C:/Users/DELL/Downloads/Ascend AI/vendor/laravel/framework/src/Illuminate/Foundation/Http/Kernel.php(175): Illuminate/Pipeline/Pipeline->then(Object(Closure))
#63 C:/Users/DELL/Downloads/Ascend AI/vendor/laravel/framework/src/Illuminate/Foundation/Http/Kernel.php(144): Illuminate/Foundation/Http/Kernel->sendRequestThroughRouter(Object(Illuminate/Http/Request))
#64 C:/Users/DELL/Downloads/Ascend AI/vendor/laravel/framework/src/Illuminate/Foundation/Application.php(1220): Illuminate/Foundation/Http/Kernel->handle(Object(Illuminate/Http/Request))
#65 C:/Users/DELL/Downloads/Ascend AI/public/index.php(20): Illuminate/Foundation/Application->handleRequest(Object(Illuminate/Http/Request))
#66 C:/Users/DELL/Downloads/Ascend AI/vendor/laravel/framework/src/Illuminate/Foundation/resources/server.php(23): require_once('C://Users//DELL//D...')
#67 {main}
"} 
[2026-08-09 13:32:02] local.ERROR: SQLSTATE[HY000]: General error: 1 no such table: users (Connection: sqlite, Database: database/database.sqlite, SQL: select * from "users" where "id" = 1 limit 1) {"exception":"[object] (Illuminate\\Database\\QueryException(code: HY000): SQLSTATE[HY000]: General error: 1 no such table: users (Connection: sqlite, Database: database/database.sqlite, SQL: select * from \"users\" where \"id\" = 1 limit 1) at C:/Users/DELL/Downloads/Ascend AI/vendor/laravel/framework/src/Illuminate/Database/Connection.php:841)
[stacktrace]
#0 C:/Users/DELL/Downloads/Ascend AI/vendor/laravel/framework/src/Illuminate/Database/Connection.php(797): Illuminate/Database/Connection->runQueryCallback('select * from \"...', Array, Object(Closure))
#1 C:/Users/DELL/Downloads/Ascend AI/vendor/laravel/framework/src/Illuminate/Database/Connection.php(412): Illuminate/Database/Connection->run('select * from \"...', Array, Object(Closure))
#2 C:/Users/DELL/Downloads/Ascend AI/vendor/laravel/framework/src/Illuminate/Database/Query/Builder.php(3562): Illuminate/Database/Connection->select('select * from \"...', Array, true, Array)
#3 C:/Users/DELL/Downloads/Ascend AI/vendor/laravel/framework/src/Illuminate/Database/Query/Builder.php(3546): Illuminate/Database/Query/Builder->runSelect()
#4 C:/Users/DELL/Downloads/Ascend AI/vendor/laravel/framework/src/Illuminate/Database/Eloquent/Builder.php(907): Illuminate/Database/Query/Builder->get(Array)
#5 C:/Users/DELL/Downloads/Ascend AI/vendor/laravel/framework/src/Illuminate/Database/Eloquent/Builder.php(889): Illuminate/Database/Eloquent/Builder->getModels(Array)
#6 C:/Users/DELL/Downloads/Ascend AI/vendor/laravel/framework/src/Illuminate/Database/Concerns/BuildsQueries.php(367): Illuminate/Database/Eloquent/Builder->get(Array)
#7 C:/Users/DELL/Downloads/Ascend AI/vendor/laravel/framework/src/Illuminate/Auth/EloquentUserProvider.php(58): Illuminate/Database/Eloquent/Builder->first()
#8 C:/Users/DELL/Downloads/Ascend AI/vendor/laravel/framework/src/Illuminate/Auth/SessionGuard.php(189): Illuminate/Auth/EloquentUserProvider->retrieveById(1)
#9 C:/Users/DELL/Downloads/Ascend AI/vendor/laravel/framework/src/Illuminate/Auth/AuthManager.php(56): Illuminate/Auth/SessionGuard->user()
#10 [internal function]: Illuminate/Auth/AuthManager->Illuminate/Auth/{closure}(NULL)
#11 C:/Users/DELL/Downloads/Ascend AI/vendor/laravel/framework/src/Illuminate/Auth/AuthServiceProvider.php(89): call_user_func(Object(Closure), NULL)
#12 [internal function]: Illuminate/Auth/AuthServiceProvider->Illuminate/Auth/{closure}(NULL)
#13 C:/Users/DELL/Downloads/Ascend AI/vendor/laravel/framework/src/Illuminate/Http/Request.php(670): call_user_func(Object(Closure), NULL)
#14 C:/Users/DELL/Downloads/Ascend AI/modules/AdminLanguages/Support/LocaleManager.php(29): Illuminate/Http/Request->user()
#15 C:/Users/DELL/Downloads/Ascend AI/modules/AdminLanguages/Http/Middleware/SetLocale.php(18): Modules/AdminLanguages/Support/LocaleManager->resolve(Object(Illuminate/Http/Request))
#16 C:/Users/DELL/Downloads/Ascend AI/vendor/laravel/framework/src/Illuminate/Pipeline/Pipeline.php(219): Modules/AdminLanguages/Http/Middleware/SetLocale->handle(Object(Illuminate/Http/Request), Object(Closure))
#17 C:/Users/DELL/Downloads/Ascend AI/vendor/laravel/framework/src/Illuminate/Routing/Middleware/SubstituteBindings.php(52): Illuminate/Pipeline/Pipeline->Illuminate/Pipeline/{closure}(Object(Illuminate/Http/Request))
#18 C:/Users/DELL/Downloads/Ascend AI/vendor/laravel/framework/src/Illuminate/Pipeline/Pipeline.php(219): Illuminate/Routing/Middleware/SubstituteBindings->handle(Object(Illuminate/Http/Request), Object(Closure))
#19 C:/Users/DELL/Downloads/Ascend AI/vendor/laravel/framework/src/Illuminate/Foundation/Http/Middleware/PreventRequestForgery.php(104): Illuminate/Pipeline/Pipeline->Illuminate/Pipeline/{closure}(Object(Illuminate/Http/Request))
#20 C:/Users/DELL/Downloads/Ascend AI/vendor/laravel/framework/src/Illuminate/Pipeline/Pipeline.php(219): Illuminate/Foundation/Http/Middleware/PreventRequestForgery->handle(Object(Illuminate/Http/Request), Object(Closure))
#21 C:/Users/DELL/Downloads/Ascend AI/vendor/laravel/framework/src/Illuminate/View/Middleware/ShareErrorsFromSession.php(48): Illuminate/Pipeline/Pipeline->Illuminate/Pipeline/{closure}(Object(Illuminate/Http/Request))
#22 C:/Users/DELL/Downloads/Ascend AI/vendor/laravel/framework/src/Illuminate/Pipeline/Pipeline.php(219): Illuminate/View/Middleware/ShareErrorsFromSession->handle(Object(Illuminate/Http/Request), Object(Closure))
#23 C:/Users/DELL/Downloads/Ascend AI/vendor/laravel/framework/src/Illuminate/Session/Middleware/StartSession.php(120): Illuminate/Pipeline/Pipeline->Illuminate/Pipeline/{closure}(Object(Illuminate/Http/Request))
#24 C:/Users/DELL/Downloads/Ascend AI/vendor/laravel/framework/src/Illuminate/Session/Middleware/StartSession.php(63): Illuminate/Session/Middleware/StartSession->handleStatefulRequest(Object(Illuminate/Http/Request), Object(Illuminate/Session/Store), Object(Closure))
#25 C:/Users/DELL/Downloads/Ascend AI/vendor/laravel/framework/src/Illuminate/Pipeline/Pipeline.php(219): Illuminate/Session/Middleware/StartSession->handle(Object(Illuminate/Http/Request), Object(Closure))
#26 C:/Users/DELL/Downloads/Ascend AI/vendor/laravel/framework/src/Illuminate/Cookie/Middleware/AddQueuedCookiesToResponse.php(36): Illuminate/Pipeline/Pipeline->Illuminate/Pipeline/{closure}(Object(Illuminate/Http/Request))
#27 C:/Users/DELL/Downloads/Ascend AI/vendor/laravel/framework/src/Illuminate/Pipeline/Pipeline.php(219): Illuminate/Cookie/Middleware/AddQueuedCookiesToResponse->handle(Object(Illuminate/Http/Request), Object(Closure))
#28 C:/Users/DELL/Downloads/Ascend AI/vendor/laravel/framework/src/Illuminate/Cookie/Middleware/EncryptCookies.php(74): Illuminate/Pipeline/Pipeline->Illuminate/Pipeline/{closure}(Object(Illuminate/Http/Request))
#29 C:/Users/DELL/Downloads/Ascend AI/vendor/laravel/framework/src/Illuminate/Pipeline/Pipeline.php(219): Illuminate/Cookie/Middleware/EncryptCookies->handle(Object(Illuminate/Http/Request), Object(Closure))
#30 C:/Users/DELL/Downloads/Ascend AI/app/Installer/Http/Middleware/PrepareInstallation.php(29): Illuminate/Pipeline/Pipeline->Illuminate/Pipeline/{closure}(Object(Illuminate/Http/Request))
#31 C:/Users/DELL/Downloads/Ascend AI/vendor/laravel/framework/src/Illuminate/Pipeline/Pipeline.php(219): App/Installer/Http/Middleware/PrepareInstallation->handle(Object(Illuminate/Http/Request), Object(Closure))
#32 C:/Users/DELL/Downloads/Ascend AI/vendor/laravel/framework/src/Illuminate/Pipeline/Pipeline.php(137): Illuminate/Pipeline/Pipeline->Illuminate/Pipeline/{closure}(Object(Illuminate/Http/Request))
#33 C:/Users/DELL/Downloads/Ascend AI/vendor/laravel/framework/src/Illuminate/Routing/Router.php(821): Illuminate/Pipeline/Pipeline->then(Object(Closure))
#34 C:/Users/DELL/Downloads/Ascend AI/vendor/laravel/framework/src/Illuminate/Routing/Router.php(800): Illuminate/Routing/Router->runRouteWithinStack(Object(Illuminate/Routing/Route), Object(Illuminate/Http/Request))
#35 C:/Users/DELL/Downloads/Ascend AI/vendor/laravel/framework/src/Illuminate/Routing/Router.php(764): Illuminate/Routing/Router->runRoute(Object(Illuminate/Http/Request), Object(Illuminate/Routing/Route))
#36 C:/Users/DELL/Downloads/Ascend AI/vendor/laravel/framework/src/Illuminate/Routing/Router.php(753): Illuminate/Routing/Router->dispatchToRoute(Object(Illuminate/Http/Request))
#37 C:/Users/DELL/Downloads/Ascend AI/vendor/laravel/framework/src/Illuminate/Foundation/Http/Kernel.php(200): Illuminate/Routing/Router->dispatch(Object(Illuminate/Http/Request))
#38 C:/Users/DELL/Downloads/Ascend AI/vendor/laravel/framework/src/Illuminate/Pipeline/Pipeline.php(180): Illuminate/Foundation/Http/Kernel->Illuminate/Foundation/Http/{closure}(Object(Illuminate/Http/Request))
#39 C:/Users/DELL/Downloads/Ascend AI/vendor/livewire/livewire/src/Features/SupportDisablingBackButtonCache/DisableBackButtonCacheMiddleware.php(19): Illuminate/Pipeline/Pipeline->Illuminate/Pipeline/{closure}(Object(Illuminate/Http/Request))
#40 C:/Users/DELL/Downloads/Ascend AI/vendor/laravel/framework/src/Illuminate/Pipeline/Pipeline.php(219): Livewire/Features/SupportDisablingBackButtonCache/DisableBackButtonCacheMiddleware->handle(Object(Illuminate/Http/Request), Object(Closure))
#41 C:/Users/DELL/Downloads/Ascend AI/vendor/laravel/framework/src/Illuminate/Foundation/Http/Middleware/TransformsRequest.php(21): Illuminate/Pipeline/Pipeline->Illuminate/Pipeline/{closure}(Object(Illuminate/Http/Request))
#42 C:/Users/DELL/Downloads/Ascend AI/vendor/laravel/framework/src/Illuminate/Foundation/Http/Middleware/ConvertEmptyStringsToNull.php(31): Illuminate/Foundation/Http/Middleware/TransformsRequest->handle(Object(Illuminate/Http/Request), Object(Closure))
#43 C:/Users/DELL/Downloads/Ascend AI/vendor/laravel/framework/src/Illuminate/Pipeline/Pipeline.php(219): Illuminate/Foundation/Http/Middleware/ConvertEmptyStringsToNull->handle(Object(Illuminate/Http/Request), Object(Closure))
#44 C:/Users/DELL/Downloads/Ascend AI/vendor/laravel/framework/src/Illuminate/Foundation/Http/Middleware/TransformsRequest.php(21): Illuminate/Pipeline/Pipeline->Illuminate/Pipeline/{closure}(Object(Illuminate/Http/Request))
#45 C:/Users/DELL/Downloads/Ascend AI/vendor/laravel/framework/src/Illuminate/Foundation/Http/Middleware/TrimStrings.php(51): Illuminate/Foundation/Http/Middleware/TransformsRequest->handle(Object(Illuminate/Http/Request), Object(Closure))
#46 C:/Users/DELL/Downloads/Ascend AI/vendor/laravel/framework/src/Illuminate/Pipeline/Pipeline.php(219): Illuminate/Foundation/Http/Middleware/TrimStrings->handle(Object(Illuminate/Http/Request), Object(Closure))
#47 C:/Users/DELL/Downloads/Ascend AI/vendor/laravel/framework/src/Illuminate/Http/Middleware/ValidatePostSize.php(27): Illuminate/Pipeline/Pipeline->Illuminate/Pipeline/{closure}(Object(Illuminate/Http/Request))
#48 C:/Users/DELL/Downloads/Ascend AI/vendor/laravel/framework/src/Illuminate/Pipeline/Pipeline.php(219): Illuminate/Http/Middleware/ValidatePostSize->handle(Object(Illuminate/Http/Request), Object(Closure))
#49 C:/Users/DELL/Downloads/Ascend AI/vendor/laravel/framework/src/Illuminate/Foundation/Http/Middleware/PreventRequestsDuringMaintenance.php(109): Illuminate/Pipeline/Pipeline->Illuminate/Pipeline/{closure}(Object(Illuminate/Http/Request))
#50 C:/Users/DELL/Downloads/Ascend AI/vendor/laravel/framework/src/Illuminate/Pipeline/Pipeline.php(219): Illuminate/Foundation/Http/Middleware/PreventRequestsDuringMaintenance->handle(Object(Illuminate/Http/Request), Object(Closure))
#51 C:/Users/DELL/Downloads/Ascend AI/vendor/laravel/framework/src/Illuminate/Http/Middleware/HandleCors.php(61): Illuminate/Pipeline/Pipeline->Illuminate/Pipeline/{closure}(Object(Illuminate/Http/Request))
#52 C:/Users/DELL/Downloads/Ascend AI/vendor/laravel/framework/src/Illuminate/Pipeline/Pipeline.php(219): Illuminate/Http/Middleware/HandleCors->handle(Object(Illuminate/Http/Request), Object(Closure))
#53 C:/Users/DELL/Downloads/Ascend AI/vendor/laravel/framework/src/Illuminate/Http/Middleware/TrustProxies.php(58): Illuminate/Pipeline/Pipeline->Illuminate/Pipeline/{closure}(Object(Illuminate/Http/Request))
#54 C:/Users/DELL/Downloads/Ascend AI/vendor/laravel/framework/src/Illuminate/Pipeline/Pipeline.php(219): Illuminate/Http/Middleware/TrustProxies->handle(Object(Illuminate/Http/Request), Object(Closure))
#55 C:/Users/DELL/Downloads/Ascend AI/vendor/laravel/framework/src/Illuminate/Foundation/Http/Middleware/InvokeDeferredCallbacks.php(22): Illuminate/Pipeline/Pipeline->Illuminate/Pipeline/{closure}(Object(Illuminate/Http/Request))
#56 C:/Users/DELL/Downloads/Ascend AI/vendor/laravel/framework/src/Illuminate/Pipeline/Pipeline.php(219): Illuminate/Foundation/Http/Middleware/InvokeDeferredCallbacks->handle(Object(Illuminate/Http/Request), Object(Closure))
#57 C:/Users/DELL/Downloads/Ascend AI/vendor/laravel/framework/src/Illuminate/Http/Middleware/ValidatePathEncoding.php(28): Illuminate/Pipeline/Pipeline->Illuminate/Pipeline/{closure}(Object(Illuminate/Http/Request))
#58 C:/Users/DELL/Downloads/Ascend AI/vendor/laravel/framework/src/Illuminate/Pipeline/Pipeline.php(219): Illuminate/Http/Middleware/ValidatePathEncoding->handle(Object(Illuminate/Http/Request), Object(Closure))
#59 C:/Users/DELL/Downloads/Ascend AI/vendor/laravel/framework/src/Illuminate/Pipeline/Pipeline.php(137): Illuminate/Pipeline/Pipeline->Illuminate/Pipeline/{closure}(Object(Illuminate/Http/Request))
#60 C:/Users/DELL/Downloads/Ascend AI/vendor/laravel/framework/src/Illuminate/Foundation/Http/Kernel.php(175): Illuminate/Pipeline/Pipeline->then(Object(Closure))
#61 C:/Users/DELL/Downloads/Ascend AI/vendor/laravel/framework/src/Illuminate/Foundation/Http/Kernel.php(144): Illuminate/Foundation/Http/Kernel->sendRequestThroughRouter(Object(Illuminate/Http/Request))
#62 C:/Users/DELL/Downloads/Ascend AI/vendor/laravel/framework/src/Illuminate/Foundation/Application.php(1220): Illuminate/Foundation/Http/Kernel->handle(Object(Illuminate/Http/Request))
#63 C:/Users/DELL/Downloads/Ascend AI/public/index.php(20): Illuminate/Foundation/Application->handleRequest(Object(Illuminate/Http/Request))
#64 C:/Users/DELL/Downloads/Ascend AI/vendor/laravel/framework/src/Illuminate/Foundation/resources/server.php(23): require_once('C://Users//DELL//D...')
#65 {main}

[previous exception] [object] (PDOException(code: HY000): SQLSTATE[HY000]: General error: 1 no such table: users at C:/Users/DELL/Downloads/Ascend AI/vendor/laravel/framework/src/Illuminate/Database/Connection.php:421)
[stacktrace]
#0 C:/Users/DELL/Downloads/Ascend AI/vendor/laravel/framework/src/Illuminate/Database/Connection.php(421): PDO->prepare('select * from \"...')
#1 C:/Users/DELL/Downloads/Ascend AI/vendor/laravel/framework/src/Illuminate/Database/Connection.php(830): Illuminate/Database/Connection->Illuminate/Database/{closure}('select * from \"...', Array)
#2 C:/Users/DELL/Downloads/Ascend AI/vendor/laravel/framework/src/Illuminate/Database/Connection.php(797): Illuminate/Database/Connection->runQueryCallback('select * from \"...', Array, Object(Closure))
#3 C:/Users/DELL/Downloads/Ascend AI/vendor/laravel/framework/src/Illuminate/Database/Connection.php(412): Illuminate/Database/Connection->run('select * from \"...', Array, Object(Closure))
#4 C:/Users/DELL/Downloads/Ascend AI/vendor/laravel/framework/src/Illuminate/Database/Query/Builder.php(3562): Illuminate/Database/Connection->select('select * from \"...', Array, true, Array)
#5 C:/Users/DELL/Downloads/Ascend AI/vendor/laravel/framework/src/Illuminate/Database/Query/Builder.php(3546): Illuminate/Database/Query/Builder->runSelect()
#6 C:/Users/DELL/Downloads/Ascend AI/vendor/laravel/framework/src/Illuminate/Database/Eloquent/Builder.php(907): Illuminate/Database/Query/Builder->get(Array)
#7 C:/Users/DELL/Downloads/Ascend AI/vendor/laravel/framework/src/Illuminate/Database/Eloquent/Builder.php(889): Illuminate/Database/Eloquent/Builder->getModels(Array)
#8 C:/Users/DELL/Downloads/Ascend AI/vendor/laravel/framework/src/Illuminate/Database/Concerns/BuildsQueries.php(367): Illuminate/Database/Eloquent/Builder->get(Array)
#9 C:/Users/DELL/Downloads/Ascend AI/vendor/laravel/framework/src/Illuminate/Auth/EloquentUserProvider.php(58): Illuminate/Database/Eloquent/Builder->first()
#10 C:/Users/DELL/Downloads/Ascend AI/vendor/laravel/framework/src/Illuminate/Auth/SessionGuard.php(189): Illuminate/Auth/EloquentUserProvider->retrieveById(1)
#11 C:/Users/DELL/Downloads/Ascend AI/vendor/laravel/framework/src/Illuminate/Auth/AuthManager.php(56): Illuminate/Auth/SessionGuard->user()
#12 [internal function]: Illuminate/Auth/AuthManager->Illuminate/Auth/{closure}(NULL)
#13 C:/Users/DELL/Downloads/Ascend AI/vendor/laravel/framework/src/Illuminate/Auth/AuthServiceProvider.php(89): call_user_func(Object(Closure), NULL)
#14 [internal function]: Illuminate/Auth/AuthServiceProvider->Illuminate/Auth/{closure}(NULL)
#15 C:/Users/DELL/Downloads/Ascend AI/vendor/laravel/framework/src/Illuminate/Http/Request.php(670): call_user_func(Object(Closure), NULL)
#16 C:/Users/DELL/Downloads/Ascend AI/modules/AdminLanguages/Support/LocaleManager.php(29): Illuminate/Http/Request->user()
#17 C:/Users/DELL/Downloads/Ascend AI/modules/AdminLanguages/Http/Middleware/SetLocale.php(18): Modules/AdminLanguages/Support/LocaleManager->resolve(Object(Illuminate/Http/Request))
#18 C:/Users/DELL/Downloads/Ascend AI/vendor/laravel/framework/src/Illuminate/Pipeline/Pipeline.php(219): Modules/AdminLanguages/Http/Middleware/SetLocale->handle(Object(Illuminate/Http/Request), Object(Closure))
#19 C:/Users/DELL/Downloads/Ascend AI/vendor/laravel/framework/src/Illuminate/Routing/Middleware/SubstituteBindings.php(52): Illuminate/Pipeline/Pipeline->Illuminate/Pipeline/{closure}(Object(Illuminate/Http/Request))
#20 C:/Users/DELL/Downloads/Ascend AI/vendor/laravel/framework/src/Illuminate/Pipeline/Pipeline.php(219): Illuminate/Routing/Middleware/SubstituteBindings->handle(Object(Illuminate/Http/Request), Object(Closure))
#21 C:/Users/DELL/Downloads/Ascend AI/vendor/laravel/framework/src/Illuminate/Foundation/Http/Middleware/PreventRequestForgery.php(104): Illuminate/Pipeline/Pipeline->Illuminate/Pipeline/{closure}(Object(Illuminate/Http/Request))
#22 C:/Users/DELL/Downloads/Ascend AI/vendor/laravel/framework/src/Illuminate/Pipeline/Pipeline.php(219): Illuminate/Foundation/Http/Middleware/PreventRequestForgery->handle(Object(Illuminate/Http/Request), Object(Closure))
#23 C:/Users/DELL/Downloads/Ascend AI/vendor/laravel/framework/src/Illuminate/View/Middleware/ShareErrorsFromSession.php(48): Illuminate/Pipeline/Pipeline->Illuminate/Pipeline/{closure}(Object(Illuminate/Http/Request))
#24 C:/Users/DELL/Downloads/Ascend AI/vendor/laravel/framework/src/Illuminate/Pipeline/Pipeline.php(219): Illuminate/View/Middleware/ShareErrorsFromSession->handle(Object(Illuminate/Http/Request), Object(Closure))
#25 C:/Users/DELL/Downloads/Ascend AI/vendor/laravel/framework/src/Illuminate/Session/Middleware/StartSession.php(120): Illuminate/Pipeline/Pipeline->Illuminate/Pipeline/{closure}(Object(Illuminate/Http/Request))
#26 C:/Users/DELL/Downloads/Ascend AI/vendor/laravel/framework/src/Illuminate/Session/Middleware/StartSession.php(63): Illuminate/Session/Middleware/StartSession->handleStatefulRequest(Object(Illuminate/Http/Request), Object(Illuminate/Session/Store), Object(Closure))
#27 C:/Users/DELL/Downloads/Ascend AI/vendor/laravel/framework/src/Illuminate/Pipeline/Pipeline.php(219): Illuminate/Session/Middleware/StartSession->handle(Object(Illuminate/Http/Request), Object(Closure))
#28 C:/Users/DELL/Downloads/Ascend AI/vendor/laravel/framework/src/Illuminate/Cookie/Middleware/AddQueuedCookiesToResponse.php(36): Illuminate/Pipeline/Pipeline->Illuminate/Pipeline/{closure}(Object(Illuminate/Http/Request))
#29 C:/Users/DELL/Downloads/Ascend AI/vendor/laravel/framework/src/Illuminate/Pipeline/Pipeline.php(219): Illuminate/Cookie/Middleware/AddQueuedCookiesToResponse->handle(Object(Illuminate/Http/Request), Object(Closure))
#30 C:/Users/DELL/Downloads/Ascend AI/vendor/laravel/framework/src/Illuminate/Cookie/Middleware/EncryptCookies.php(74): Illuminate/Pipeline/Pipeline->Illuminate/Pipeline/{closure}(Object(Illuminate/Http/Request))
#31 C:/Users/DELL/Downloads/Ascend AI/vendor/laravel/framework/src/Illuminate/Pipeline/Pipeline.php(219): Illuminate/Cookie/Middleware/EncryptCookies->handle(Object(Illuminate/Http/Request), Object(Closure))
#32 C:/Users/DELL/Downloads/Ascend AI/app/Installer/Http/Middleware/PrepareInstallation.php(29): Illuminate/Pipeline/Pipeline->Illuminate/Pipeline/{closure}(Object(Illuminate/Http/Request))
#33 C:/Users/DELL/Downloads/Ascend AI/vendor/laravel/framework/src/Illuminate/Pipeline/Pipeline.php(219): App/Installer/Http/Middleware/PrepareInstallation->handle(Object(Illuminate/Http/Request), Object(Closure))
#34 C:/Users/DELL/Downloads/Ascend AI/vendor/laravel/framework/src/Illuminate/Pipeline/Pipeline.php(137): Illuminate/Pipeline/Pipeline->Illuminate/Pipeline/{closure}(Object(Illuminate/Http/Request))
#35 C:/Users/DELL/Downloads/Ascend AI/vendor/laravel/framework/src/Illuminate/Routing/Router.php(821): Illuminate/Pipeline/Pipeline->then(Object(Closure))
#36 C:/Users/DELL/Downloads/Ascend AI/vendor/laravel/framework/src/Illuminate/Routing/Router.php(800): Illuminate/Routing/Router->runRouteWithinStack(Object(Illuminate/Routing/Route), Object(Illuminate/Http/Request))
#37 C:/Users/DELL/Downloads/Ascend AI/vendor/laravel/framework/src/Illuminate/Routing/Router.php(764): Illuminate/Routing/Router->runRoute(Object(Illuminate/Http/Request), Object(Illuminate/Routing/Route))
#38 C:/Users/DELL/Downloads/Ascend AI/vendor/laravel/framework/src/Illuminate/Routing/Router.php(753): Illuminate/Routing/Router->dispatchToRoute(Object(Illuminate/Http/Request))
#39 C:/Users/DELL/Downloads/Ascend AI/vendor/laravel/framework/src/Illuminate/Foundation/Http/Kernel.php(200): Illuminate/Routing/Router->dispatch(Object(Illuminate/Http/Request))
#40 C:/Users/DELL/Downloads/Ascend AI/vendor/laravel/framework/src/Illuminate/Pipeline/Pipeline.php(180): Illuminate/Foundation/Http/Kernel->Illuminate/Foundation/Http/{closure}(Object(Illuminate/Http/Request))
#41 C:/Users/DELL/Downloads/Ascend AI/vendor/livewire/livewire/src/Features/SupportDisablingBackButtonCache/DisableBackButtonCacheMiddleware.php(19): Illuminate/Pipeline/Pipeline->Illuminate/Pipeline/{closure}(Object(Illuminate/Http/Request))
#42 C:/Users/DELL/Downloads/Ascend AI/vendor/laravel/framework/src/Illuminate/Pipeline/Pipeline.php(219): Livewire/Features/SupportDisablingBackButtonCache/DisableBackButtonCacheMiddleware->handle(Object(Illuminate/Http/Request), Object(Closure))
#43 C:/Users/DELL/Downloads/Ascend AI/vendor/laravel/framework/src/Illuminate/Foundation/Http/Middleware/TransformsRequest.php(21): Illuminate/Pipeline/Pipeline->Illuminate/Pipeline/{closure}(Object(Illuminate/Http/Request))
#44 C:/Users/DELL/Downloads/Ascend AI/vendor/laravel/framework/src/Illuminate/Foundation/Http/Middleware/ConvertEmptyStringsToNull.php(31): Illuminate/Foundation/Http/Middleware/TransformsRequest->handle(Object(Illuminate/Http/Request), Object(Closure))
#45 C:/Users/DELL/Downloads/Ascend AI/vendor/laravel/framework/src/Illuminate/Pipeline/Pipeline.php(219): Illuminate/Foundation/Http/Middleware/ConvertEmptyStringsToNull->handle(Object(Illuminate/Http/Request), Object(Closure))
#46 C:/Users/DELL/Downloads/Ascend AI/vendor/laravel/framework/src/Illuminate/Foundation/Http/Middleware/TransformsRequest.php(21): Illuminate/Pipeline/Pipeline->Illuminate/Pipeline/{closure}(Object(Illuminate/Http/Request))
#47 C:/Users/DELL/Downloads/Ascend AI/vendor/laravel/framework/src/Illuminate/Foundation/Http/Middleware/TrimStrings.php(51): Illuminate/Foundation/Http/Middleware/TransformsRequest->handle(Object(Illuminate/Http/Request), Object(Closure))
#48 C:/Users/DELL/Downloads/Ascend AI/vendor/laravel/framework/src/Illuminate/Pipeline/Pipeline.php(219): Illuminate/Foundation/Http/Middleware/TrimStrings->handle(Object(Illuminate/Http/Request), Object(Closure))
#49 C:/Users/DELL/Downloads/Ascend AI/vendor/laravel/framework/src/Illuminate/Http/Middleware/ValidatePostSize.php(27): Illuminate/Pipeline/Pipeline->Illuminate/Pipeline/{closure}(Object(Illuminate/Http/Request))
#50 C:/Users/DELL/Downloads/Ascend AI/vendor/laravel/framework/src/Illuminate/Pipeline/Pipeline.php(219): Illuminate/Http/Middleware/ValidatePostSize->handle(Object(Illuminate/Http/Request), Object(Closure))
#51 C:/Users/DELL/Downloads/Ascend AI/vendor/laravel/framework/src/Illuminate/Foundation/Http/Middleware/PreventRequestsDuringMaintenance.php(109): Illuminate/Pipeline/Pipeline->Illuminate/Pipeline/{closure}(Object(Illuminate/Http/Request))
#52 C:/Users/DELL/Downloads/Ascend AI/vendor/laravel/framework/src/Illuminate/Pipeline/Pipeline.php(219): Illuminate/Foundation/Http/Middleware/PreventRequestsDuringMaintenance->handle(Object(Illuminate/Http/Request), Object(Closure))
#53 C:/Users/DELL/Downloads/Ascend AI/vendor/laravel/framework/src/Illuminate/Http/Middleware/HandleCors.php(61): Illuminate/Pipeline/Pipeline->Illuminate/Pipeline/{closure}(Object(Illuminate/Http/Request))
#54 C:/Users/DELL/Downloads/Ascend AI/vendor/laravel/framework/src/Illuminate/Pipeline/Pipeline.php(219): Illuminate/Http/Middleware/HandleCors->handle(Object(Illuminate/Http/Request), Object(Closure))
#55 C:/Users/DELL/Downloads/Ascend AI/vendor/laravel/framework/src/Illuminate/Http/Middleware/TrustProxies.php(58): Illuminate/Pipeline/Pipeline->Illuminate/Pipeline/{closure}(Object(Illuminate/Http/Request))
#56 C:/Users/DELL/Downloads/Ascend AI/vendor/laravel/framework/src/Illuminate/Pipeline/Pipeline.php(219): Illuminate/Http/Middleware/TrustProxies->handle(Object(Illuminate/Http/Request), Object(Closure))
#57 C:/Users/DELL/Downloads/Ascend AI/vendor/laravel/framework/src/Illuminate/Foundation/Http/Middleware/InvokeDeferredCallbacks.php(22): Illuminate/Pipeline/Pipeline->Illuminate/Pipeline/{closure}(Object(Illuminate/Http/Request))
#58 C:/Users/DELL/Downloads/Ascend AI/vendor/laravel/framework/src/Illuminate/Pipeline/Pipeline.php(219): Illuminate/Foundation/Http/Middleware/InvokeDeferredCallbacks->handle(Object(Illuminate/Http/Request), Object(Closure))
#59 C:/Users/DELL/Downloads/Ascend AI/vendor/laravel/framework/src/Illuminate/Http/Middleware/ValidatePathEncoding.php(28): Illuminate/Pipeline/Pipeline->Illuminate/Pipeline/{closure}(Object(Illuminate/Http/Request))
#60 C:/Users/DELL/Downloads/Ascend AI/vendor/laravel/framework/src/Illuminate/Pipeline/Pipeline.php(219): Illuminate/Http/Middleware/ValidatePathEncoding->handle(Object(Illuminate/Http/Request), Object(Closure))
#61 C:/Users/DELL/Downloads/Ascend AI/vendor/laravel/framework/src/Illuminate/Pipeline/Pipeline.php(137): Illuminate/Pipeline/Pipeline->Illuminate/Pipeline/{closure}(Object(Illuminate/Http/Request))
#62 C:/Users/DELL/Downloads/Ascend AI/vendor/laravel/framework/src/Illuminate/Foundation/Http/Kernel.php(175): Illuminate/Pipeline/Pipeline->then(Object(Closure))
#63 C:/Users/DELL/Downloads/Ascend AI/vendor/laravel/framework/src/Illuminate/Foundation/Http/Kernel.php(144): Illuminate/Foundation/Http/Kernel->sendRequestThroughRouter(Object(Illuminate/Http/Request))
#64 C:/Users/DELL/Downloads/Ascend AI/vendor/laravel/framework/src/Illuminate/Foundation/Application.php(1220): Illuminate/Foundation/Http/Kernel->handle(Object(Illuminate/Http/Request))
#65 C:/Users/DELL/Downloads/Ascend AI/public/index.php(20): Illuminate/Foundation/Application->handleRequest(Object(Illuminate/Http/Request))
#66 C:/Users/DELL/Downloads/Ascend AI/vendor/laravel/framework/src/Illuminate/Foundation/resources/server.php(23): require_once('C://Users//DELL//D...')
#67 {main}
"} 
[2026-08-09 13:33:25] local.ERROR: SQLSTATE[HY000]: General error: 1 no such table: users (Connection: sqlite, Database: database/database.sqlite, SQL: select * from "users" where "id" = 1 limit 1) {"exception":"[object] (Illuminate\\Database\\QueryException(code: HY000): SQLSTATE[HY000]: General error: 1 no such table: users (Connection: sqlite, Database: database/database.sqlite, SQL: select * from \"users\" where \"id\" = 1 limit 1) at C:/Users/DELL/Downloads/Ascend AI/vendor/laravel/framework/src/Illuminate/Database/Connection.php:841)
[stacktrace]
#0 C:/Users/DELL/Downloads/Ascend AI/vendor/laravel/framework/src/Illuminate/Database/Connection.php(797): Illuminate/Database/Connection->runQueryCallback('select * from \"...', Array, Object(Closure))
#1 C:/Users/DELL/Downloads/Ascend AI/vendor/laravel/framework/src/Illuminate/Database/Connection.php(412): Illuminate/Database/Connection->run('select * from \"...', Array, Object(Closure))
#2 C:/Users/DELL/Downloads/Ascend AI/vendor/laravel/framework/src/Illuminate/Database/Query/Builder.php(3562): Illuminate/Database/Connection->select('select * from \"...', Array, true, Array)
#3 C:/Users/DELL/Downloads/Ascend AI/vendor/laravel/framework/src/Illuminate/Database/Query/Builder.php(3546): Illuminate/Database/Query/Builder->runSelect()
#4 C:/Users/DELL/Downloads/Ascend AI/vendor/laravel/framework/src/Illuminate/Database/Eloquent/Builder.php(907): Illuminate/Database/Query/Builder->get(Array)
#5 C:/Users/DELL/Downloads/Ascend AI/vendor/laravel/framework/src/Illuminate/Database/Eloquent/Builder.php(889): Illuminate/Database/Eloquent/Builder->getModels(Array)
#6 C:/Users/DELL/Downloads/Ascend AI/vendor/laravel/framework/src/Illuminate/Database/Concerns/BuildsQueries.php(367): Illuminate/Database/Eloquent/Builder->get(Array)
#7 C:/Users/DELL/Downloads/Ascend AI/vendor/laravel/framework/src/Illuminate/Auth/EloquentUserProvider.php(58): Illuminate/Database/Eloquent/Builder->first()
#8 C:/Users/DELL/Downloads/Ascend AI/vendor/laravel/framework/src/Illuminate/Auth/SessionGuard.php(189): Illuminate/Auth/EloquentUserProvider->retrieveById(1)
#9 C:/Users/DELL/Downloads/Ascend AI/vendor/laravel/framework/src/Illuminate/Auth/AuthManager.php(56): Illuminate/Auth/SessionGuard->user()
#10 [internal function]: Illuminate/Auth/AuthManager->Illuminate/Auth/{closure}(NULL)
#11 C:/Users/DELL/Downloads/Ascend AI/vendor/laravel/framework/src/Illuminate/Auth/AuthServiceProvider.php(89): call_user_func(Object(Closure), NULL)
#12 [internal function]: Illuminate/Auth/AuthServiceProvider->Illuminate/Auth/{closure}(NULL)
#13 C:/Users/DELL/Downloads/Ascend AI/vendor/laravel/framework/src/Illuminate/Http/Request.php(670): call_user_func(Object(Closure), NULL)
#14 C:/Users/DELL/Downloads/Ascend AI/modules/AdminLanguages/Support/LocaleManager.php(29): Illuminate/Http/Request->user()
#15 C:/Users/DELL/Downloads/Ascend AI/modules/AdminLanguages/Http/Middleware/SetLocale.php(18): Modules/AdminLanguages/Support/LocaleManager->resolve(Object(Illuminate/Http/Request))
#16 C:/Users/DELL/Downloads/Ascend AI/vendor/laravel/framework/src/Illuminate/Pipeline/Pipeline.php(219): Modules/AdminLanguages/Http/Middleware/SetLocale->handle(Object(Illuminate/Http/Request), Object(Closure))
#17 C:/Users/DELL/Downloads/Ascend AI/vendor/laravel/framework/src/Illuminate/Routing/Middleware/SubstituteBindings.php(52): Illuminate/Pipeline/Pipeline->Illuminate/Pipeline/{closure}(Object(Illuminate/Http/Request))
#18 C:/Users/DELL/Downloads/Ascend AI/vendor/laravel/framework/src/Illuminate/Pipeline/Pipeline.php(219): Illuminate/Routing/Middleware/SubstituteBindings->handle(Object(Illuminate/Http/Request), Object(Closure))
#19 C:/Users/DELL/Downloads/Ascend AI/vendor/laravel/framework/src/Illuminate/Foundation/Http/Middleware/PreventRequestForgery.php(104): Illuminate/Pipeline/Pipeline->Illuminate/Pipeline/{closure}(Object(Illuminate/Http/Request))
#20 C:/Users/DELL/Downloads/Ascend AI/vendor/laravel/framework/src/Illuminate/Pipeline/Pipeline.php(219): Illuminate/Foundation/Http/Middleware/PreventRequestForgery->handle(Object(Illuminate/Http/Request), Object(Closure))
#21 C:/Users/DELL/Downloads/Ascend AI/vendor/laravel/framework/src/Illuminate/View/Middleware/ShareErrorsFromSession.php(48): Illuminate/Pipeline/Pipeline->Illuminate/Pipeline/{closure}(Object(Illuminate/Http/Request))
#22 C:/Users/DELL/Downloads/Ascend AI/vendor/laravel/framework/src/Illuminate/Pipeline/Pipeline.php(219): Illuminate/View/Middleware/ShareErrorsFromSession->handle(Object(Illuminate/Http/Request), Object(Closure))
#23 C:/Users/DELL/Downloads/Ascend AI/vendor/laravel/framework/src/Illuminate/Session/Middleware/StartSession.php(120): Illuminate/Pipeline/Pipeline->Illuminate/Pipeline/{closure}(Object(Illuminate/Http/Request))
#24 C:/Users/DELL/Downloads/Ascend AI/vendor/laravel/framework/src/Illuminate/Session/Middleware/StartSession.php(63): Illuminate/Session/Middleware/StartSession->handleStatefulRequest(Object(Illuminate/Http/Request), Object(Illuminate/Session/Store), Object(Closure))
#25 C:/Users/DELL/Downloads/Ascend AI/vendor/laravel/framework/src/Illuminate/Pipeline/Pipeline.php(219): Illuminate/Session/Middleware/StartSession->handle(Object(Illuminate/Http/Request), Object(Closure))
#26 C:/Users/DELL/Downloads/Ascend AI/vendor/laravel/framework/src/Illuminate/Cookie/Middleware/AddQueuedCookiesToResponse.php(36): Illuminate/Pipeline/Pipeline->Illuminate/Pipeline/{closure}(Object(Illuminate/Http/Request))
#27 C:/Users/DELL/Downloads/Ascend AI/vendor/laravel/framework/src/Illuminate/Pipeline/Pipeline.php(219): Illuminate/Cookie/Middleware/AddQueuedCookiesToResponse->handle(Object(Illuminate/Http/Request), Object(Closure))
#28 C:/Users/DELL/Downloads/Ascend AI/vendor/laravel/framework/src/Illuminate/Cookie/Middleware/EncryptCookies.php(74): Illuminate/Pipeline/Pipeline->Illuminate/Pipeline/{closure}(Object(Illuminate/Http/Request))
#29 C:/Users/DELL/Downloads/Ascend AI/vendor/laravel/framework/src/Illuminate/Pipeline/Pipeline.php(219): Illuminate/Cookie/Middleware/EncryptCookies->handle(Object(Illuminate/Http/Request), Object(Closure))
#30 C:/Users/DELL/Downloads/Ascend AI/app/Installer/Http/Middleware/PrepareInstallation.php(29): Illuminate/Pipeline/Pipeline->Illuminate/Pipeline/{closure}(Object(Illuminate/Http/Request))
#31 C:/Users/DELL/Downloads/Ascend AI/vendor/laravel/framework/src/Illuminate/Pipeline/Pipeline.php(219): App/Installer/Http/Middleware/PrepareInstallation->handle(Object(Illuminate/Http/Request), Object(Closure))
#32 C:/Users/DELL/Downloads/Ascend AI/vendor/laravel/framework/src/Illuminate/Pipeline/Pipeline.php(137): Illuminate/Pipeline/Pipeline->Illuminate/Pipeline/{closure}(Object(Illuminate/Http/Request))
#33 C:/Users/DELL/Downloads/Ascend AI/vendor/laravel/framework/src/Illuminate/Routing/Router.php(821): Illuminate/Pipeline/Pipeline->then(Object(Closure))
#34 C:/Users/DELL/Downloads/Ascend AI/vendor/laravel/framework/src/Illuminate/Routing/Router.php(800): Illuminate/Routing/Router->runRouteWithinStack(Object(Illuminate/Routing/Route), Object(Illuminate/Http/Request))
#35 C:/Users/DELL/Downloads/Ascend AI/vendor/laravel/framework/src/Illuminate/Routing/Router.php(764): Illuminate/Routing/Router->runRoute(Object(Illuminate/Http/Request), Object(Illuminate/Routing/Route))
#36 C:/Users/DELL/Downloads/Ascend AI/vendor/laravel/framework/src/Illuminate/Routing/Router.php(753): Illuminate/Routing/Router->dispatchToRoute(Object(Illuminate/Http/Request))
#37 C:/Users/DELL/Downloads/Ascend AI/vendor/laravel/framework/src/Illuminate/Foundation/Http/Kernel.php(200): Illuminate/Routing/Router->dispatch(Object(Illuminate/Http/Request))
#38 C:/Users/DELL/Downloads/Ascend AI/vendor/laravel/framework/src/Illuminate/Pipeline/Pipeline.php(180): Illuminate/Foundation/Http/Kernel->Illuminate/Foundation/Http/{closure}(Object(Illuminate/Http/Request))
#39 C:/Users/DELL/Downloads/Ascend AI/vendor/livewire/livewire/src/Features/SupportDisablingBackButtonCache/DisableBackButtonCacheMiddleware.php(19): Illuminate/Pipeline/Pipeline->Illuminate/Pipeline/{closure}(Object(Illuminate/Http/Request))
#40 C:/Users/DELL/Downloads/Ascend AI/vendor/laravel/framework/src/Illuminate/Pipeline/Pipeline.php(219): Livewire/Features/SupportDisablingBackButtonCache/DisableBackButtonCacheMiddleware->handle(Object(Illuminate/Http/Request), Object(Closure))
#41 C:/Users/DELL/Downloads/Ascend AI/vendor/laravel/framework/src/Illuminate/Foundation/Http/Middleware/TransformsRequest.php(21): Illuminate/Pipeline/Pipeline->Illuminate/Pipeline/{closure}(Object(Illuminate/Http/Request))
#42 C:/Users/DELL/Downloads/Ascend AI/vendor/laravel/framework/src/Illuminate/Foundation/Http/Middleware/ConvertEmptyStringsToNull.php(31): Illuminate/Foundation/Http/Middleware/TransformsRequest->handle(Object(Illuminate/Http/Request), Object(Closure))
#43 C:/Users/DELL/Downloads/Ascend AI/vendor/laravel/framework/src/Illuminate/Pipeline/Pipeline.php(219): Illuminate/Foundation/Http/Middleware/ConvertEmptyStringsToNull->handle(Object(Illuminate/Http/Request), Object(Closure))
#44 C:/Users/DELL/Downloads/Ascend AI/vendor/laravel/framework/src/Illuminate/Foundation/Http/Middleware/TransformsRequest.php(21): Illuminate/Pipeline/Pipeline->Illuminate/Pipeline/{closure}(Object(Illuminate/Http/Request))
#45 C:/Users/DELL/Downloads/Ascend AI/vendor/laravel/framework/src/Illuminate/Foundation/Http/Middleware/TrimStrings.php(51): Illuminate/Foundation/Http/Middleware/TransformsRequest->handle(Object(Illuminate/Http/Request), Object(Closure))
#46 C:/Users/DELL/Downloads/Ascend AI/vendor/laravel/framework/src/Illuminate/Pipeline/Pipeline.php(219): Illuminate/Foundation/Http/Middleware/TrimStrings->handle(Object(Illuminate/Http/Request), Object(Closure))
#47 C:/Users/DELL/Downloads/Ascend AI/vendor/laravel/framework/src/Illuminate/Http/Middleware/ValidatePostSize.php(27): Illuminate/Pipeline/Pipeline->Illuminate/Pipeline/{closure}(Object(Illuminate/Http/Request))
#48 C:/Users/DELL/Downloads/Ascend AI/vendor/laravel/framework/src/Illuminate/Pipeline/Pipeline.php(219): Illuminate/Http/Middleware/ValidatePostSize->handle(Object(Illuminate/Http/Request), Object(Closure))
#49 C:/Users/DELL/Downloads/Ascend AI/vendor/laravel/framework/src/Illuminate/Foundation/Http/Middleware/PreventRequestsDuringMaintenance.php(109): Illuminate/Pipeline/Pipeline->Illuminate/Pipeline/{closure}(Object(Illuminate/Http/Request))
#50 C:/Users/DELL/Downloads/Ascend AI/vendor/laravel/framework/src/Illuminate/Pipeline/Pipeline.php(219): Illuminate/Foundation/Http/Middleware/PreventRequestsDuringMaintenance->handle(Object(Illuminate/Http/Request), Object(Closure))
#51 C:/Users/DELL/Downloads/Ascend AI/vendor/laravel/framework/src/Illuminate/Http/Middleware/HandleCors.php(61): Illuminate/Pipeline/Pipeline->Illuminate/Pipeline/{closure}(Object(Illuminate/Http/Request))
#52 C:/Users/DELL/Downloads/Ascend AI/vendor/laravel/framework/src/Illuminate/Pipeline/Pipeline.php(219): Illuminate/Http/Middleware/HandleCors->handle(Object(Illuminate/Http/Request), Object(Closure))
#53 C:/Users/DELL/Downloads/Ascend AI/vendor/laravel/framework/src/Illuminate/Http/Middleware/TrustProxies.php(58): Illuminate/Pipeline/Pipeline->Illuminate/Pipeline/{closure}(Object(Illuminate/Http/Request))
#54 C:/Users/DELL/Downloads/Ascend AI/vendor/laravel/framework/src/Illuminate/Pipeline/Pipeline.php(219): Illuminate/Http/Middleware/TrustProxies->handle(Object(Illuminate/Http/Request), Object(Closure))
#55 C:/Users/DELL/Downloads/Ascend AI/vendor/laravel/framework/src/Illuminate/Foundation/Http/Middleware/InvokeDeferredCallbacks.php(22): Illuminate/Pipeline/Pipeline->Illuminate/Pipeline/{closure}(Object(Illuminate/Http/Request))
#56 C:/Users/DELL/Downloads/Ascend AI/vendor/laravel/framework/src/Illuminate/Pipeline/Pipeline.php(219): Illuminate/Foundation/Http/Middleware/InvokeDeferredCallbacks->handle(Object(Illuminate/Http/Request), Object(Closure))
#57 C:/Users/DELL/Downloads/Ascend AI/vendor/laravel/framework/src/Illuminate/Http/Middleware/ValidatePathEncoding.php(28): Illuminate/Pipeline/Pipeline->Illuminate/Pipeline/{closure}(Object(Illuminate/Http/Request))
#58 C:/Users/DELL/Downloads/Ascend AI/vendor/laravel/framework/src/Illuminate/Pipeline/Pipeline.php(219): Illuminate/Http/Middleware/ValidatePathEncoding->handle(Object(Illuminate/Http/Request), Object(Closure))
#59 C:/Users/DELL/Downloads/Ascend AI/vendor/laravel/framework/src/Illuminate/Pipeline/Pipeline.php(137): Illuminate/Pipeline/Pipeline->Illuminate/Pipeline/{closure}(Object(Illuminate/Http/Request))
#60 C:/Users/DELL/Downloads/Ascend AI/vendor/laravel/framework/src/Illuminate/Foundation/Http/Kernel.php(175): Illuminate/Pipeline/Pipeline->then(Object(Closure))
#61 C:/Users/DELL/Downloads/Ascend AI/vendor/laravel/framework/src/Illuminate/Foundation/Http/Kernel.php(144): Illuminate/Foundation/Http/Kernel->sendRequestThroughRouter(Object(Illuminate/Http/Request))
#62 C:/Users/DELL/Downloads/Ascend AI/vendor/laravel/framework/src/Illuminate/Foundation/Application.php(1220): Illuminate/Foundation/Http/Kernel->handle(Object(Illuminate/Http/Request))
#63 C:/Users/DELL/Downloads/Ascend AI/public/index.php(20): Illuminate/Foundation/Application->handleRequest(Object(Illuminate/Http/Request))
#64 C:/Users/DELL/Downloads/Ascend AI/vendor/laravel/framework/src/Illuminate/Foundation/resources/server.php(23): require_once('C://Users//DELL//D...')
#65 {main}

[previous exception] [object] (PDOException(code: HY000): SQLSTATE[HY000]: General error: 1 no such table: users at C:/Users/DELL/Downloads/Ascend AI/vendor/laravel/framework/src/Illuminate/Database/Connection.php:421)
[stacktrace]
#0 C:/Users/DELL/Downloads/Ascend AI/vendor/laravel/framework/src/Illuminate/Database/Connection.php(421): PDO->prepare('select * from \"...')
#1 C:/Users/DELL/Downloads/Ascend AI/vendor/laravel/framework/src/Illuminate/Database/Connection.php(830): Illuminate/Database/Connection->Illuminate/Database/{closure}('select * from \"...', Array)
#2 C:/Users/DELL/Downloads/Ascend AI/vendor/laravel/framework/src/Illuminate/Database/Connection.php(797): Illuminate/Database/Connection->runQueryCallback('select * from \"...', Array, Object(Closure))
#3 C:/Users/DELL/Downloads/Ascend AI/vendor/laravel/framework/src/Illuminate/Database/Connection.php(412): Illuminate/Database/Connection->run('select * from \"...', Array, Object(Closure))
#4 C:/Users/DELL/Downloads/Ascend AI/vendor/laravel/framework/src/Illuminate/Database/Query/Builder.php(3562): Illuminate/Database/Connection->select('select * from \"...', Array, true, Array)
#5 C:/Users/DELL/Downloads/Ascend AI/vendor/laravel/framework/src/Illuminate/Database/Query/Builder.php(3546): Illuminate/Database/Query/Builder->runSelect()
#6 C:/Users/DELL/Downloads/Ascend AI/vendor/laravel/framework/src/Illuminate/Database/Eloquent/Builder.php(907): Illuminate/Database/Query/Builder->get(Array)
#7 C:/Users/DELL/Downloads/Ascend AI/vendor/laravel/framework/src/Illuminate/Database/Eloquent/Builder.php(889): Illuminate/Database/Eloquent/Builder->getModels(Array)
#8 C:/Users/DELL/Downloads/Ascend AI/vendor/laravel/framework/src/Illuminate/Database/Concerns/BuildsQueries.php(367): Illuminate/Database/Eloquent/Builder->get(Array)
#9 C:/Users/DELL/Downloads/Ascend AI/vendor/laravel/framework/src/Illuminate/Auth/EloquentUserProvider.php(58): Illuminate/Database/Eloquent/Builder->first()
#10 C:/Users/DELL/Downloads/Ascend AI/vendor/laravel/framework/src/Illuminate/Auth/SessionGuard.php(189): Illuminate/Auth/EloquentUserProvider->retrieveById(1)
#11 C:/Users/DELL/Downloads/Ascend AI/vendor/laravel/framework/src/Illuminate/Auth/AuthManager.php(56): Illuminate/Auth/SessionGuard->user()
#12 [internal function]: Illuminate/Auth/AuthManager->Illuminate/Auth/{closure}(NULL)
#13 C:/Users/DELL/Downloads/Ascend AI/vendor/laravel/framework/src/Illuminate/Auth/AuthServiceProvider.php(89): call_user_func(Object(Closure), NULL)
#14 [internal function]: Illuminate/Auth/AuthServiceProvider->Illuminate/Auth/{closure}(NULL)
#15 C:/Users/DELL/Downloads/Ascend AI/vendor/laravel/framework/src/Illuminate/Http/Request.php(670): call_user_func(Object(Closure), NULL)
#16 C:/Users/DELL/Downloads/Ascend AI/modules/AdminLanguages/Support/LocaleManager.php(29): Illuminate/Http/Request->user()
#17 C:/Users/DELL/Downloads/Ascend AI/modules/AdminLanguages/Http/Middleware/SetLocale.php(18): Modules/AdminLanguages/Support/LocaleManager->resolve(Object(Illuminate/Http/Request))
#18 C:/Users/DELL/Downloads/Ascend AI/vendor/laravel/framework/src/Illuminate/Pipeline/Pipeline.php(219): Modules/AdminLanguages/Http/Middleware/SetLocale->handle(Object(Illuminate/Http/Request), Object(Closure))
#19 C:/Users/DELL/Downloads/Ascend AI/vendor/laravel/framework/src/Illuminate/Routing/Middleware/SubstituteBindings.php(52): Illuminate/Pipeline/Pipeline->Illuminate/Pipeline/{closure}(Object(Illuminate/Http/Request))
#20 C:/Users/DELL/Downloads/Ascend AI/vendor/laravel/framework/src/Illuminate/Pipeline/Pipeline.php(219): Illuminate/Routing/Middleware/SubstituteBindings->handle(Object(Illuminate/Http/Request), Object(Closure))
#21 C:/Users/DELL/Downloads/Ascend AI/vendor/laravel/framework/src/Illuminate/Foundation/Http/Middleware/PreventRequestForgery.php(104): Illuminate/Pipeline/Pipeline->Illuminate/Pipeline/{closure}(Object(Illuminate/Http/Request))
#22 C:/Users/DELL/Downloads/Ascend AI/vendor/laravel/framework/src/Illuminate/Pipeline/Pipeline.php(219): Illuminate/Foundation/Http/Middleware/PreventRequestForgery->handle(Object(Illuminate/Http/Request), Object(Closure))
#23 C:/Users/DELL/Downloads/Ascend AI/vendor/laravel/framework/src/Illuminate/View/Middleware/ShareErrorsFromSession.php(48): Illuminate/Pipeline/Pipeline->Illuminate/Pipeline/{closure}(Object(Illuminate/Http/Request))
#24 C:/Users/DELL/Downloads/Ascend AI/vendor/laravel/framework/src/Illuminate/Pipeline/Pipeline.php(219): Illuminate/View/Middleware/ShareErrorsFromSession->handle(Object(Illuminate/Http/Request), Object(Closure))
#25 C:/Users/DELL/Downloads/Ascend AI/vendor/laravel/framework/src/Illuminate/Session/Middleware/StartSession.php(120): Illuminate/Pipeline/Pipeline->Illuminate/Pipeline/{closure}(Object(Illuminate/Http/Request))
#26 C:/Users/DELL/Downloads/Ascend AI/vendor/laravel/framework/src/Illuminate/Session/Middleware/StartSession.php(63): Illuminate/Session/Middleware/StartSession->handleStatefulRequest(Object(Illuminate/Http/Request), Object(Illuminate/Session/Store), Object(Closure))
#27 C:/Users/DELL/Downloads/Ascend AI/vendor/laravel/framework/src/Illuminate/Pipeline/Pipeline.php(219): Illuminate/Session/Middleware/StartSession->handle(Object(Illuminate/Http/Request), Object(Closure))
#28 C:/Users/DELL/Downloads/Ascend AI/vendor/laravel/framework/src/Illuminate/Cookie/Middleware/AddQueuedCookiesToResponse.php(36): Illuminate/Pipeline/Pipeline->Illuminate/Pipeline/{closure}(Object(Illuminate/Http/Request))
#29 C:/Users/DELL/Downloads/Ascend AI/vendor/laravel/framework/src/Illuminate/Pipeline/Pipeline.php(219): Illuminate/Cookie/Middleware/AddQueuedCookiesToResponse->handle(Object(Illuminate/Http/Request), Object(Closure))
#30 C:/Users/DELL/Downloads/Ascend AI/vendor/laravel/framework/src/Illuminate/Cookie/Middleware/EncryptCookies.php(74): Illuminate/Pipeline/Pipeline->Illuminate/Pipeline/{closure}(Object(Illuminate/Http/Request))
#31 C:/Users/DELL/Downloads/Ascend AI/vendor/laravel/framework/src/Illuminate/Pipeline/Pipeline.php(219): Illuminate/Cookie/Middleware/EncryptCookies->handle(Object(Illuminate/Http/Request), Object(Closure))
#32 C:/Users/DELL/Downloads/Ascend AI/app/Installer/Http/Middleware/PrepareInstallation.php(29): Illuminate/Pipeline/Pipeline->Illuminate/Pipeline/{closure}(Object(Illuminate/Http/Request))
#33 C:/Users/DELL/Downloads/Ascend AI/vendor/laravel/framework/src/Illuminate/Pipeline/Pipeline.php(219): App/Installer/Http/Middleware/PrepareInstallation->handle(Object(Illuminate/Http/Request), Object(Closure))
#34 C:/Users/DELL/Downloads/Ascend AI/vendor/laravel/framework/src/Illuminate/Pipeline/Pipeline.php(137): Illuminate/Pipeline/Pipeline->Illuminate/Pipeline/{closure}(Object(Illuminate/Http/Request))
#35 C:/Users/DELL/Downloads/Ascend AI/vendor/laravel/framework/src/Illuminate/Routing/Router.php(821): Illuminate/Pipeline/Pipeline->then(Object(Closure))
#36 C:/Users/DELL/Downloads/Ascend AI/vendor/laravel/framework/src/Illuminate/Routing/Router.php(800): Illuminate/Routing/Router->runRouteWithinStack(Object(Illuminate/Routing/Route), Object(Illuminate/Http/Request))
#37 C:/Users/DELL/Downloads/Ascend AI/vendor/laravel/framework/src/Illuminate/Routing/Router.php(764): Illuminate/Routing/Router->runRoute(Object(Illuminate/Http/Request), Object(Illuminate/Routing/Route))
#38 C:/Users/DELL/Downloads/Ascend AI/vendor/laravel/framework/src/Illuminate/Routing/Router.php(753): Illuminate/Routing/Router->dispatchToRoute(Object(Illuminate/Http/Request))
#39 C:/Users/DELL/Downloads/Ascend AI/vendor/laravel/framework/src/Illuminate/Foundation/Http/Kernel.php(200): Illuminate/Routing/Router->dispatch(Object(Illuminate/Http/Request))
#40 C:/Users/DELL/Downloads/Ascend AI/vendor/laravel/framework/src/Illuminate/Pipeline/Pipeline.php(180): Illuminate/Foundation/Http/Kernel->Illuminate/Foundation/Http/{closure}(Object(Illuminate/Http/Request))
#41 C:/Users/DELL/Downloads/Ascend AI/vendor/livewire/livewire/src/Features/SupportDisablingBackButtonCache/DisableBackButtonCacheMiddleware.php(19): Illuminate/Pipeline/Pipeline->Illuminate/Pipeline/{closure}(Object(Illuminate/Http/Request))
#42 C:/Users/DELL/Downloads/Ascend AI/vendor/laravel/framework/src/Illuminate/Pipeline/Pipeline.php(219): Livewire/Features/SupportDisablingBackButtonCache/DisableBackButtonCacheMiddleware->handle(Object(Illuminate/Http/Request), Object(Closure))
#43 C:/Users/DELL/Downloads/Ascend AI/vendor/laravel/framework/src/Illuminate/Foundation/Http/Middleware/TransformsRequest.php(21): Illuminate/Pipeline/Pipeline->Illuminate/Pipeline/{closure}(Object(Illuminate/Http/Request))
#44 C:/Users/DELL/Downloads/Ascend AI/vendor/laravel/framework/src/Illuminate/Foundation/Http/Middleware/ConvertEmptyStringsToNull.php(31): Illuminate/Foundation/Http/Middleware/TransformsRequest->handle(Object(Illuminate/Http/Request), Object(Closure))
#45 C:/Users/DELL/Downloads/Ascend AI/vendor/laravel/framework/src/Illuminate/Pipeline/Pipeline.php(219): Illuminate/Foundation/Http/Middleware/ConvertEmptyStringsToNull->handle(Object(Illuminate/Http/Request), Object(Closure))
#46 C:/Users/DELL/Downloads/Ascend AI/vendor/laravel/framework/src/Illuminate/Foundation/Http/Middleware/TransformsRequest.php(21): Illuminate/Pipeline/Pipeline->Illuminate/Pipeline/{closure}(Object(Illuminate/Http/Request))
#47 C:/Users/DELL/Downloads/Ascend AI/vendor/laravel/framework/src/Illuminate/Foundation/Http/Middleware/TrimStrings.php(51): Illuminate/Foundation/Http/Middleware/TransformsRequest->handle(Object(Illuminate/Http/Request), Object(Closure))
#48 C:/Users/DELL/Downloads/Ascend AI/vendor/laravel/framework/src/Illuminate/Pipeline/Pipeline.php(219): Illuminate/Foundation/Http/Middleware/TrimStrings->handle(Object(Illuminate/Http/Request), Object(Closure))
#49 C:/Users/DELL/Downloads/Ascend AI/vendor/laravel/framework/src/Illuminate/Http/Middleware/ValidatePostSize.php(27): Illuminate/Pipeline/Pipeline->Illuminate/Pipeline/{closure}(Object(Illuminate/Http/Request))
#50 C:/Users/DELL/Downloads/Ascend AI/vendor/laravel/framework/src/Illuminate/Pipeline/Pipeline.php(219): Illuminate/Http/Middleware/ValidatePostSize->handle(Object(Illuminate/Http/Request), Object(Closure))
#51 C:/Users/DELL/Downloads/Ascend AI/vendor/laravel/framework/src/Illuminate/Foundation/Http/Middleware/PreventRequestsDuringMaintenance.php(109): Illuminate/Pipeline/Pipeline->Illuminate/Pipeline/{closure}(Object(Illuminate/Http/Request))
#52 C:/Users/DELL/Downloads/Ascend AI/vendor/laravel/framework/src/Illuminate/Pipeline/Pipeline.php(219): Illuminate/Foundation/Http/Middleware/PreventRequestsDuringMaintenance->handle(Object(Illuminate/Http/Request), Object(Closure))
#53 C:/Users/DELL/Downloads/Ascend AI/vendor/laravel/framework/src/Illuminate/Http/Middleware/HandleCors.php(61): Illuminate/Pipeline/Pipeline->Illuminate/Pipeline/{closure}(Object(Illuminate/Http/Request))
#54 C:/Users/DELL/Downloads/Ascend AI/vendor/laravel/framework/src/Illuminate/Pipeline/Pipeline.php(219): Illuminate/Http/Middleware/HandleCors->handle(Object(Illuminate/Http/Request), Object(Closure))
#55 C:/Users/DELL/Downloads/Ascend AI/vendor/laravel/framework/src/Illuminate/Http/Middleware/TrustProxies.php(58): Illuminate/Pipeline/Pipeline->Illuminate/Pipeline/{closure}(Object(Illuminate/Http/Request))
#56 C:/Users/DELL/Downloads/Ascend AI/vendor/laravel/framework/src/Illuminate/Pipeline/Pipeline.php(219): Illuminate/Http/Middleware/TrustProxies->handle(Object(Illuminate/Http/Request), Object(Closure))
#57 C:/Users/DELL/Downloads/Ascend AI/vendor/laravel/framework/src/Illuminate/Foundation/Http/Middleware/InvokeDeferredCallbacks.php(22): Illuminate/Pipeline/Pipeline->Illuminate/Pipeline/{closure}(Object(Illuminate/Http/Request))
#58 C:/Users/DELL/Downloads/Ascend AI/vendor/laravel/framework/src/Illuminate/Pipeline/Pipeline.php(219): Illuminate/Foundation/Http/Middleware/InvokeDeferredCallbacks->handle(Object(Illuminate/Http/Request), Object(Closure))
#59 C:/Users/DELL/Downloads/Ascend AI/vendor/laravel/framework/src/Illuminate/Http/Middleware/ValidatePathEncoding.php(28): Illuminate/Pipeline/Pipeline->Illuminate/Pipeline/{closure}(Object(Illuminate/Http/Request))
#60 C:/Users/DELL/Downloads/Ascend AI/vendor/laravel/framework/src/Illuminate/Pipeline/Pipeline.php(219): Illuminate/Http/Middleware/ValidatePathEncoding->handle(Object(Illuminate/Http/Request), Object(Closure))
#61 C:/Users/DELL/Downloads/Ascend AI/vendor/laravel/framework/src/Illuminate/Pipeline/Pipeline.php(137): Illuminate/Pipeline/Pipeline->Illuminate/Pipeline/{closure}(Object(Illuminate/Http/Request))
#62 C:/Users/DELL/Downloads/Ascend AI/vendor/laravel/framework/src/Illuminate/Foundation/Http/Kernel.php(175): Illuminate/Pipeline/Pipeline->then(Object(Closure))
#63 C:/Users/DELL/Downloads/Ascend AI/vendor/laravel/framework/src/Illuminate/Foundation/Http/Kernel.php(144): Illuminate/Foundation/Http/Kernel->sendRequestThroughRouter(Object(Illuminate/Http/Request))
#64 C:/Users/DELL/Downloads/Ascend AI/vendor/laravel/framework/src/Illuminate/Foundation/Application.php(1220): Illuminate/Foundation/Http/Kernel->handle(Object(Illuminate/Http/Request))
#65 C:/Users/DELL/Downloads/Ascend AI/public/index.php(20): Illuminate/Foundation/Application->handleRequest(Object(Illuminate/Http/Request))
#66 C:/Users/DELL/Downloads/Ascend AI/vendor/laravel/framework/src/Illuminate/Foundation/resources/server.php(23): require_once('C://Users//DELL//D...')
#67 {main}
"} 
[2026-08-09 13:37:42] local.ERROR: SQLSTATE[HY000]: General error: 1 no such table: users (Connection: sqlite, Database: database/database.sqlite, SQL: select * from "users" where "id" = 1 limit 1) {"exception":"[object] (Illuminate\\Database\\QueryException(code: HY000): SQLSTATE[HY000]: General error: 1 no such table: users (Connection: sqlite, Database: database/database.sqlite, SQL: select * from \"users\" where \"id\" = 1 limit 1) at C:/Users/DELL/Downloads/Ascend AI/vendor/laravel/framework/src/Illuminate/Database/Connection.php:841)
[stacktrace]
#0 C:/Users/DELL/Downloads/Ascend AI/vendor/laravel/framework/src/Illuminate/Database/Connection.php(797): Illuminate/Database/Connection->runQueryCallback('select * from \"...', Array, Object(Closure))
#1 C:/Users/DELL/Downloads/Ascend AI/vendor/laravel/framework/src/Illuminate/Database/Connection.php(412): Illuminate/Database/Connection->run('select * from \"...', Array, Object(Closure))
#2 C:/Users/DELL/Downloads/Ascend AI/vendor/laravel/framework/src/Illuminate/Database/Query/Builder.php(3562): Illuminate/Database/Connection->select('select * from \"...', Array, true, Array)
#3 C:/Users/DELL/Downloads/Ascend AI/vendor/laravel/framework/src/Illuminate/Database/Query/Builder.php(3546): Illuminate/Database/Query/Builder->runSelect()
#4 C:/Users/DELL/Downloads/Ascend AI/vendor/laravel/framework/src/Illuminate/Database/Eloquent/Builder.php(907): Illuminate/Database/Query/Builder->get(Array)
#5 C:/Users/DELL/Downloads/Ascend AI/vendor/laravel/framework/src/Illuminate/Database/Eloquent/Builder.php(889): Illuminate/Database/Eloquent/Builder->getModels(Array)
#6 C:/Users/DELL/Downloads/Ascend AI/vendor/laravel/framework/src/Illuminate/Database/Concerns/BuildsQueries.php(367): Illuminate/Database/Eloquent/Builder->get(Array)
#7 C:/Users/DELL/Downloads/Ascend AI/vendor/laravel/framework/src/Illuminate/Auth/EloquentUserProvider.php(58): Illuminate/Database/Eloquent/Builder->first()
#8 C:/Users/DELL/Downloads/Ascend AI/vendor/laravel/framework/src/Illuminate/Auth/SessionGuard.php(189): Illuminate/Auth/EloquentUserProvider->retrieveById(1)
#9 C:/Users/DELL/Downloads/Ascend AI/vendor/laravel/framework/src/Illuminate/Auth/AuthManager.php(56): Illuminate/Auth/SessionGuard->user()
#10 [internal function]: Illuminate/Auth/AuthManager->Illuminate/Auth/{closure}(NULL)
#11 C:/Users/DELL/Downloads/Ascend AI/vendor/laravel/framework/src/Illuminate/Auth/AuthServiceProvider.php(89): call_user_func(Object(Closure), NULL)
#12 [internal function]: Illuminate/Auth/AuthServiceProvider->Illuminate/Auth/{closure}(NULL)
#13 C:/Users/DELL/Downloads/Ascend AI/vendor/laravel/framework/src/Illuminate/Http/Request.php(670): call_user_func(Object(Closure), NULL)
#14 C:/Users/DELL/Downloads/Ascend AI/modules/AdminLanguages/Support/LocaleManager.php(29): Illuminate/Http/Request->user()
#15 C:/Users/DELL/Downloads/Ascend AI/modules/AdminLanguages/Http/Middleware/SetLocale.php(18): Modules/AdminLanguages/Support/LocaleManager->resolve(Object(Illuminate/Http/Request))
#16 C:/Users/DELL/Downloads/Ascend AI/vendor/laravel/framework/src/Illuminate/Pipeline/Pipeline.php(219): Modules/AdminLanguages/Http/Middleware/SetLocale->handle(Object(Illuminate/Http/Request), Object(Closure))
#17 C:/Users/DELL/Downloads/Ascend AI/vendor/laravel/framework/src/Illuminate/Routing/Middleware/SubstituteBindings.php(52): Illuminate/Pipeline/Pipeline->Illuminate/Pipeline/{closure}(Object(Illuminate/Http/Request))
#18 C:/Users/DELL/Downloads/Ascend AI/vendor/laravel/framework/src/Illuminate/Pipeline/Pipeline.php(219): Illuminate/Routing/Middleware/SubstituteBindings->handle(Object(Illuminate/Http/Request), Object(Closure))
#19 C:/Users/DELL/Downloads/Ascend AI/vendor/laravel/framework/src/Illuminate/Foundation/Http/Middleware/PreventRequestForgery.php(104): Illuminate/Pipeline/Pipeline->Illuminate/Pipeline/{closure}(Object(Illuminate/Http/Request))
#20 C:/Users/DELL/Downloads/Ascend AI/vendor/laravel/framework/src/Illuminate/Pipeline/Pipeline.php(219): Illuminate/Foundation/Http/Middleware/PreventRequestForgery->handle(Object(Illuminate/Http/Request), Object(Closure))
#21 C:/Users/DELL/Downloads/Ascend AI/vendor/laravel/framework/src/Illuminate/View/Middleware/ShareErrorsFromSession.php(48): Illuminate/Pipeline/Pipeline->Illuminate/Pipeline/{closure}(Object(Illuminate/Http/Request))
#22 C:/Users/DELL/Downloads/Ascend AI/vendor/laravel/framework/src/Illuminate/Pipeline/Pipeline.php(219): Illuminate/View/Middleware/ShareErrorsFromSession->handle(Object(Illuminate/Http/Request), Object(Closure))
#23 C:/Users/DELL/Downloads/Ascend AI/vendor/laravel/framework/src/Illuminate/Session/Middleware/StartSession.php(120): Illuminate/Pipeline/Pipeline->Illuminate/Pipeline/{closure}(Object(Illuminate/Http/Request))
#24 C:/Users/DELL/Downloads/Ascend AI/vendor/laravel/framework/src/Illuminate/Session/Middleware/StartSession.php(63): Illuminate/Session/Middleware/StartSession->handleStatefulRequest(Object(Illuminate/Http/Request), Object(Illuminate/Session/Store), Object(Closure))
#25 C:/Users/DELL/Downloads/Ascend AI/vendor/laravel/framework/src/Illuminate/Pipeline/Pipeline.php(219): Illuminate/Session/Middleware/StartSession->handle(Object(Illuminate/Http/Request), Object(Closure))
#26 C:/Users/DELL/Downloads/Ascend AI/vendor/laravel/framework/src/Illuminate/Cookie/Middleware/AddQueuedCookiesToResponse.php(36): Illuminate/Pipeline/Pipeline->Illuminate/Pipeline/{closure}(Object(Illuminate/Http/Request))
#27 C:/Users/DELL/Downloads/Ascend AI/vendor/laravel/framework/src/Illuminate/Pipeline/Pipeline.php(219): Illuminate/Cookie/Middleware/AddQueuedCookiesToResponse->handle(Object(Illuminate/Http/Request), Object(Closure))
#28 C:/Users/DELL/Downloads/Ascend AI/vendor/laravel/framework/src/Illuminate/Cookie/Middleware/EncryptCookies.php(74): Illuminate/Pipeline/Pipeline->Illuminate/Pipeline/{closure}(Object(Illuminate/Http/Request))
#29 C:/Users/DELL/Downloads/Ascend AI/vendor/laravel/framework/src/Illuminate/Pipeline/Pipeline.php(219): Illuminate/Cookie/Middleware/EncryptCookies->handle(Object(Illuminate/Http/Request), Object(Closure))
#30 C:/Users/DELL/Downloads/Ascend AI/app/Installer/Http/Middleware/PrepareInstallation.php(29): Illuminate/Pipeline/Pipeline->Illuminate/Pipeline/{closure}(Object(Illuminate/Http/Request))
#31 C:/Users/DELL/Downloads/Ascend AI/vendor/laravel/framework/src/Illuminate/Pipeline/Pipeline.php(219): App/Installer/Http/Middleware/PrepareInstallation->handle(Object(Illuminate/Http/Request), Object(Closure))
#32 C:/Users/DELL/Downloads/Ascend AI/vendor/laravel/framework/src/Illuminate/Pipeline/Pipeline.php(137): Illuminate/Pipeline/Pipeline->Illuminate/Pipeline/{closure}(Object(Illuminate/Http/Request))
#33 C:/Users/DELL/Downloads/Ascend AI/vendor/laravel/framework/src/Illuminate/Routing/Router.php(821): Illuminate/Pipeline/Pipeline->then(Object(Closure))
#34 C:/Users/DELL/Downloads/Ascend AI/vendor/laravel/framework/src/Illuminate/Routing/Router.php(800): Illuminate/Routing/Router->runRouteWithinStack(Object(Illuminate/Routing/Route), Object(Illuminate/Http/Request))
#35 C:/Users/DELL/Downloads/Ascend AI/vendor/laravel/framework/src/Illuminate/Routing/Router.php(764): Illuminate/Routing/Router->runRoute(Object(Illuminate/Http/Request), Object(Illuminate/Routing/Route))
#36 C:/Users/DELL/Downloads/Ascend AI/vendor/laravel/framework/src/Illuminate/Routing/Router.php(753): Illuminate/Routing/Router->dispatchToRoute(Object(Illuminate/Http/Request))
#37 C:/Users/DELL/Downloads/Ascend AI/vendor/laravel/framework/src/Illuminate/Foundation/Http/Kernel.php(200): Illuminate/Routing/Router->dispatch(Object(Illuminate/Http/Request))
#38 C:/Users/DELL/Downloads/Ascend AI/vendor/laravel/framework/src/Illuminate/Pipeline/Pipeline.php(180): Illuminate/Foundation/Http/Kernel->Illuminate/Foundation/Http/{closure}(Object(Illuminate/Http/Request))
#39 C:/Users/DELL/Downloads/Ascend AI/vendor/livewire/livewire/src/Features/SupportDisablingBackButtonCache/DisableBackButtonCacheMiddleware.php(19): Illuminate/Pipeline/Pipeline->Illuminate/Pipeline/{closure}(Object(Illuminate/Http/Request))
#40 C:/Users/DELL/Downloads/Ascend AI/vendor/laravel/framework/src/Illuminate/Pipeline/Pipeline.php(219): Livewire/Features/SupportDisablingBackButtonCache/DisableBackButtonCacheMiddleware->handle(Object(Illuminate/Http/Request), Object(Closure))
#41 C:/Users/DELL/Downloads/Ascend AI/vendor/laravel/framework/src/Illuminate/Foundation/Http/Middleware/TransformsRequest.php(21): Illuminate/Pipeline/Pipeline->Illuminate/Pipeline/{closure}(Object(Illuminate/Http/Request))
#42 C:/Users/DELL/Downloads/Ascend AI/vendor/laravel/framework/src/Illuminate/Foundation/Http/Middleware/ConvertEmptyStringsToNull.php(31): Illuminate/Foundation/Http/Middleware/TransformsRequest->handle(Object(Illuminate/Http/Request), Object(Closure))
#43 C:/Users/DELL/Downloads/Ascend AI/vendor/laravel/framework/src/Illuminate/Pipeline/Pipeline.php(219): Illuminate/Foundation/Http/Middleware/ConvertEmptyStringsToNull->handle(Object(Illuminate/Http/Request), Object(Closure))
#44 C:/Users/DELL/Downloads/Ascend AI/vendor/laravel/framework/src/Illuminate/Foundation/Http/Middleware/TransformsRequest.php(21): Illuminate/Pipeline/Pipeline->Illuminate/Pipeline/{closure}(Object(Illuminate/Http/Request))
#45 C:/Users/DELL/Downloads/Ascend AI/vendor/laravel/framework/src/Illuminate/Foundation/Http/Middleware/TrimStrings.php(51): Illuminate/Foundation/Http/Middleware/TransformsRequest->handle(Object(Illuminate/Http/Request), Object(Closure))
#46 C:/Users/DELL/Downloads/Ascend AI/vendor/laravel/framework/src/Illuminate/Pipeline/Pipeline.php(219): Illuminate/Foundation/Http/Middleware/TrimStrings->handle(Object(Illuminate/Http/Request), Object(Closure))
#47 C:/Users/DELL/Downloads/Ascend AI/vendor/laravel/framework/src/Illuminate/Http/Middleware/ValidatePostSize.php(27): Illuminate/Pipeline/Pipeline->Illuminate/Pipeline/{closure}(Object(Illuminate/Http/Request))
#48 C:/Users/DELL/Downloads/Ascend AI/vendor/laravel/framework/src/Illuminate/Pipeline/Pipeline.php(219): Illuminate/Http/Middleware/ValidatePostSize->handle(Object(Illuminate/Http/Request), Object(Closure))
#49 C:/Users/DELL/Downloads/Ascend AI/vendor/laravel/framework/src/Illuminate/Foundation/Http/Middleware/PreventRequestsDuringMaintenance.php(109): Illuminate/Pipeline/Pipeline->Illuminate/Pipeline/{closure}(Object(Illuminate/Http/Request))
#50 C:/Users/DELL/Downloads/Ascend AI/vendor/laravel/framework/src/Illuminate/Pipeline/Pipeline.php(219): Illuminate/Foundation/Http/Middleware/PreventRequestsDuringMaintenance->handle(Object(Illuminate/Http/Request), Object(Closure))
#51 C:/Users/DELL/Downloads/Ascend AI/vendor/laravel/framework/src/Illuminate/Http/Middleware/HandleCors.php(61): Illuminate/Pipeline/Pipeline->Illuminate/Pipeline/{closure}(Object(Illuminate/Http/Request))
#52 C:/Users/DELL/Downloads/Ascend AI/vendor/laravel/framework/src/Illuminate/Pipeline/Pipeline.php(219): Illuminate/Http/Middleware/HandleCors->handle(Object(Illuminate/Http/Request), Object(Closure))
#53 C:/Users/DELL/Downloads/Ascend AI/vendor/laravel/framework/src/Illuminate/Http/Middleware/TrustProxies.php(58): Illuminate/Pipeline/Pipeline->Illuminate/Pipeline/{closure}(Object(Illuminate/Http/Request))
#54 C:/Users/DELL/Downloads/Ascend AI/vendor/laravel/framework/src/Illuminate/Pipeline/Pipeline.php(219): Illuminate/Http/Middleware/TrustProxies->handle(Object(Illuminate/Http/Request), Object(Closure))
#55 C:/Users/DELL/Downloads/Ascend AI/vendor/laravel/framework/src/Illuminate/Foundation/Http/Middleware/InvokeDeferredCallbacks.php(22): Illuminate/Pipeline/Pipeline->Illuminate/Pipeline/{closure}(Object(Illuminate/Http/Request))
#56 C:/Users/DELL/Downloads/Ascend AI/vendor/laravel/framework/src/Illuminate/Pipeline/Pipeline.php(219): Illuminate/Foundation/Http/Middleware/InvokeDeferredCallbacks->handle(Object(Illuminate/Http/Request), Object(Closure))
#57 C:/Users/DELL/Downloads/Ascend AI/vendor/laravel/framework/src/Illuminate/Http/Middleware/ValidatePathEncoding.php(28): Illuminate/Pipeline/Pipeline->Illuminate/Pipeline/{closure}(Object(Illuminate/Http/Request))
#58 C:/Users/DELL/Downloads/Ascend AI/vendor/laravel/framework/src/Illuminate/Pipeline/Pipeline.php(219): Illuminate/Http/Middleware/ValidatePathEncoding->handle(Object(Illuminate/Http/Request), Object(Closure))
#59 C:/Users/DELL/Downloads/Ascend AI/vendor/laravel/framework/src/Illuminate/Pipeline/Pipeline.php(137): Illuminate/Pipeline/Pipeline->Illuminate/Pipeline/{closure}(Object(Illuminate/Http/Request))
#60 C:/Users/DELL/Downloads/Ascend AI/vendor/laravel/framework/src/Illuminate/Foundation/Http/Kernel.php(175): Illuminate/Pipeline/Pipeline->then(Object(Closure))
#61 C:/Users/DELL/Downloads/Ascend AI/vendor/laravel/framework/src/Illuminate/Foundation/Http/Kernel.php(144): Illuminate/Foundation/Http/Kernel->sendRequestThroughRouter(Object(Illuminate/Http/Request))
#62 C:/Users/DELL/Downloads/Ascend AI/vendor/laravel/framework/src/Illuminate/Foundation/Application.php(1220): Illuminate/Foundation/Http/Kernel->handle(Object(Illuminate/Http/Request))
#63 C:/Users/DELL/Downloads/Ascend AI/public/index.php(20): Illuminate/Foundation/Application->handleRequest(Object(Illuminate/Http/Request))
#64 C:/Users/DELL/Downloads/Ascend AI/vendor/laravel/framework/src/Illuminate/Foundation/resources/server.php(23): require_once('C://Users//DELL//D...')
#65 {main}

[previous exception] [object] (PDOException(code: HY000): SQLSTATE[HY000]: General error: 1 no such table: users at C:/Users/DELL/Downloads/Ascend AI/vendor/laravel/framework/src/Illuminate/Database/Connection.php:421)
[stacktrace]
#0 C:/Users/DELL/Downloads/Ascend AI/vendor/laravel/framework/src/Illuminate/Database/Connection.php(421): PDO->prepare('select * from \"...')
#1 C:/Users/DELL/Downloads/Ascend AI/vendor/laravel/framework/src/Illuminate/Database/Connection.php(830): Illuminate/Database/Connection->Illuminate/Database/{closure}('select * from \"...', Array)
#2 C:/Users/DELL/Downloads/Ascend AI/vendor/laravel/framework/src/Illuminate/Database/Connection.php(797): Illuminate/Database/Connection->runQueryCallback('select * from \"...', Array, Object(Closure))
#3 C:/Users/DELL/Downloads/Ascend AI/vendor/laravel/framework/src/Illuminate/Database/Connection.php(412): Illuminate/Database/Connection->run('select * from \"...', Array, Object(Closure))
#4 C:/Users/DELL/Downloads/Ascend AI/vendor/laravel/framework/src/Illuminate/Database/Query/Builder.php(3562): Illuminate/Database/Connection->select('select * from \"...', Array, true, Array)
#5 C:/Users/DELL/Downloads/Ascend AI/vendor/laravel/framework/src/Illuminate/Database/Query/Builder.php(3546): Illuminate/Database/Query/Builder->runSelect()
#6 C:/Users/DELL/Downloads/Ascend AI/vendor/laravel/framework/src/Illuminate/Database/Eloquent/Builder.php(907): Illuminate/Database/Query/Builder->get(Array)
#7 C:/Users/DELL/Downloads/Ascend AI/vendor/laravel/framework/src/Illuminate/Database/Eloquent/Builder.php(889): Illuminate/Database/Eloquent/Builder->getModels(Array)
#8 C:/Users/DELL/Downloads/Ascend AI/vendor/laravel/framework/src/Illuminate/Database/Concerns/BuildsQueries.php(367): Illuminate/Database/Eloquent/Builder->get(Array)
#9 C:/Users/DELL/Downloads/Ascend AI/vendor/laravel/framework/src/Illuminate/Auth/EloquentUserProvider.php(58): Illuminate/Database/Eloquent/Builder->first()
#10 C:/Users/DELL/Downloads/Ascend AI/vendor/laravel/framework/src/Illuminate/Auth/SessionGuard.php(189): Illuminate/Auth/EloquentUserProvider->retrieveById(1)
#11 C:/Users/DELL/Downloads/Ascend AI/vendor/laravel/framework/src/Illuminate/Auth/AuthManager.php(56): Illuminate/Auth/SessionGuard->user()
#12 [internal function]: Illuminate/Auth/AuthManager->Illuminate/Auth/{closure}(NULL)
#13 C:/Users/DELL/Downloads/Ascend AI/vendor/laravel/framework/src/Illuminate/Auth/AuthServiceProvider.php(89): call_user_func(Object(Closure), NULL)
#14 [internal function]: Illuminate/Auth/AuthServiceProvider->Illuminate/Auth/{closure}(NULL)
#15 C:/Users/DELL/Downloads/Ascend AI/vendor/laravel/framework/src/Illuminate/Http/Request.php(670): call_user_func(Object(Closure), NULL)
#16 C:/Users/DELL/Downloads/Ascend AI/modules/AdminLanguages/Support/LocaleManager.php(29): Illuminate/Http/Request->user()
#17 C:/Users/DELL/Downloads/Ascend AI/modules/AdminLanguages/Http/Middleware/SetLocale.php(18): Modules/AdminLanguages/Support/LocaleManager->resolve(Object(Illuminate/Http/Request))
#18 C:/Users/DELL/Downloads/Ascend AI/vendor/laravel/framework/src/Illuminate/Pipeline/Pipeline.php(219): Modules/AdminLanguages/Http/Middleware/SetLocale->handle(Object(Illuminate/Http/Request), Object(Closure))
#19 C:/Users/DELL/Downloads/Ascend AI/vendor/laravel/framework/src/Illuminate/Routing/Middleware/SubstituteBindings.php(52): Illuminate/Pipeline/Pipeline->Illuminate/Pipeline/{closure}(Object(Illuminate/Http/Request))
#20 C:/Users/DELL/Downloads/Ascend AI/vendor/laravel/framework/src/Illuminate/Pipeline/Pipeline.php(219): Illuminate/Routing/Middleware/SubstituteBindings->handle(Object(Illuminate/Http/Request), Object(Closure))
#21 C:/Users/DELL/Downloads/Ascend AI/vendor/laravel/framework/src/Illuminate/Foundation/Http/Middleware/PreventRequestForgery.php(104): Illuminate/Pipeline/Pipeline->Illuminate/Pipeline/{closure}(Object(Illuminate/Http/Request))
#22 C:/Users/DELL/Downloads/Ascend AI/vendor/laravel/framework/src/Illuminate/Pipeline/Pipeline.php(219): Illuminate/Foundation/Http/Middleware/PreventRequestForgery->handle(Object(Illuminate/Http/Request), Object(Closure))
#23 C:/Users/DELL/Downloads/Ascend AI/vendor/laravel/framework/src/Illuminate/View/Middleware/ShareErrorsFromSession.php(48): Illuminate/Pipeline/Pipeline->Illuminate/Pipeline/{closure}(Object(Illuminate/Http/Request))
#24 C:/Users/DELL/Downloads/Ascend AI/vendor/laravel/framework/src/Illuminate/Pipeline/Pipeline.php(219): Illuminate/View/Middleware/ShareErrorsFromSession->handle(Object(Illuminate/Http/Request), Object(Closure))
#25 C:/Users/DELL/Downloads/Ascend AI/vendor/laravel/framework/src/Illuminate/Session/Middleware/StartSession.php(120): Illuminate/Pipeline/Pipeline->Illuminate/Pipeline/{closure}(Object(Illuminate/Http/Request))
#26 C:/Users/DELL/Downloads/Ascend AI/vendor/laravel/framework/src/Illuminate/Session/Middleware/StartSession.php(63): Illuminate/Session/Middleware/StartSession->handleStatefulRequest(Object(Illuminate/Http/Request), Object(Illuminate/Session/Store), Object(Closure))
#27 C:/Users/DELL/Downloads/Ascend AI/vendor/laravel/framework/src/Illuminate/Pipeline/Pipeline.php(219): Illuminate/Session/Middleware/StartSession->handle(Object(Illuminate/Http/Request), Object(Closure))
#28 C:/Users/DELL/Downloads/Ascend AI/vendor/laravel/framework/src/Illuminate/Cookie/Middleware/AddQueuedCookiesToResponse.php(36): Illuminate/Pipeline/Pipeline->Illuminate/Pipeline/{closure}(Object(Illuminate/Http/Request))
#29 C:/Users/DELL/Downloads/Ascend AI/vendor/laravel/framework/src/Illuminate/Pipeline/Pipeline.php(219): Illuminate/Cookie/Middleware/AddQueuedCookiesToResponse->handle(Object(Illuminate/Http/Request), Object(Closure))
#30 C:/Users/DELL/Downloads/Ascend AI/vendor/laravel/framework/src/Illuminate/Cookie/Middleware/EncryptCookies.php(74): Illuminate/Pipeline/Pipeline->Illuminate/Pipeline/{closure}(Object(Illuminate/Http/Request))
#31 C:/Users/DELL/Downloads/Ascend AI/vendor/laravel/framework/src/Illuminate/Pipeline/Pipeline.php(219): Illuminate/Cookie/Middleware/EncryptCookies->handle(Object(Illuminate/Http/Request), Object(Closure))
#32 C:/Users/DELL/Downloads/Ascend AI/app/Installer/Http/Middleware/PrepareInstallation.php(29): Illuminate/Pipeline/Pipeline->Illuminate/Pipeline/{closure}(Object(Illuminate/Http/Request))
#33 C:/Users/DELL/Downloads/Ascend AI/vendor/laravel/framework/src/Illuminate/Pipeline/Pipeline.php(219): App/Installer/Http/Middleware/PrepareInstallation->handle(Object(Illuminate/Http/Request), Object(Closure))
#34 C:/Users/DELL/Downloads/Ascend AI/vendor/laravel/framework/src/Illuminate/Pipeline/Pipeline.php(137): Illuminate/Pipeline/Pipeline->Illuminate/Pipeline/{closure}(Object(Illuminate/Http/Request))
#35 C:/Users/DELL/Downloads/Ascend AI/vendor/laravel/framework/src/Illuminate/Routing/Router.php(821): Illuminate/Pipeline/Pipeline->then(Object(Closure))
#36 C:/Users/DELL/Downloads/Ascend AI/vendor/laravel/framework/src/Illuminate/Routing/Router.php(800): Illuminate/Routing/Router->runRouteWithinStack(Object(Illuminate/Routing/Route), Object(Illuminate/Http/Request))
#37 C:/Users/DELL/Downloads/Ascend AI/vendor/laravel/framework/src/Illuminate/Routing/Router.php(764): Illuminate/Routing/Router->runRoute(Object(Illuminate/Http/Request), Object(Illuminate/Routing/Route))
#38 C:/Users/DELL/Downloads/Ascend AI/vendor/laravel/framework/src/Illuminate/Routing/Router.php(753): Illuminate/Routing/Router->dispatchToRoute(Object(Illuminate/Http/Request))
#39 C:/Users/DELL/Downloads/Ascend AI/vendor/laravel/framework/src/Illuminate/Foundation/Http/Kernel.php(200): Illuminate/Routing/Router->dispatch(Object(Illuminate/Http/Request))
#40 C:/Users/DELL/Downloads/Ascend AI/vendor/laravel/framework/src/Illuminate/Pipeline/Pipeline.php(180): Illuminate/Foundation/Http/Kernel->Illuminate/Foundation/Http/{closure}(Object(Illuminate/Http/Request))
#41 C:/Users/DELL/Downloads/Ascend AI/vendor/livewire/livewire/src/Features/SupportDisablingBackButtonCache/DisableBackButtonCacheMiddleware.php(19): Illuminate/Pipeline/Pipeline->Illuminate/Pipeline/{closure}(Object(Illuminate/Http/Request))
#42 C:/Users/DELL/Downloads/Ascend AI/vendor/laravel/framework/src/Illuminate/Pipeline/Pipeline.php(219): Livewire/Features/SupportDisablingBackButtonCache/DisableBackButtonCacheMiddleware->handle(Object(Illuminate/Http/Request), Object(Closure))
#43 C:/Users/DELL/Downloads/Ascend AI/vendor/laravel/framework/src/Illuminate/Foundation/Http/Middleware/TransformsRequest.php(21): Illuminate/Pipeline/Pipeline->Illuminate/Pipeline/{closure}(Object(Illuminate/Http/Request))
#44 C:/Users/DELL/Downloads/Ascend AI/vendor/laravel/framework/src/Illuminate/Foundation/Http/Middleware/ConvertEmptyStringsToNull.php(31): Illuminate/Foundation/Http/Middleware/TransformsRequest->handle(Object(Illuminate/Http/Request), Object(Closure))
#45 C:/Users/DELL/Downloads/Ascend AI/vendor/laravel/framework/src/Illuminate/Pipeline/Pipeline.php(219): Illuminate/Foundation/Http/Middleware/ConvertEmptyStringsToNull->handle(Object(Illuminate/Http/Request), Object(Closure))
#46 C:/Users/DELL/Downloads/Ascend AI/vendor/laravel/framework/src/Illuminate/Foundation/Http/Middleware/TransformsRequest.php(21): Illuminate/Pipeline/Pipeline->Illuminate/Pipeline/{closure}(Object(Illuminate/Http/Request))
#47 C:/Users/DELL/Downloads/Ascend AI/vendor/laravel/framework/src/Illuminate/Foundation/Http/Middleware/TrimStrings.php(51): Illuminate/Foundation/Http/Middleware/TransformsRequest->handle(Object(Illuminate/Http/Request), Object(Closure))
#48 C:/Users/DELL/Downloads/Ascend AI/vendor/laravel/framework/src/Illuminate/Pipeline/Pipeline.php(219): Illuminate/Foundation/Http/Middleware/TrimStrings->handle(Object(Illuminate/Http/Request), Object(Closure))
#49 C:/Users/DELL/Downloads/Ascend AI/vendor/laravel/framework/src/Illuminate/Http/Middleware/ValidatePostSize.php(27): Illuminate/Pipeline/Pipeline->Illuminate/Pipeline/{closure}(Object(Illuminate/Http/Request))
#50 C:/Users/DELL/Downloads/Ascend AI/vendor/laravel/framework/src/Illuminate/Pipeline/Pipeline.php(219): Illuminate/Http/Middleware/ValidatePostSize->handle(Object(Illuminate/Http/Request), Object(Closure))
#51 C:/Users/DELL/Downloads/Ascend AI/vendor/laravel/framework/src/Illuminate/Foundation/Http/Middleware/PreventRequestsDuringMaintenance.php(109): Illuminate/Pipeline/Pipeline->Illuminate/Pipeline/{closure}(Object(Illuminate/Http/Request))
#52 C:/Users/DELL/Downloads/Ascend AI/vendor/laravel/framework/src/Illuminate/Pipeline/Pipeline.php(219): Illuminate/Foundation/Http/Middleware/PreventRequestsDuringMaintenance->handle(Object(Illuminate/Http/Request), Object(Closure))
#53 C:/Users/DELL/Downloads/Ascend AI/vendor/laravel/framework/src/Illuminate/Http/Middleware/HandleCors.php(61): Illuminate/Pipeline/Pipeline->Illuminate/Pipeline/{closure}(Object(Illuminate/Http/Request))
#54 C:/Users/DELL/Downloads/Ascend AI/vendor/laravel/framework/src/Illuminate/Pipeline/Pipeline.php(219): Illuminate/Http/Middleware/HandleCors->handle(Object(Illuminate/Http/Request), Object(Closure))
#55 C:/Users/DELL/Downloads/Ascend AI/vendor/laravel/framework/src/Illuminate/Http/Middleware/TrustProxies.php(58): Illuminate/Pipeline/Pipeline->Illuminate/Pipeline/{closure}(Object(Illuminate/Http/Request))
#56 C:/Users/DELL/Downloads/Ascend AI/vendor/laravel/framework/src/Illuminate/Pipeline/Pipeline.php(219): Illuminate/Http/Middleware/TrustProxies->handle(Object(Illuminate/Http/Request), Object(Closure))
#57 C:/Users/DELL/Downloads/Ascend AI/vendor/laravel/framework/src/Illuminate/Foundation/Http/Middleware/InvokeDeferredCallbacks.php(22): Illuminate/Pipeline/Pipeline->Illuminate/Pipeline/{closure}(Object(Illuminate/Http/Request))
#58 C:/Users/DELL/Downloads/Ascend AI/vendor/laravel/framework/src/Illuminate/Pipeline/Pipeline.php(219): Illuminate/Foundation/Http/Middleware/InvokeDeferredCallbacks->handle(Object(Illuminate/Http/Request), Object(Closure))
#59 C:/Users/DELL/Downloads/Ascend AI/vendor/laravel/framework/src/Illuminate/Http/Middleware/ValidatePathEncoding.php(28): Illuminate/Pipeline/Pipeline->Illuminate/Pipeline/{closure}(Object(Illuminate/Http/Request))
#60 C:/Users/DELL/Downloads/Ascend AI/vendor/laravel/framework/src/Illuminate/Pipeline/Pipeline.php(219): Illuminate/Http/Middleware/ValidatePathEncoding->handle(Object(Illuminate/Http/Request), Object(Closure))
#61 C:/Users/DELL/Downloads/Ascend AI/vendor/laravel/framework/src/Illuminate/Pipeline/Pipeline.php(137): Illuminate/Pipeline/Pipeline->Illuminate/Pipeline/{closure}(Object(Illuminate/Http/Request))
#62 C:/Users/DELL/Downloads/Ascend AI/vendor/laravel/framework/src/Illuminate/Foundation/Http/Kernel.php(175): Illuminate/Pipeline/Pipeline->then(Object(Closure))
#63 C:/Users/DELL/Downloads/Ascend AI/vendor/laravel/framework/src/Illuminate/Foundation/Http/Kernel.php(144): Illuminate/Foundation/Http/Kernel->sendRequestThroughRouter(Object(Illuminate/Http/Request))
#64 C:/Users/DELL/Downloads/Ascend AI/vendor/laravel/framework/src/Illuminate/Foundation/Application.php(1220): Illuminate/Foundation/Http/Kernel->handle(Object(Illuminate/Http/Request))
#65 C:/Users/DELL/Downloads/Ascend AI/public/index.php(20): Illuminate/Foundation/Application->handleRequest(Object(Illuminate/Http/Request))
#66 C:/Users/DELL/Downloads/Ascend AI/vendor/laravel/framework/src/Illuminate/Foundation/resources/server.php(23): require_once('C://Users//DELL//D...')
#67 {main}
"} 
[2026-08-09 13:39:26] local.ERROR: SQLSTATE[HY000]: General error: 1 no such table: users (Connection: sqlite, Database: database/database.sqlite, SQL: select * from "users" where "id" = 1 limit 1) {"exception":"[object] (Illuminate\\Database\\QueryException(code: HY000): SQLSTATE[HY000]: General error: 1 no such table: users (Connection: sqlite, Database: database/database.sqlite, SQL: select * from \"users\" where \"id\" = 1 limit 1) at C:/Users/DELL/Downloads/Ascend AI/vendor/laravel/framework/src/Illuminate/Database/Connection.php:841)
[stacktrace]
#0 C:/Users/DELL/Downloads/Ascend AI/vendor/laravel/framework/src/Illuminate/Database/Connection.php(797): Illuminate/Database/Connection->runQueryCallback('select * from \"...', Array, Object(Closure))
#1 C:/Users/DELL/Downloads/Ascend AI/vendor/laravel/framework/src/Illuminate/Database/Connection.php(412): Illuminate/Database/Connection->run('select * from \"...', Array, Object(Closure))
#2 C:/Users/DELL/Downloads/Ascend AI/vendor/laravel/framework/src/Illuminate/Database/Query/Builder.php(3562): Illuminate/Database/Connection->select('select * from \"...', Array, true, Array)
#3 C:/Users/DELL/Downloads/Ascend AI/vendor/laravel/framework/src/Illuminate/Database/Query/Builder.php(3546): Illuminate/Database/Query/Builder->runSelect()
#4 C:/Users/DELL/Downloads/Ascend AI/vendor/laravel/framework/src/Illuminate/Database/Eloquent/Builder.php(907): Illuminate/Database/Query/Builder->get(Array)
#5 C:/Users/DELL/Downloads/Ascend AI/vendor/laravel/framework/src/Illuminate/Database/Eloquent/Builder.php(889): Illuminate/Database/Eloquent/Builder->getModels(Array)
#6 C:/Users/DELL/Downloads/Ascend AI/vendor/laravel/framework/src/Illuminate/Database/Concerns/BuildsQueries.php(367): Illuminate/Database/Eloquent/Builder->get(Array)
#7 C:/Users/DELL/Downloads/Ascend AI/vendor/laravel/framework/src/Illuminate/Auth/EloquentUserProvider.php(58): Illuminate/Database/Eloquent/Builder->first()
#8 C:/Users/DELL/Downloads/Ascend AI/vendor/laravel/framework/src/Illuminate/Auth/SessionGuard.php(189): Illuminate/Auth/EloquentUserProvider->retrieveById(1)
#9 C:/Users/DELL/Downloads/Ascend AI/vendor/laravel/framework/src/Illuminate/Auth/AuthManager.php(56): Illuminate/Auth/SessionGuard->user()
#10 [internal function]: Illuminate/Auth/AuthManager->Illuminate/Auth/{closure}(NULL)
#11 C:/Users/DELL/Downloads/Ascend AI/vendor/laravel/framework/src/Illuminate/Auth/AuthServiceProvider.php(89): call_user_func(Object(Closure), NULL)
#12 [internal function]: Illuminate/Auth/AuthServiceProvider->Illuminate/Auth/{closure}(NULL)
#13 C:/Users/DELL/Downloads/Ascend AI/vendor/laravel/framework/src/Illuminate/Http/Request.php(670): call_user_func(Object(Closure), NULL)
#14 C:/Users/DELL/Downloads/Ascend AI/modules/AdminLanguages/Support/LocaleManager.php(29): Illuminate/Http/Request->user()
#15 C:/Users/DELL/Downloads/Ascend AI/modules/AdminLanguages/Http/Middleware/SetLocale.php(18): Modules/AdminLanguages/Support/LocaleManager->resolve(Object(Illuminate/Http/Request))
#16 C:/Users/DELL/Downloads/Ascend AI/vendor/laravel/framework/src/Illuminate/Pipeline/Pipeline.php(219): Modules/AdminLanguages/Http/Middleware/SetLocale->handle(Object(Illuminate/Http/Request), Object(Closure))
#17 C:/Users/DELL/Downloads/Ascend AI/vendor/laravel/framework/src/Illuminate/Routing/Middleware/SubstituteBindings.php(52): Illuminate/Pipeline/Pipeline->Illuminate/Pipeline/{closure}(Object(Illuminate/Http/Request))
#18 C:/Users/DELL/Downloads/Ascend AI/vendor/laravel/framework/src/Illuminate/Pipeline/Pipeline.php(219): Illuminate/Routing/Middleware/SubstituteBindings->handle(Object(Illuminate/Http/Request), Object(Closure))
#19 C:/Users/DELL/Downloads/Ascend AI/vendor/laravel/framework/src/Illuminate/Foundation/Http/Middleware/PreventRequestForgery.php(104): Illuminate/Pipeline/Pipeline->Illuminate/Pipeline/{closure}(Object(Illuminate/Http/Request))
#20 C:/Users/DELL/Downloads/Ascend AI/vendor/laravel/framework/src/Illuminate/Pipeline/Pipeline.php(219): Illuminate/Foundation/Http/Middleware/PreventRequestForgery->handle(Object(Illuminate/Http/Request), Object(Closure))
#21 C:/Users/DELL/Downloads/Ascend AI/vendor/laravel/framework/src/Illuminate/View/Middleware/ShareErrorsFromSession.php(48): Illuminate/Pipeline/Pipeline->Illuminate/Pipeline/{closure}(Object(Illuminate/Http/Request))
#22 C:/Users/DELL/Downloads/Ascend AI/vendor/laravel/framework/src/Illuminate/Pipeline/Pipeline.php(219): Illuminate/View/Middleware/ShareErrorsFromSession->handle(Object(Illuminate/Http/Request), Object(Closure))
#23 C:/Users/DELL/Downloads/Ascend AI/vendor/laravel/framework/src/Illuminate/Session/Middleware/StartSession.php(120): Illuminate/Pipeline/Pipeline->Illuminate/Pipeline/{closure}(Object(Illuminate/Http/Request))
#24 C:/Users/DELL/Downloads/Ascend AI/vendor/laravel/framework/src/Illuminate/Session/Middleware/StartSession.php(63): Illuminate/Session/Middleware/StartSession->handleStatefulRequest(Object(Illuminate/Http/Request), Object(Illuminate/Session/Store), Object(Closure))
#25 C:/Users/DELL/Downloads/Ascend AI/vendor/laravel/framework/src/Illuminate/Pipeline/Pipeline.php(219): Illuminate/Session/Middleware/StartSession->handle(Object(Illuminate/Http/Request), Object(Closure))
#26 C:/Users/DELL/Downloads/Ascend AI/vendor/laravel/framework/src/Illuminate/Cookie/Middleware/AddQueuedCookiesToResponse.php(36): Illuminate/Pipeline/Pipeline->Illuminate/Pipeline/{closure}(Object(Illuminate/Http/Request))
#27 C:/Users/DELL/Downloads/Ascend AI/vendor/laravel/framework/src/Illuminate/Pipeline/Pipeline.php(219): Illuminate/Cookie/Middleware/AddQueuedCookiesToResponse->handle(Object(Illuminate/Http/Request), Object(Closure))
#28 C:/Users/DELL/Downloads/Ascend AI/vendor/laravel/framework/src/Illuminate/Cookie/Middleware/EncryptCookies.php(74): Illuminate/Pipeline/Pipeline->Illuminate/Pipeline/{closure}(Object(Illuminate/Http/Request))
#29 C:/Users/DELL/Downloads/Ascend AI/vendor/laravel/framework/src/Illuminate/Pipeline/Pipeline.php(219): Illuminate/Cookie/Middleware/EncryptCookies->handle(Object(Illuminate/Http/Request), Object(Closure))
#30 C:/Users/DELL/Downloads/Ascend AI/app/Installer/Http/Middleware/PrepareInstallation.php(29): Illuminate/Pipeline/Pipeline->Illuminate/Pipeline/{closure}(Object(Illuminate/Http/Request))
#31 C:/Users/DELL/Downloads/Ascend AI/vendor/laravel/framework/src/Illuminate/Pipeline/Pipeline.php(219): App/Installer/Http/Middleware/PrepareInstallation->handle(Object(Illuminate/Http/Request), Object(Closure))
#32 C:/Users/DELL/Downloads/Ascend AI/vendor/laravel/framework/src/Illuminate/Pipeline/Pipeline.php(137): Illuminate/Pipeline/Pipeline->Illuminate/Pipeline/{closure}(Object(Illuminate/Http/Request))
#33 C:/Users/DELL/Downloads/Ascend AI/vendor/laravel/framework/src/Illuminate/Routing/Router.php(821): Illuminate/Pipeline/Pipeline->then(Object(Closure))
#34 C:/Users/DELL/Downloads/Ascend AI/vendor/laravel/framework/src/Illuminate/Routing/Router.php(800): Illuminate/Routing/Router->runRouteWithinStack(Object(Illuminate/Routing/Route), Object(Illuminate/Http/Request))
#35 C:/Users/DELL/Downloads/Ascend AI/vendor/laravel/framework/src/Illuminate/Routing/Router.php(764): Illuminate/Routing/Router->runRoute(Object(Illuminate/Http/Request), Object(Illuminate/Routing/Route))
#36 C:/Users/DELL/Downloads/Ascend AI/vendor/laravel/framework/src/Illuminate/Routing/Router.php(753): Illuminate/Routing/Router->dispatchToRoute(Object(Illuminate/Http/Request))
#37 C:/Users/DELL/Downloads/Ascend AI/vendor/laravel/framework/src/Illuminate/Foundation/Http/Kernel.php(200): Illuminate/Routing/Router->dispatch(Object(Illuminate/Http/Request))
#38 C:/Users/DELL/Downloads/Ascend AI/vendor/laravel/framework/src/Illuminate/Pipeline/Pipeline.php(180): Illuminate/Foundation/Http/Kernel->Illuminate/Foundation/Http/{closure}(Object(Illuminate/Http/Request))
#39 C:/Users/DELL/Downloads/Ascend AI/vendor/livewire/livewire/src/Features/SupportDisablingBackButtonCache/DisableBackButtonCacheMiddleware.php(19): Illuminate/Pipeline/Pipeline->Illuminate/Pipeline/{closure}(Object(Illuminate/Http/Request))
#40 C:/Users/DELL/Downloads/Ascend AI/vendor/laravel/framework/src/Illuminate/Pipeline/Pipeline.php(219): Livewire/Features/SupportDisablingBackButtonCache/DisableBackButtonCacheMiddleware->handle(Object(Illuminate/Http/Request), Object(Closure))
#41 C:/Users/DELL/Downloads/Ascend AI/vendor/laravel/framework/src/Illuminate/Foundation/Http/Middleware/TransformsRequest.php(21): Illuminate/Pipeline/Pipeline->Illuminate/Pipeline/{closure}(Object(Illuminate/Http/Request))
#42 C:/Users/DELL/Downloads/Ascend AI/vendor/laravel/framework/src/Illuminate/Foundation/Http/Middleware/ConvertEmptyStringsToNull.php(31): Illuminate/Foundation/Http/Middleware/TransformsRequest->handle(Object(Illuminate/Http/Request), Object(Closure))
#43 C:/Users/DELL/Downloads/Ascend AI/vendor/laravel/framework/src/Illuminate/Pipeline/Pipeline.php(219): Illuminate/Foundation/Http/Middleware/ConvertEmptyStringsToNull->handle(Object(Illuminate/Http/Request), Object(Closure))
#44 C:/Users/DELL/Downloads/Ascend AI/vendor/laravel/framework/src/Illuminate/Foundation/Http/Middleware/TransformsRequest.php(21): Illuminate/Pipeline/Pipeline->Illuminate/Pipeline/{closure}(Object(Illuminate/Http/Request))
#45 C:/Users/DELL/Downloads/Ascend AI/vendor/laravel/framework/src/Illuminate/Foundation/Http/Middleware/TrimStrings.php(51): Illuminate/Foundation/Http/Middleware/TransformsRequest->handle(Object(Illuminate/Http/Request), Object(Closure))
#46 C:/Users/DELL/Downloads/Ascend AI/vendor/laravel/framework/src/Illuminate/Pipeline/Pipeline.php(219): Illuminate/Foundation/Http/Middleware/TrimStrings->handle(Object(Illuminate/Http/Request), Object(Closure))
#47 C:/Users/DELL/Downloads/Ascend AI/vendor/laravel/framework/src/Illuminate/Http/Middleware/ValidatePostSize.php(27): Illuminate/Pipeline/Pipeline->Illuminate/Pipeline/{closure}(Object(Illuminate/Http/Request))
#48 C:/Users/DELL/Downloads/Ascend AI/vendor/laravel/framework/src/Illuminate/Pipeline/Pipeline.php(219): Illuminate/Http/Middleware/ValidatePostSize->handle(Object(Illuminate/Http/Request), Object(Closure))
#49 C:/Users/DELL/Downloads/Ascend AI/vendor/laravel/framework/src/Illuminate/Foundation/Http/Middleware/PreventRequestsDuringMaintenance.php(109): Illuminate/Pipeline/Pipeline->Illuminate/Pipeline/{closure}(Object(Illuminate/Http/Request))
#50 C:/Users/DELL/Downloads/Ascend AI/vendor/laravel/framework/src/Illuminate/Pipeline/Pipeline.php(219): Illuminate/Foundation/Http/Middleware/PreventRequestsDuringMaintenance->handle(Object(Illuminate/Http/Request), Object(Closure))
#51 C:/Users/DELL/Downloads/Ascend AI/vendor/laravel/framework/src/Illuminate/Http/Middleware/HandleCors.php(61): Illuminate/Pipeline/Pipeline->Illuminate/Pipeline/{closure}(Object(Illuminate/Http/Request))
#52 C:/Users/DELL/Downloads/Ascend AI/vendor/laravel/framework/src/Illuminate/Pipeline/Pipeline.php(219): Illuminate/Http/Middleware/HandleCors->handle(Object(Illuminate/Http/Request), Object(Closure))
#53 C:/Users/DELL/Downloads/Ascend AI/vendor/laravel/framework/src/Illuminate/Http/Middleware/TrustProxies.php(58): Illuminate/Pipeline/Pipeline->Illuminate/Pipeline/{closure}(Object(Illuminate/Http/Request))
#54 C:/Users/DELL/Downloads/Ascend AI/vendor/laravel/framework/src/Illuminate/Pipeline/Pipeline.php(219): Illuminate/Http/Middleware/TrustProxies->handle(Object(Illuminate/Http/Request), Object(Closure))
#55 C:/Users/DELL/Downloads/Ascend AI/vendor/laravel/framework/src/Illuminate/Foundation/Http/Middleware/InvokeDeferredCallbacks.php(22): Illuminate/Pipeline/Pipeline->Illuminate/Pipeline/{closure}(Object(Illuminate/Http/Request))
#56 C:/Users/DELL/Downloads/Ascend AI/vendor/laravel/framework/src/Illuminate/Pipeline/Pipeline.php(219): Illuminate/Foundation/Http/Middleware/InvokeDeferredCallbacks->handle(Object(Illuminate/Http/Request), Object(Closure))
#57 C:/Users/DELL/Downloads/Ascend AI/vendor/laravel/framework/src/Illuminate/Http/Middleware/ValidatePathEncoding.php(28): Illuminate/Pipeline/Pipeline->Illuminate/Pipeline/{closure}(Object(Illuminate/Http/Request))
#58 C:/Users/DELL/Downloads/Ascend AI/vendor/laravel/framework/src/Illuminate/Pipeline/Pipeline.php(219): Illuminate/Http/Middleware/ValidatePathEncoding->handle(Object(Illuminate/Http/Request), Object(Closure))
#59 C:/Users/DELL/Downloads/Ascend AI/vendor/laravel/framework/src/Illuminate/Pipeline/Pipeline.php(137): Illuminate/Pipeline/Pipeline->Illuminate/Pipeline/{closure}(Object(Illuminate/Http/Request))
#60 C:/Users/DELL/Downloads/Ascend AI/vendor/laravel/framework/src/Illuminate/Foundation/Http/Kernel.php(175): Illuminate/Pipeline/Pipeline->then(Object(Closure))
#61 C:/Users/DELL/Downloads/Ascend AI/vendor/laravel/framework/src/Illuminate/Foundation/Http/Kernel.php(144): Illuminate/Foundation/Http/Kernel->sendRequestThroughRouter(Object(Illuminate/Http/Request))
#62 C:/Users/DELL/Downloads/Ascend AI/vendor/laravel/framework/src/Illuminate/Foundation/Application.php(1220): Illuminate/Foundation/Http/Kernel->handle(Object(Illuminate/Http/Request))
#63 C:/Users/DELL/Downloads/Ascend AI/public/index.php(20): Illuminate/Foundation/Application->handleRequest(Object(Illuminate/Http/Request))
#64 C:/Users/DELL/Downloads/Ascend AI/vendor/laravel/framework/src/Illuminate/Foundation/resources/server.php(23): require_once('C://Users//DELL//D...')
#65 {main}

[previous exception] [object] (PDOException(code: HY000): SQLSTATE[HY000]: General error: 1 no such table: users at C:/Users/DELL/Downloads/Ascend AI/vendor/laravel/framework/src/Illuminate/Database/Connection.php:421)
[stacktrace]
#0 C:/Users/DELL/Downloads/Ascend AI/vendor/laravel/framework/src/Illuminate/Database/Connection.php(421): PDO->prepare('select * from \"...')
#1 C:/Users/DELL/Downloads/Ascend AI/vendor/laravel/framework/src/Illuminate/Database/Connection.php(830): Illuminate/Database/Connection->Illuminate/Database/{closure}('select * from \"...', Array)
#2 C:/Users/DELL/Downloads/Ascend AI/vendor/laravel/framework/src/Illuminate/Database/Connection.php(797): Illuminate/Database/Connection->runQueryCallback('select * from \"...', Array, Object(Closure))
#3 C:/Users/DELL/Downloads/Ascend AI/vendor/laravel/framework/src/Illuminate/Database/Connection.php(412): Illuminate/Database/Connection->run('select * from \"...', Array, Object(Closure))
#4 C:/Users/DELL/Downloads/Ascend AI/vendor/laravel/framework/src/Illuminate/Database/Query/Builder.php(3562): Illuminate/Database/Connection->select('select * from \"...', Array, true, Array)
#5 C:/Users/DELL/Downloads/Ascend AI/vendor/laravel/framework/src/Illuminate/Database/Query/Builder.php(3546): Illuminate/Database/Query/Builder->runSelect()
#6 C:/Users/DELL/Downloads/Ascend AI/vendor/laravel/framework/src/Illuminate/Database/Eloquent/Builder.php(907): Illuminate/Database/Query/Builder->get(Array)
#7 C:/Users/DELL/Downloads/Ascend AI/vendor/laravel/framework/src/Illuminate/Database/Eloquent/Builder.php(889): Illuminate/Database/Eloquent/Builder->getModels(Array)
#8 C:/Users/DELL/Downloads/Ascend AI/vendor/laravel/framework/src/Illuminate/Database/Concerns/BuildsQueries.php(367): Illuminate/Database/Eloquent/Builder->get(Array)
#9 C:/Users/DELL/Downloads/Ascend AI/vendor/laravel/framework/src/Illuminate/Auth/EloquentUserProvider.php(58): Illuminate/Database/Eloquent/Builder->first()
#10 C:/Users/DELL/Downloads/Ascend AI/vendor/laravel/framework/src/Illuminate/Auth/SessionGuard.php(189): Illuminate/Auth/EloquentUserProvider->retrieveById(1)
#11 C:/Users/DELL/Downloads/Ascend AI/vendor/laravel/framework/src/Illuminate/Auth/AuthManager.php(56): Illuminate/Auth/SessionGuard->user()
#12 [internal function]: Illuminate/Auth/AuthManager->Illuminate/Auth/{closure}(NULL)
#13 C:/Users/DELL/Downloads/Ascend AI/vendor/laravel/framework/src/Illuminate/Auth/AuthServiceProvider.php(89): call_user_func(Object(Closure), NULL)
#14 [internal function]: Illuminate/Auth/AuthServiceProvider->Illuminate/Auth/{closure}(NULL)
#15 C:/Users/DELL/Downloads/Ascend AI/vendor/laravel/framework/src/Illuminate/Http/Request.php(670): call_user_func(Object(Closure), NULL)
#16 C:/Users/DELL/Downloads/Ascend AI/modules/AdminLanguages/Support/LocaleManager.php(29): Illuminate/Http/Request->user()
#17 C:/Users/DELL/Downloads/Ascend AI/modules/AdminLanguages/Http/Middleware/SetLocale.php(18): Modules/AdminLanguages/Support/LocaleManager->resolve(Object(Illuminate/Http/Request))
#18 C:/Users/DELL/Downloads/Ascend AI/vendor/laravel/framework/src/Illuminate/Pipeline/Pipeline.php(219): Modules/AdminLanguages/Http/Middleware/SetLocale->handle(Object(Illuminate/Http/Request), Object(Closure))
#19 C:/Users/DELL/Downloads/Ascend AI/vendor/laravel/framework/src/Illuminate/Routing/Middleware/SubstituteBindings.php(52): Illuminate/Pipeline/Pipeline->Illuminate/Pipeline/{closure}(Object(Illuminate/Http/Request))
#20 C:/Users/DELL/Downloads/Ascend AI/vendor/laravel/framework/src/Illuminate/Pipeline/Pipeline.php(219): Illuminate/Routing/Middleware/SubstituteBindings->handle(Object(Illuminate/Http/Request), Object(Closure))
#21 C:/Users/DELL/Downloads/Ascend AI/vendor/laravel/framework/src/Illuminate/Foundation/Http/Middleware/PreventRequestForgery.php(104): Illuminate/Pipeline/Pipeline->Illuminate/Pipeline/{closure}(Object(Illuminate/Http/Request))
#22 C:/Users/DELL/Downloads/Ascend AI/vendor/laravel/framework/src/Illuminate/Pipeline/Pipeline.php(219): Illuminate/Foundation/Http/Middleware/PreventRequestForgery->handle(Object(Illuminate/Http/Request), Object(Closure))
#23 C:/Users/DELL/Downloads/Ascend AI/vendor/laravel/framework/src/Illuminate/View/Middleware/ShareErrorsFromSession.php(48): Illuminate/Pipeline/Pipeline->Illuminate/Pipeline/{closure}(Object(Illuminate/Http/Request))
#24 C:/Users/DELL/Downloads/Ascend AI/vendor/laravel/framework/src/Illuminate/Pipeline/Pipeline.php(219): Illuminate/View/Middleware/ShareErrorsFromSession->handle(Object(Illuminate/Http/Request), Object(Closure))
#25 C:/Users/DELL/Downloads/Ascend AI/vendor/laravel/framework/src/Illuminate/Session/Middleware/StartSession.php(120): Illuminate/Pipeline/Pipeline->Illuminate/Pipeline/{closure}(Object(Illuminate/Http/Request))
#26 C:/Users/DELL/Downloads/Ascend AI/vendor/laravel/framework/src/Illuminate/Session/Middleware/StartSession.php(63): Illuminate/Session/Middleware/StartSession->handleStatefulRequest(Object(Illuminate/Http/Request), Object(Illuminate/Session/Store), Object(Closure))
#27 C:/Users/DELL/Downloads/Ascend AI/vendor/laravel/framework/src/Illuminate/Pipeline/Pipeline.php(219): Illuminate/Session/Middleware/StartSession->handle(Object(Illuminate/Http/Request), Object(Closure))
#28 C:/Users/DELL/Downloads/Ascend AI/vendor/laravel/framework/src/Illuminate/Cookie/Middleware/AddQueuedCookiesToResponse.php(36): Illuminate/Pipeline/Pipeline->Illuminate/Pipeline/{closure}(Object(Illuminate/Http/Request))
#29 C:/Users/DELL/Downloads/Ascend AI/vendor/laravel/framework/src/Illuminate/Pipeline/Pipeline.php(219): Illuminate/Cookie/Middleware/AddQueuedCookiesToResponse->handle(Object(Illuminate/Http/Request), Object(Closure))
#30 C:/Users/DELL/Downloads/Ascend AI/vendor/laravel/framework/src/Illuminate/Cookie/Middleware/EncryptCookies.php(74): Illuminate/Pipeline/Pipeline->Illuminate/Pipeline/{closure}(Object(Illuminate/Http/Request))
#31 C:/Users/DELL/Downloads/Ascend AI/vendor/laravel/framework/src/Illuminate/Pipeline/Pipeline.php(219): Illuminate/Cookie/Middleware/EncryptCookies->handle(Object(Illuminate/Http/Request), Object(Closure))
#32 C:/Users/DELL/Downloads/Ascend AI/app/Installer/Http/Middleware/PrepareInstallation.php(29): Illuminate/Pipeline/Pipeline->Illuminate/Pipeline/{closure}(Object(Illuminate/Http/Request))
#33 C:/Users/DELL/Downloads/Ascend AI/vendor/laravel/framework/src/Illuminate/Pipeline/Pipeline.php(219): App/Installer/Http/Middleware/PrepareInstallation->handle(Object(Illuminate/Http/Request), Object(Closure))
#34 C:/Users/DELL/Downloads/Ascend AI/vendor/laravel/framework/src/Illuminate/Pipeline/Pipeline.php(137): Illuminate/Pipeline/Pipeline->Illuminate/Pipeline/{closure}(Object(Illuminate/Http/Request))
#35 C:/Users/DELL/Downloads/Ascend AI/vendor/laravel/framework/src/Illuminate/Routing/Router.php(821): Illuminate/Pipeline/Pipeline->then(Object(Closure))
#36 C:/Users/DELL/Downloads/Ascend AI/vendor/laravel/framework/src/Illuminate/Routing/Router.php(800): Illuminate/Routing/Router->runRouteWithinStack(Object(Illuminate/Routing/Route), Object(Illuminate/Http/Request))
#37 C:/Users/DELL/Downloads/Ascend AI/vendor/laravel/framework/src/Illuminate/Routing/Router.php(764): Illuminate/Routing/Router->runRoute(Object(Illuminate/Http/Request), Object(Illuminate/Routing/Route))
#38 C:/Users/DELL/Downloads/Ascend AI/vendor/laravel/framework/src/Illuminate/Routing/Router.php(753): Illuminate/Routing/Router->dispatchToRoute(Object(Illuminate/Http/Request))
#39 C:/Users/DELL/Downloads/Ascend AI/vendor/laravel/framework/src/Illuminate/Foundation/Http/Kernel.php(200): Illuminate/Routing/Router->dispatch(Object(Illuminate/Http/Request))
#40 C:/Users/DELL/Downloads/Ascend AI/vendor/laravel/framework/src/Illuminate/Pipeline/Pipeline.php(180): Illuminate/Foundation/Http/Kernel->Illuminate/Foundation/Http/{closure}(Object(Illuminate/Http/Request))
#41 C:/Users/DELL/Downloads/Ascend AI/vendor/livewire/livewire/src/Features/SupportDisablingBackButtonCache/DisableBackButtonCacheMiddleware.php(19): Illuminate/Pipeline/Pipeline->Illuminate/Pipeline/{closure}(Object(Illuminate/Http/Request))
#42 C:/Users/DELL/Downloads/Ascend AI/vendor/laravel/framework/src/Illuminate/Pipeline/Pipeline.php(219): Livewire/Features/SupportDisablingBackButtonCache/DisableBackButtonCacheMiddleware->handle(Object(Illuminate/Http/Request), Object(Closure))
#43 C:/Users/DELL/Downloads/Ascend AI/vendor/laravel/framework/src/Illuminate/Foundation/Http/Middleware/TransformsRequest.php(21): Illuminate/Pipeline/Pipeline->Illuminate/Pipeline/{closure}(Object(Illuminate/Http/Request))
#44 C:/Users/DELL/Downloads/Ascend AI/vendor/laravel/framework/src/Illuminate/Foundation/Http/Middleware/ConvertEmptyStringsToNull.php(31): Illuminate/Foundation/Http/Middleware/TransformsRequest->handle(Object(Illuminate/Http/Request), Object(Closure))
#45 C:/Users/DELL/Downloads/Ascend AI/vendor/laravel/framework/src/Illuminate/Pipeline/Pipeline.php(219): Illuminate/Foundation/Http/Middleware/ConvertEmptyStringsToNull->handle(Object(Illuminate/Http/Request), Object(Closure))
#46 C:/Users/DELL/Downloads/Ascend AI/vendor/laravel/framework/src/Illuminate/Foundation/Http/Middleware/TransformsRequest.php(21): Illuminate/Pipeline/Pipeline->Illuminate/Pipeline/{closure}(Object(Illuminate/Http/Request))
#47 C:/Users/DELL/Downloads/Ascend AI/vendor/laravel/framework/src/Illuminate/Foundation/Http/Middleware/TrimStrings.php(51): Illuminate/Foundation/Http/Middleware/TransformsRequest->handle(Object(Illuminate/Http/Request), Object(Closure))
#48 C:/Users/DELL/Downloads/Ascend AI/vendor/laravel/framework/src/Illuminate/Pipeline/Pipeline.php(219): Illuminate/Foundation/Http/Middleware/TrimStrings->handle(Object(Illuminate/Http/Request), Object(Closure))
#49 C:/Users/DELL/Downloads/Ascend AI/vendor/laravel/framework/src/Illuminate/Http/Middleware/ValidatePostSize.php(27): Illuminate/Pipeline/Pipeline->Illuminate/Pipeline/{closure}(Object(Illuminate/Http/Request))
#50 C:/Users/DELL/Downloads/Ascend AI/vendor/laravel/framework/src/Illuminate/Pipeline/Pipeline.php(219): Illuminate/Http/Middleware/ValidatePostSize->handle(Object(Illuminate/Http/Request), Object(Closure))
#51 C:/Users/DELL/Downloads/Ascend AI/vendor/laravel/framework/src/Illuminate/Foundation/Http/Middleware/PreventRequestsDuringMaintenance.php(109): Illuminate/Pipeline/Pipeline->Illuminate/Pipeline/{closure}(Object(Illuminate/Http/Request))
#52 C:/Users/DELL/Downloads/Ascend AI/vendor/laravel/framework/src/Illuminate/Pipeline/Pipeline.php(219): Illuminate/Foundation/Http/Middleware/PreventRequestsDuringMaintenance->handle(Object(Illuminate/Http/Request), Object(Closure))
#53 C:/Users/DELL/Downloads/Ascend AI/vendor/laravel/framework/src/Illuminate/Http/Middleware/HandleCors.php(61): Illuminate/Pipeline/Pipeline->Illuminate/Pipeline/{closure}(Object(Illuminate/Http/Request))
#54 C:/Users/DELL/Downloads/Ascend AI/vendor/laravel/framework/src/Illuminate/Pipeline/Pipeline.php(219): Illuminate/Http/Middleware/HandleCors->handle(Object(Illuminate/Http/Request), Object(Closure))
#55 C:/Users/DELL/Downloads/Ascend AI/vendor/laravel/framework/src/Illuminate/Http/Middleware/TrustProxies.php(58): Illuminate/Pipeline/Pipeline->Illuminate/Pipeline/{closure}(Object(Illuminate/Http/Request))
#56 C:/Users/DELL/Downloads/Ascend AI/vendor/laravel/framework/src/Illuminate/Pipeline/Pipeline.php(219): Illuminate/Http/Middleware/TrustProxies->handle(Object(Illuminate/Http/Request), Object(Closure))
#57 C:/Users/DELL/Downloads/Ascend AI/vendor/laravel/framework/src/Illuminate/Foundation/Http/Middleware/InvokeDeferredCallbacks.php(22): Illuminate/Pipeline/Pipeline->Illuminate/Pipeline/{closure}(Object(Illuminate/Http/Request))
#58 C:/Users/DELL/Downloads/Ascend AI/vendor/laravel/framework/src/Illuminate/Pipeline/Pipeline.php(219): Illuminate/Foundation/Http/Middleware/InvokeDeferredCallbacks->handle(Object(Illuminate/Http/Request), Object(Closure))
#59 C:/Users/DELL/Downloads/Ascend AI/vendor/laravel/framework/src/Illuminate/Http/Middleware/ValidatePathEncoding.php(28): Illuminate/Pipeline/Pipeline->Illuminate/Pipeline/{closure}(Object(Illuminate/Http/Request))
#60 C:/Users/DELL/Downloads/Ascend AI/vendor/laravel/framework/src/Illuminate/Pipeline/Pipeline.php(219): Illuminate/Http/Middleware/ValidatePathEncoding->handle(Object(Illuminate/Http/Request), Object(Closure))
#61 C:/Users/DELL/Downloads/Ascend AI/vendor/laravel/framework/src/Illuminate/Pipeline/Pipeline.php(137): Illuminate/Pipeline/Pipeline->Illuminate/Pipeline/{closure}(Object(Illuminate/Http/Request))
#62 C:/Users/DELL/Downloads/Ascend AI/vendor/laravel/framework/src/Illuminate/Foundation/Http/Kernel.php(175): Illuminate/Pipeline/Pipeline->then(Object(Closure))
#63 C:/Users/DELL/Downloads/Ascend AI/vendor/laravel/framework/src/Illuminate/Foundation/Http/Kernel.php(144): Illuminate/Foundation/Http/Kernel->sendRequestThroughRouter(Object(Illuminate/Http/Request))
#64 C:/Users/DELL/Downloads/Ascend AI/vendor/laravel/framework/src/Illuminate/Foundation/Application.php(1220): Illuminate/Foundation/Http/Kernel->handle(Object(Illuminate/Http/Request))
#65 C:/Users/DELL/Downloads/Ascend AI/public/index.php(20): Illuminate/Foundation/Application->handleRequest(Object(Illuminate/Http/Request))
#66 C:/Users/DELL/Downloads/Ascend AI/vendor/laravel/framework/src/Illuminate/Foundation/resources/server.php(23): require_once('C://Users//DELL//D...')
#67 {main}
"} 
[2026-08-09 13:45:37] local.ERROR: SQLSTATE[HY000]: General error: 1 no such table: users (Connection: sqlite, Database: database/database.sqlite, SQL: select * from "users" where "id" = 1 limit 1) {"exception":"[object] (Illuminate\\Database\\QueryException(code: HY000): SQLSTATE[HY000]: General error: 1 no such table: users (Connection: sqlite, Database: database/database.sqlite, SQL: select * from \"users\" where \"id\" = 1 limit 1) at C:/Users/DELL/Downloads/Ascend AI/vendor/laravel/framework/src/Illuminate/Database/Connection.php:841)
[stacktrace]
#0 C:/Users/DELL/Downloads/Ascend AI/vendor/laravel/framework/src/Illuminate/Database/Connection.php(797): Illuminate/Database/Connection->runQueryCallback('select * from \"...', Array, Object(Closure))
#1 C:/Users/DELL/Downloads/Ascend AI/vendor/laravel/framework/src/Illuminate/Database/Connection.php(412): Illuminate/Database/Connection->run('select * from \"...', Array, Object(Closure))
#2 C:/Users/DELL/Downloads/Ascend AI/vendor/laravel/framework/src/Illuminate/Database/Query/Builder.php(3562): Illuminate/Database/Connection->select('select * from \"...', Array, true, Array)
#3 C:/Users/DELL/Downloads/Ascend AI/vendor/laravel/framework/src/Illuminate/Database/Query/Builder.php(3546): Illuminate/Database/Query/Builder->runSelect()
#4 C:/Users/DELL/Downloads/Ascend AI/vendor/laravel/framework/src/Illuminate/Database/Eloquent/Builder.php(907): Illuminate/Database/Query/Builder->get(Array)
#5 C:/Users/DELL/Downloads/Ascend AI/vendor/laravel/framework/src/Illuminate/Database/Eloquent/Builder.php(889): Illuminate/Database/Eloquent/Builder->getModels(Array)
#6 C:/Users/DELL/Downloads/Ascend AI/vendor/laravel/framework/src/Illuminate/Database/Concerns/BuildsQueries.php(367): Illuminate/Database/Eloquent/Builder->get(Array)
#7 C:/Users/DELL/Downloads/Ascend AI/vendor/laravel/framework/src/Illuminate/Auth/EloquentUserProvider.php(58): Illuminate/Database/Eloquent/Builder->first()
#8 C:/Users/DELL/Downloads/Ascend AI/vendor/laravel/framework/src/Illuminate/Auth/SessionGuard.php(189): Illuminate/Auth/EloquentUserProvider->retrieveById(1)
#9 C:/Users/DELL/Downloads/Ascend AI/vendor/laravel/framework/src/Illuminate/Auth/AuthManager.php(56): Illuminate/Auth/SessionGuard->user()
#10 [internal function]: Illuminate/Auth/AuthManager->Illuminate/Auth/{closure}(NULL)
#11 C:/Users/DELL/Downloads/Ascend AI/vendor/laravel/framework/src/Illuminate/Auth/AuthServiceProvider.php(89): call_user_func(Object(Closure), NULL)
#12 [internal function]: Illuminate/Auth/AuthServiceProvider->Illuminate/Auth/{closure}(NULL)
#13 C:/Users/DELL/Downloads/Ascend AI/vendor/laravel/framework/src/Illuminate/Http/Request.php(670): call_user_func(Object(Closure), NULL)
#14 C:/Users/DELL/Downloads/Ascend AI/modules/AdminLanguages/Support/LocaleManager.php(29): Illuminate/Http/Request->user()
#15 C:/Users/DELL/Downloads/Ascend AI/modules/AdminLanguages/Http/Middleware/SetLocale.php(18): Modules/AdminLanguages/Support/LocaleManager->resolve(Object(Illuminate/Http/Request))
#16 C:/Users/DELL/Downloads/Ascend AI/vendor/laravel/framework/src/Illuminate/Pipeline/Pipeline.php(219): Modules/AdminLanguages/Http/Middleware/SetLocale->handle(Object(Illuminate/Http/Request), Object(Closure))
#17 C:/Users/DELL/Downloads/Ascend AI/vendor/laravel/framework/src/Illuminate/Routing/Middleware/SubstituteBindings.php(52): Illuminate/Pipeline/Pipeline->Illuminate/Pipeline/{closure}(Object(Illuminate/Http/Request))
#18 C:/Users/DELL/Downloads/Ascend AI/vendor/laravel/framework/src/Illuminate/Pipeline/Pipeline.php(219): Illuminate/Routing/Middleware/SubstituteBindings->handle(Object(Illuminate/Http/Request), Object(Closure))
#19 C:/Users/DELL/Downloads/Ascend AI/vendor/laravel/framework/src/Illuminate/Foundation/Http/Middleware/PreventRequestForgery.php(104): Illuminate/Pipeline/Pipeline->Illuminate/Pipeline/{closure}(Object(Illuminate/Http/Request))
#20 C:/Users/DELL/Downloads/Ascend AI/vendor/laravel/framework/src/Illuminate/Pipeline/Pipeline.php(219): Illuminate/Foundation/Http/Middleware/PreventRequestForgery->handle(Object(Illuminate/Http/Request), Object(Closure))
#21 C:/Users/DELL/Downloads/Ascend AI/vendor/laravel/framework/src/Illuminate/View/Middleware/ShareErrorsFromSession.php(48): Illuminate/Pipeline/Pipeline->Illuminate/Pipeline/{closure}(Object(Illuminate/Http/Request))
#22 C:/Users/DELL/Downloads/Ascend AI/vendor/laravel/framework/src/Illuminate/Pipeline/Pipeline.php(219): Illuminate/View/Middleware/ShareErrorsFromSession->handle(Object(Illuminate/Http/Request), Object(Closure))
#23 C:/Users/DELL/Downloads/Ascend AI/vendor/laravel/framework/src/Illuminate/Session/Middleware/StartSession.php(120): Illuminate/Pipeline/Pipeline->Illuminate/Pipeline/{closure}(Object(Illuminate/Http/Request))
#24 C:/Users/DELL/Downloads/Ascend AI/vendor/laravel/framework/src/Illuminate/Session/Middleware/StartSession.php(63): Illuminate/Session/Middleware/StartSession->handleStatefulRequest(Object(Illuminate/Http/Request), Object(Illuminate/Session/Store), Object(Closure))
#25 C:/Users/DELL/Downloads/Ascend AI/vendor/laravel/framework/src/Illuminate/Pipeline/Pipeline.php(219): Illuminate/Session/Middleware/StartSession->handle(Object(Illuminate/Http/Request), Object(Closure))
#26 C:/Users/DELL/Downloads/Ascend AI/vendor/laravel/framework/src/Illuminate/Cookie/Middleware/AddQueuedCookiesToResponse.php(36): Illuminate/Pipeline/Pipeline->Illuminate/Pipeline/{closure}(Object(Illuminate/Http/Request))
#27 C:/Users/DELL/Downloads/Ascend AI/vendor/laravel/framework/src/Illuminate/Pipeline/Pipeline.php(219): Illuminate/Cookie/Middleware/AddQueuedCookiesToResponse->handle(Object(Illuminate/Http/Request), Object(Closure))
#28 C:/Users/DELL/Downloads/Ascend AI/vendor/laravel/framework/src/Illuminate/Cookie/Middleware/EncryptCookies.php(74): Illuminate/Pipeline/Pipeline->Illuminate/Pipeline/{closure}(Object(Illuminate/Http/Request))
#29 C:/Users/DELL/Downloads/Ascend AI/vendor/laravel/framework/src/Illuminate/Pipeline/Pipeline.php(219): Illuminate/Cookie/Middleware/EncryptCookies->handle(Object(Illuminate/Http/Request), Object(Closure))
#30 C:/Users/DELL/Downloads/Ascend AI/app/Installer/Http/Middleware/PrepareInstallation.php(29): Illuminate/Pipeline/Pipeline->Illuminate/Pipeline/{closure}(Object(Illuminate/Http/Request))
#31 C:/Users/DELL/Downloads/Ascend AI/vendor/laravel/framework/src/Illuminate/Pipeline/Pipeline.php(219): App/Installer/Http/Middleware/PrepareInstallation->handle(Object(Illuminate/Http/Request), Object(Closure))
#32 C:/Users/DELL/Downloads/Ascend AI/vendor/laravel/framework/src/Illuminate/Pipeline/Pipeline.php(137): Illuminate/Pipeline/Pipeline->Illuminate/Pipeline/{closure}(Object(Illuminate/Http/Request))
#33 C:/Users/DELL/Downloads/Ascend AI/vendor/laravel/framework/src/Illuminate/Routing/Router.php(821): Illuminate/Pipeline/Pipeline->then(Object(Closure))
#34 C:/Users/DELL/Downloads/Ascend AI/vendor/laravel/framework/src/Illuminate/Routing/Router.php(800): Illuminate/Routing/Router->runRouteWithinStack(Object(Illuminate/Routing/Route), Object(Illuminate/Http/Request))
#35 C:/Users/DELL/Downloads/Ascend AI/vendor/laravel/framework/src/Illuminate/Routing/Router.php(764): Illuminate/Routing/Router->runRoute(Object(Illuminate/Http/Request), Object(Illuminate/Routing/Route))
#36 C:/Users/DELL/Downloads/Ascend AI/vendor/laravel/framework/src/Illuminate/Routing/Router.php(753): Illuminate/Routing/Router->dispatchToRoute(Object(Illuminate/Http/Request))
#37 C:/Users/DELL/Downloads/Ascend AI/vendor/laravel/framework/src/Illuminate/Foundation/Http/Kernel.php(200): Illuminate/Routing/Router->dispatch(Object(Illuminate/Http/Request))
#38 C:/Users/DELL/Downloads/Ascend AI/vendor/laravel/framework/src/Illuminate/Pipeline/Pipeline.php(180): Illuminate/Foundation/Http/Kernel->Illuminate/Foundation/Http/{closure}(Object(Illuminate/Http/Request))
#39 C:/Users/DELL/Downloads/Ascend AI/vendor/livewire/livewire/src/Features/SupportDisablingBackButtonCache/DisableBackButtonCacheMiddleware.php(19): Illuminate/Pipeline/Pipeline->Illuminate/Pipeline/{closure}(Object(Illuminate/Http/Request))
#40 C:/Users/DELL/Downloads/Ascend AI/vendor/laravel/framework/src/Illuminate/Pipeline/Pipeline.php(219): Livewire/Features/SupportDisablingBackButtonCache/DisableBackButtonCacheMiddleware->handle(Object(Illuminate/Http/Request), Object(Closure))
#41 C:/Users/DELL/Downloads/Ascend AI/vendor/laravel/framework/src/Illuminate/Foundation/Http/Middleware/TransformsRequest.php(21): Illuminate/Pipeline/Pipeline->Illuminate/Pipeline/{closure}(Object(Illuminate/Http/Request))
#42 C:/Users/DELL/Downloads/Ascend AI/vendor/laravel/framework/src/Illuminate/Foundation/Http/Middleware/ConvertEmptyStringsToNull.php(31): Illuminate/Foundation/Http/Middleware/TransformsRequest->handle(Object(Illuminate/Http/Request), Object(Closure))
#43 C:/Users/DELL/Downloads/Ascend AI/vendor/laravel/framework/src/Illuminate/Pipeline/Pipeline.php(219): Illuminate/Foundation/Http/Middleware/ConvertEmptyStringsToNull->handle(Object(Illuminate/Http/Request), Object(Closure))
#44 C:/Users/DELL/Downloads/Ascend AI/vendor/laravel/framework/src/Illuminate/Foundation/Http/Middleware/TransformsRequest.php(21): Illuminate/Pipeline/Pipeline->Illuminate/Pipeline/{closure}(Object(Illuminate/Http/Request))
#45 C:/Users/DELL/Downloads/Ascend AI/vendor/laravel/framework/src/Illuminate/Foundation/Http/Middleware/TrimStrings.php(51): Illuminate/Foundation/Http/Middleware/TransformsRequest->handle(Object(Illuminate/Http/Request), Object(Closure))
#46 C:/Users/DELL/Downloads/Ascend AI/vendor/laravel/framework/src/Illuminate/Pipeline/Pipeline.php(219): Illuminate/Foundation/Http/Middleware/TrimStrings->handle(Object(Illuminate/Http/Request), Object(Closure))
#47 C:/Users/DELL/Downloads/Ascend AI/vendor/laravel/framework/src/Illuminate/Http/Middleware/ValidatePostSize.php(27): Illuminate/Pipeline/Pipeline->Illuminate/Pipeline/{closure}(Object(Illuminate/Http/Request))
#48 C:/Users/DELL/Downloads/Ascend AI/vendor/laravel/framework/src/Illuminate/Pipeline/Pipeline.php(219): Illuminate/Http/Middleware/ValidatePostSize->handle(Object(Illuminate/Http/Request), Object(Closure))
#49 C:/Users/DELL/Downloads/Ascend AI/vendor/laravel/framework/src/Illuminate/Foundation/Http/Middleware/PreventRequestsDuringMaintenance.php(109): Illuminate/Pipeline/Pipeline->Illuminate/Pipeline/{closure}(Object(Illuminate/Http/Request))
#50 C:/Users/DELL/Downloads/Ascend AI/vendor/laravel/framework/src/Illuminate/Pipeline/Pipeline.php(219): Illuminate/Foundation/Http/Middleware/PreventRequestsDuringMaintenance->handle(Object(Illuminate/Http/Request), Object(Closure))
#51 C:/Users/DELL/Downloads/Ascend AI/vendor/laravel/framework/src/Illuminate/Http/Middleware/HandleCors.php(61): Illuminate/Pipeline/Pipeline->Illuminate/Pipeline/{closure}(Object(Illuminate/Http/Request))
#52 C:/Users/DELL/Downloads/Ascend AI/vendor/laravel/framework/src/Illuminate/Pipeline/Pipeline.php(219): Illuminate/Http/Middleware/HandleCors->handle(Object(Illuminate/Http/Request), Object(Closure))
#53 C:/Users/DELL/Downloads/Ascend AI/vendor/laravel/framework/src/Illuminate/Http/Middleware/TrustProxies.php(58): Illuminate/Pipeline/Pipeline->Illuminate/Pipeline/{closure}(Object(Illuminate/Http/Request))
#54 C:/Users/DELL/Downloads/Ascend AI/vendor/laravel/framework/src/Illuminate/Pipeline/Pipeline.php(219): Illuminate/Http/Middleware/TrustProxies->handle(Object(Illuminate/Http/Request), Object(Closure))
#55 C:/Users/DELL/Downloads/Ascend AI/vendor/laravel/framework/src/Illuminate/Foundation/Http/Middleware/InvokeDeferredCallbacks.php(22): Illuminate/Pipeline/Pipeline->Illuminate/Pipeline/{closure}(Object(Illuminate/Http/Request))
#56 C:/Users/DELL/Downloads/Ascend AI/vendor/laravel/framework/src/Illuminate/Pipeline/Pipeline.php(219): Illuminate/Foundation/Http/Middleware/InvokeDeferredCallbacks->handle(Object(Illuminate/Http/Request), Object(Closure))
#57 C:/Users/DELL/Downloads/Ascend AI/vendor/laravel/framework/src/Illuminate/Http/Middleware/ValidatePathEncoding.php(28): Illuminate/Pipeline/Pipeline->Illuminate/Pipeline/{closure}(Object(Illuminate/Http/Request))
#58 C:/Users/DELL/Downloads/Ascend AI/vendor/laravel/framework/src/Illuminate/Pipeline/Pipeline.php(219): Illuminate/Http/Middleware/ValidatePathEncoding->handle(Object(Illuminate/Http/Request), Object(Closure))
#59 C:/Users/DELL/Downloads/Ascend AI/vendor/laravel/framework/src/Illuminate/Pipeline/Pipeline.php(137): Illuminate/Pipeline/Pipeline->Illuminate/Pipeline/{closure}(Object(Illuminate/Http/Request))
#60 C:/Users/DELL/Downloads/Ascend AI/vendor/laravel/framework/src/Illuminate/Foundation/Http/Kernel.php(175): Illuminate/Pipeline/Pipeline->then(Object(Closure))
#61 C:/Users/DELL/Downloads/Ascend AI/vendor/laravel/framework/src/Illuminate/Foundation/Http/Kernel.php(144): Illuminate/Foundation/Http/Kernel->sendRequestThroughRouter(Object(Illuminate/Http/Request))
#62 C:/Users/DELL/Downloads/Ascend AI/vendor/laravel/framework/src/Illuminate/Foundation/Application.php(1220): Illuminate/Foundation/Http/Kernel->handle(Object(Illuminate/Http/Request))
#63 C:/Users/DELL/Downloads/Ascend AI/public/index.php(20): Illuminate/Foundation/Application->handleRequest(Object(Illuminate/Http/Request))
#64 C:/Users/DELL/Downloads/Ascend AI/vendor/laravel/framework/src/Illuminate/Foundation/resources/server.php(23): require_once('C://Users//DELL//D...')
#65 {main}

[previous exception] [object] (PDOException(code: HY000): SQLSTATE[HY000]: General error: 1 no such table: users at C:/Users/DELL/Downloads/Ascend AI/vendor/laravel/framework/src/Illuminate/Database/Connection.php:421)
[stacktrace]
#0 C:/Users/DELL/Downloads/Ascend AI/vendor/laravel/framework/src/Illuminate/Database/Connection.php(421): PDO->prepare('select * from \"...')
#1 C:/Users/DELL/Downloads/Ascend AI/vendor/laravel/framework/src/Illuminate/Database/Connection.php(830): Illuminate/Database/Connection->Illuminate/Database/{closure}('select * from \"...', Array)
#2 C:/Users/DELL/Downloads/Ascend AI/vendor/laravel/framework/src/Illuminate/Database/Connection.php(797): Illuminate/Database/Connection->runQueryCallback('select * from \"...', Array, Object(Closure))
#3 C:/Users/DELL/Downloads/Ascend AI/vendor/laravel/framework/src/Illuminate/Database/Connection.php(412): Illuminate/Database/Connection->run('select * from \"...', Array, Object(Closure))
#4 C:/Users/DELL/Downloads/Ascend AI/vendor/laravel/framework/src/Illuminate/Database/Query/Builder.php(3562): Illuminate/Database/Connection->select('select * from \"...', Array, true, Array)
#5 C:/Users/DELL/Downloads/Ascend AI/vendor/laravel/framework/src/Illuminate/Database/Query/Builder.php(3546): Illuminate/Database/Query/Builder->runSelect()
#6 C:/Users/DELL/Downloads/Ascend AI/vendor/laravel/framework/src/Illuminate/Database/Eloquent/Builder.php(907): Illuminate/Database/Query/Builder->get(Array)
#7 C:/Users/DELL/Downloads/Ascend AI/vendor/laravel/framework/src/Illuminate/Database/Eloquent/Builder.php(889): Illuminate/Database/Eloquent/Builder->getModels(Array)
#8 C:/Users/DELL/Downloads/Ascend AI/vendor/laravel/framework/src/Illuminate/Database/Concerns/BuildsQueries.php(367): Illuminate/Database/Eloquent/Builder->get(Array)
#9 C:/Users/DELL/Downloads/Ascend AI/vendor/laravel/framework/src/Illuminate/Auth/EloquentUserProvider.php(58): Illuminate/Database/Eloquent/Builder->first()
#10 C:/Users/DELL/Downloads/Ascend AI/vendor/laravel/framework/src/Illuminate/Auth/SessionGuard.php(189): Illuminate/Auth/EloquentUserProvider->retrieveById(1)
#11 C:/Users/DELL/Downloads/Ascend AI/vendor/laravel/framework/src/Illuminate/Auth/AuthManager.php(56): Illuminate/Auth/SessionGuard->user()
#12 [internal function]: Illuminate/Auth/AuthManager->Illuminate/Auth/{closure}(NULL)
#13 C:/Users/DELL/Downloads/Ascend AI/vendor/laravel/framework/src/Illuminate/Auth/AuthServiceProvider.php(89): call_user_func(Object(Closure), NULL)
#14 [internal function]: Illuminate/Auth/AuthServiceProvider->Illuminate/Auth/{closure}(NULL)
#15 C:/Users/DELL/Downloads/Ascend AI/vendor/laravel/framework/src/Illuminate/Http/Request.php(670): call_user_func(Object(Closure), NULL)
#16 C:/Users/DELL/Downloads/Ascend AI/modules/AdminLanguages/Support/LocaleManager.php(29): Illuminate/Http/Request->user()
#17 C:/Users/DELL/Downloads/Ascend AI/modules/AdminLanguages/Http/Middleware/SetLocale.php(18): Modules/AdminLanguages/Support/LocaleManager->resolve(Object(Illuminate/Http/Request))
#18 C:/Users/DELL/Downloads/Ascend AI/vendor/laravel/framework/src/Illuminate/Pipeline/Pipeline.php(219): Modules/AdminLanguages/Http/Middleware/SetLocale->handle(Object(Illuminate/Http/Request), Object(Closure))
#19 C:/Users/DELL/Downloads/Ascend AI/vendor/laravel/framework/src/Illuminate/Routing/Middleware/SubstituteBindings.php(52): Illuminate/Pipeline/Pipeline->Illuminate/Pipeline/{closure}(Object(Illuminate/Http/Request))
#20 C:/Users/DELL/Downloads/Ascend AI/vendor/laravel/framework/src/Illuminate/Pipeline/Pipeline.php(219): Illuminate/Routing/Middleware/SubstituteBindings->handle(Object(Illuminate/Http/Request), Object(Closure))
#21 C:/Users/DELL/Downloads/Ascend AI/vendor/laravel/framework/src/Illuminate/Foundation/Http/Middleware/PreventRequestForgery.php(104): Illuminate/Pipeline/Pipeline->Illuminate/Pipeline/{closure}(Object(Illuminate/Http/Request))
#22 C:/Users/DELL/Downloads/Ascend AI/vendor/laravel/framework/src/Illuminate/Pipeline/Pipeline.php(219): Illuminate/Foundation/Http/Middleware/PreventRequestForgery->handle(Object(Illuminate/Http/Request), Object(Closure))
#23 C:/Users/DELL/Downloads/Ascend AI/vendor/laravel/framework/src/Illuminate/View/Middleware/ShareErrorsFromSession.php(48): Illuminate/Pipeline/Pipeline->Illuminate/Pipeline/{closure}(Object(Illuminate/Http/Request))
#24 C:/Users/DELL/Downloads/Ascend AI/vendor/laravel/framework/src/Illuminate/Pipeline/Pipeline.php(219): Illuminate/View/Middleware/ShareErrorsFromSession->handle(Object(Illuminate/Http/Request), Object(Closure))
#25 C:/Users/DELL/Downloads/Ascend AI/vendor/laravel/framework/src/Illuminate/Session/Middleware/StartSession.php(120): Illuminate/Pipeline/Pipeline->Illuminate/Pipeline/{closure}(Object(Illuminate/Http/Request))
#26 C:/Users/DELL/Downloads/Ascend AI/vendor/laravel/framework/src/Illuminate/Session/Middleware/StartSession.php(63): Illuminate/Session/Middleware/StartSession->handleStatefulRequest(Object(Illuminate/Http/Request), Object(Illuminate/Session/Store), Object(Closure))
#27 C:/Users/DELL/Downloads/Ascend AI/vendor/laravel/framework/src/Illuminate/Pipeline/Pipeline.php(219): Illuminate/Session/Middleware/StartSession->handle(Object(Illuminate/Http/Request), Object(Closure))
#28 C:/Users/DELL/Downloads/Ascend AI/vendor/laravel/framework/src/Illuminate/Cookie/Middleware/AddQueuedCookiesToResponse.php(36): Illuminate/Pipeline/Pipeline->Illuminate/Pipeline/{closure}(Object(Illuminate/Http/Request))
#29 C:/Users/DELL/Downloads/Ascend AI/vendor/laravel/framework/src/Illuminate/Pipeline/Pipeline.php(219): Illuminate/Cookie/Middleware/AddQueuedCookiesToResponse->handle(Object(Illuminate/Http/Request), Object(Closure))
#30 C:/Users/DELL/Downloads/Ascend AI/vendor/laravel/framework/src/Illuminate/Cookie/Middleware/EncryptCookies.php(74): Illuminate/Pipeline/Pipeline->Illuminate/Pipeline/{closure}(Object(Illuminate/Http/Request))
#31 C:/Users/DELL/Downloads/Ascend AI/vendor/laravel/framework/src/Illuminate/Pipeline/Pipeline.php(219): Illuminate/Cookie/Middleware/EncryptCookies->handle(Object(Illuminate/Http/Request), Object(Closure))
#32 C:/Users/DELL/Downloads/Ascend AI/app/Installer/Http/Middleware/PrepareInstallation.php(29): Illuminate/Pipeline/Pipeline->Illuminate/Pipeline/{closure}(Object(Illuminate/Http/Request))
#33 C:/Users/DELL/Downloads/Ascend AI/vendor/laravel/framework/src/Illuminate/Pipeline/Pipeline.php(219): App/Installer/Http/Middleware/PrepareInstallation->handle(Object(Illuminate/Http/Request), Object(Closure))
#34 C:/Users/DELL/Downloads/Ascend AI/vendor/laravel/framework/src/Illuminate/Pipeline/Pipeline.php(137): Illuminate/Pipeline/Pipeline->Illuminate/Pipeline/{closure}(Object(Illuminate/Http/Request))
#35 C:/Users/DELL/Downloads/Ascend AI/vendor/laravel/framework/src/Illuminate/Routing/Router.php(821): Illuminate/Pipeline/Pipeline->then(Object(Closure))
#36 C:/Users/DELL/Downloads/Ascend AI/vendor/laravel/framework/src/Illuminate/Routing/Router.php(800): Illuminate/Routing/Router->runRouteWithinStack(Object(Illuminate/Routing/Route), Object(Illuminate/Http/Request))
#37 C:/Users/DELL/Downloads/Ascend AI/vendor/laravel/framework/src/Illuminate/Routing/Router.php(764): Illuminate/Routing/Router->runRoute(Object(Illuminate/Http/Request), Object(Illuminate/Routing/Route))
#38 C:/Users/DELL/Downloads/Ascend AI/vendor/laravel/framework/src/Illuminate/Routing/Router.php(753): Illuminate/Routing/Router->dispatchToRoute(Object(Illuminate/Http/Request))
#39 C:/Users/DELL/Downloads/Ascend AI/vendor/laravel/framework/src/Illuminate/Foundation/Http/Kernel.php(200): Illuminate/Routing/Router->dispatch(Object(Illuminate/Http/Request))
#40 C:/Users/DELL/Downloads/Ascend AI/vendor/laravel/framework/src/Illuminate/Pipeline/Pipeline.php(180): Illuminate/Foundation/Http/Kernel->Illuminate/Foundation/Http/{closure}(Object(Illuminate/Http/Request))
#41 C:/Users/DELL/Downloads/Ascend AI/vendor/livewire/livewire/src/Features/SupportDisablingBackButtonCache/DisableBackButtonCacheMiddleware.php(19): Illuminate/Pipeline/Pipeline->Illuminate/Pipeline/{closure}(Object(Illuminate/Http/Request))
#42 C:/Users/DELL/Downloads/Ascend AI/vendor/laravel/framework/src/Illuminate/Pipeline/Pipeline.php(219): Livewire/Features/SupportDisablingBackButtonCache/DisableBackButtonCacheMiddleware->handle(Object(Illuminate/Http/Request), Object(Closure))
#43 C:/Users/DELL/Downloads/Ascend AI/vendor/laravel/framework/src/Illuminate/Foundation/Http/Middleware/TransformsRequest.php(21): Illuminate/Pipeline/Pipeline->Illuminate/Pipeline/{closure}(Object(Illuminate/Http/Request))
#44 C:/Users/DELL/Downloads/Ascend AI/vendor/laravel/framework/src/Illuminate/Foundation/Http/Middleware/ConvertEmptyStringsToNull.php(31): Illuminate/Foundation/Http/Middleware/TransformsRequest->handle(Object(Illuminate/Http/Request), Object(Closure))
#45 C:/Users/DELL/Downloads/Ascend AI/vendor/laravel/framework/src/Illuminate/Pipeline/Pipeline.php(219): Illuminate/Foundation/Http/Middleware/ConvertEmptyStringsToNull->handle(Object(Illuminate/Http/Request), Object(Closure))
#46 C:/Users/DELL/Downloads/Ascend AI/vendor/laravel/framework/src/Illuminate/Foundation/Http/Middleware/TransformsRequest.php(21): Illuminate/Pipeline/Pipeline->Illuminate/Pipeline/{closure}(Object(Illuminate/Http/Request))
#47 C:/Users/DELL/Downloads/Ascend AI/vendor/laravel/framework/src/Illuminate/Foundation/Http/Middleware/TrimStrings.php(51): Illuminate/Foundation/Http/Middleware/TransformsRequest->handle(Object(Illuminate/Http/Request), Object(Closure))
#48 C:/Users/DELL/Downloads/Ascend AI/vendor/laravel/framework/src/Illuminate/Pipeline/Pipeline.php(219): Illuminate/Foundation/Http/Middleware/TrimStrings->handle(Object(Illuminate/Http/Request), Object(Closure))
#49 C:/Users/DELL/Downloads/Ascend AI/vendor/laravel/framework/src/Illuminate/Http/Middleware/ValidatePostSize.php(27): Illuminate/Pipeline/Pipeline->Illuminate/Pipeline/{closure}(Object(Illuminate/Http/Request))
#50 C:/Users/DELL/Downloads/Ascend AI/vendor/laravel/framework/src/Illuminate/Pipeline/Pipeline.php(219): Illuminate/Http/Middleware/ValidatePostSize->handle(Object(Illuminate/Http/Request), Object(Closure))
#51 C:/Users/DELL/Downloads/Ascend AI/vendor/laravel/framework/src/Illuminate/Foundation/Http/Middleware/PreventRequestsDuringMaintenance.php(109): Illuminate/Pipeline/Pipeline->Illuminate/Pipeline/{closure}(Object(Illuminate/Http/Request))
#52 C:/Users/DELL/Downloads/Ascend AI/vendor/laravel/framework/src/Illuminate/Pipeline/Pipeline.php(219): Illuminate/Foundation/Http/Middleware/PreventRequestsDuringMaintenance->handle(Object(Illuminate/Http/Request), Object(Closure))
#53 C:/Users/DELL/Downloads/Ascend AI/vendor/laravel/framework/src/Illuminate/Http/Middleware/HandleCors.php(61): Illuminate/Pipeline/Pipeline->Illuminate/Pipeline/{closure}(Object(Illuminate/Http/Request))
#54 C:/Users/DELL/Downloads/Ascend AI/vendor/laravel/framework/src/Illuminate/Pipeline/Pipeline.php(219): Illuminate/Http/Middleware/HandleCors->handle(Object(Illuminate/Http/Request), Object(Closure))
#55 C:/Users/DELL/Downloads/Ascend AI/vendor/laravel/framework/src/Illuminate/Http/Middleware/TrustProxies.php(58): Illuminate/Pipeline/Pipeline->Illuminate/Pipeline/{closure}(Object(Illuminate/Http/Request))
#56 C:/Users/DELL/Downloads/Ascend AI/vendor/laravel/framework/src/Illuminate/Pipeline/Pipeline.php(219): Illuminate/Http/Middleware/TrustProxies->handle(Object(Illuminate/Http/Request), Object(Closure))
#57 C:/Users/DELL/Downloads/Ascend AI/vendor/laravel/framework/src/Illuminate/Foundation/Http/Middleware/InvokeDeferredCallbacks.php(22): Illuminate/Pipeline/Pipeline->Illuminate/Pipeline/{closure}(Object(Illuminate/Http/Request))
#58 C:/Users/DELL/Downloads/Ascend AI/vendor/laravel/framework/src/Illuminate/Pipeline/Pipeline.php(219): Illuminate/Foundation/Http/Middleware/InvokeDeferredCallbacks->handle(Object(Illuminate/Http/Request), Object(Closure))
#59 C:/Users/DELL/Downloads/Ascend AI/vendor/laravel/framework/src/Illuminate/Http/Middleware/ValidatePathEncoding.php(28): Illuminate/Pipeline/Pipeline->Illuminate/Pipeline/{closure}(Object(Illuminate/Http/Request))
#60 C:/Users/DELL/Downloads/Ascend AI/vendor/laravel/framework/src/Illuminate/Pipeline/Pipeline.php(219): Illuminate/Http/Middleware/ValidatePathEncoding->handle(Object(Illuminate/Http/Request), Object(Closure))
#61 C:/Users/DELL/Downloads/Ascend AI/vendor/laravel/framework/src/Illuminate/Pipeline/Pipeline.php(137): Illuminate/Pipeline/Pipeline->Illuminate/Pipeline/{closure}(Object(Illuminate/Http/Request))
#62 C:/Users/DELL/Downloads/Ascend AI/vendor/laravel/framework/src/Illuminate/Foundation/Http/Kernel.php(175): Illuminate/Pipeline/Pipeline->then(Object(Closure))
#63 C:/Users/DELL/Downloads/Ascend AI/vendor/laravel/framework/src/Illuminate/Foundation/Http/Kernel.php(144): Illuminate/Foundation/Http/Kernel->sendRequestThroughRouter(Object(Illuminate/Http/Request))
#64 C:/Users/DELL/Downloads/Ascend AI/vendor/laravel/framework/src/Illuminate/Foundation/Application.php(1220): Illuminate/Foundation/Http/Kernel->handle(Object(Illuminate/Http/Request))
#65 C:/Users/DELL/Downloads/Ascend AI/public/index.php(20): Illuminate/Foundation/Application->handleRequest(Object(Illuminate/Http/Request))
#66 C:/Users/DELL/Downloads/Ascend AI/vendor/laravel/framework/src/Illuminate/Foundation/resources/server.php(23): require_once('C://Users//DELL//D...')
#67 {main}
"} 
[2026-08-09 13:46:02] local.ERROR: Maximum execution time of 30 seconds exceeded {"exception":"[object] (Symfony\\Component\\ErrorHandler\\Error\\FatalError(code: 0): Maximum execution time of 30 seconds exceeded at C:/Users/DELL/Downloads/Ascend AI/vendor/laravel/framework/src/Illuminate/View/ComponentAttributeBag.php:247)
[stacktrace]
#0 {main}
"} 
[2026-08-09 13:47:56] local.ERROR: SQLSTATE[HY000]: General error: 1 no such table: users (Connection: sqlite, Database: database/database.sqlite, SQL: select * from "users" where "id" = 1 limit 1) {"exception":"[object] (Illuminate\\Database\\QueryException(code: HY000): SQLSTATE[HY000]: General error: 1 no such table: users (Connection: sqlite, Database: database/database.sqlite, SQL: select * from \"users\" where \"id\" = 1 limit 1) at C:/Users/DELL/Downloads/Ascend AI/vendor/laravel/framework/src/Illuminate/Database/Connection.php:841)
[stacktrace]
#0 C:/Users/DELL/Downloads/Ascend AI/vendor/laravel/framework/src/Illuminate/Database/Connection.php(797): Illuminate/Database/Connection->runQueryCallback('select * from \"...', Array, Object(Closure))
#1 C:/Users/DELL/Downloads/Ascend AI/vendor/laravel/framework/src/Illuminate/Database/Connection.php(412): Illuminate/Database/Connection->run('select * from \"...', Array, Object(Closure))
#2 C:/Users/DELL/Downloads/Ascend AI/vendor/laravel/framework/src/Illuminate/Database/Query/Builder.php(3562): Illuminate/Database/Connection->select('select * from \"...', Array, true, Array)
#3 C:/Users/DELL/Downloads/Ascend AI/vendor/laravel/framework/src/Illuminate/Database/Query/Builder.php(3546): Illuminate/Database/Query/Builder->runSelect()
#4 C:/Users/DELL/Downloads/Ascend AI/vendor/laravel/framework/src/Illuminate/Database/Eloquent/Builder.php(907): Illuminate/Database/Query/Builder->get(Array)
#5 C:/Users/DELL/Downloads/Ascend AI/vendor/laravel/framework/src/Illuminate/Database/Eloquent/Builder.php(889): Illuminate/Database/Eloquent/Builder->getModels(Array)
#6 C:/Users/DELL/Downloads/Ascend AI/vendor/laravel/framework/src/Illuminate/Database/Concerns/BuildsQueries.php(367): Illuminate/Database/Eloquent/Builder->get(Array)
#7 C:/Users/DELL/Downloads/Ascend AI/vendor/laravel/framework/src/Illuminate/Auth/EloquentUserProvider.php(58): Illuminate/Database/Eloquent/Builder->first()
#8 C:/Users/DELL/Downloads/Ascend AI/vendor/laravel/framework/src/Illuminate/Auth/SessionGuard.php(189): Illuminate/Auth/EloquentUserProvider->retrieveById(1)
#9 C:/Users/DELL/Downloads/Ascend AI/vendor/laravel/framework/src/Illuminate/Auth/AuthManager.php(56): Illuminate/Auth/SessionGuard->user()
#10 [internal function]: Illuminate/Auth/AuthManager->Illuminate/Auth/{closure}(NULL)
#11 C:/Users/DELL/Downloads/Ascend AI/vendor/laravel/framework/src/Illuminate/Auth/AuthServiceProvider.php(89): call_user_func(Object(Closure), NULL)
#12 [internal function]: Illuminate/Auth/AuthServiceProvider->Illuminate/Auth/{closure}(NULL)
#13 C:/Users/DELL/Downloads/Ascend AI/vendor/laravel/framework/src/Illuminate/Http/Request.php(670): call_user_func(Object(Closure), NULL)
#14 C:/Users/DELL/Downloads/Ascend AI/modules/AdminLanguages/Support/LocaleManager.php(29): Illuminate/Http/Request->user()
#15 C:/Users/DELL/Downloads/Ascend AI/modules/AdminLanguages/Http/Middleware/SetLocale.php(18): Modules/AdminLanguages/Support/LocaleManager->resolve(Object(Illuminate/Http/Request))
#16 C:/Users/DELL/Downloads/Ascend AI/vendor/laravel/framework/src/Illuminate/Pipeline/Pipeline.php(219): Modules/AdminLanguages/Http/Middleware/SetLocale->handle(Object(Illuminate/Http/Request), Object(Closure))
#17 C:/Users/DELL/Downloads/Ascend AI/vendor/laravel/framework/src/Illuminate/Routing/Middleware/SubstituteBindings.php(52): Illuminate/Pipeline/Pipeline->Illuminate/Pipeline/{closure}(Object(Illuminate/Http/Request))
#18 C:/Users/DELL/Downloads/Ascend AI/vendor/laravel/framework/src/Illuminate/Pipeline/Pipeline.php(219): Illuminate/Routing/Middleware/SubstituteBindings->handle(Object(Illuminate/Http/Request), Object(Closure))
#19 C:/Users/DELL/Downloads/Ascend AI/vendor/laravel/framework/src/Illuminate/Foundation/Http/Middleware/PreventRequestForgery.php(104): Illuminate/Pipeline/Pipeline->Illuminate/Pipeline/{closure}(Object(Illuminate/Http/Request))
#20 C:/Users/DELL/Downloads/Ascend AI/vendor/laravel/framework/src/Illuminate/Pipeline/Pipeline.php(219): Illuminate/Foundation/Http/Middleware/PreventRequestForgery->handle(Object(Illuminate/Http/Request), Object(Closure))
#21 C:/Users/DELL/Downloads/Ascend AI/vendor/laravel/framework/src/Illuminate/View/Middleware/ShareErrorsFromSession.php(48): Illuminate/Pipeline/Pipeline->Illuminate/Pipeline/{closure}(Object(Illuminate/Http/Request))
#22 C:/Users/DELL/Downloads/Ascend AI/vendor/laravel/framework/src/Illuminate/Pipeline/Pipeline.php(219): Illuminate/View/Middleware/ShareErrorsFromSession->handle(Object(Illuminate/Http/Request), Object(Closure))
#23 C:/Users/DELL/Downloads/Ascend AI/vendor/laravel/framework/src/Illuminate/Session/Middleware/StartSession.php(120): Illuminate/Pipeline/Pipeline->Illuminate/Pipeline/{closure}(Object(Illuminate/Http/Request))
#24 C:/Users/DELL/Downloads/Ascend AI/vendor/laravel/framework/src/Illuminate/Session/Middleware/StartSession.php(63): Illuminate/Session/Middleware/StartSession->handleStatefulRequest(Object(Illuminate/Http/Request), Object(Illuminate/Session/Store), Object(Closure))
#25 C:/Users/DELL/Downloads/Ascend AI/vendor/laravel/framework/src/Illuminate/Pipeline/Pipeline.php(219): Illuminate/Session/Middleware/StartSession->handle(Object(Illuminate/Http/Request), Object(Closure))
#26 C:/Users/DELL/Downloads/Ascend AI/vendor/laravel/framework/src/Illuminate/Cookie/Middleware/AddQueuedCookiesToResponse.php(36): Illuminate/Pipeline/Pipeline->Illuminate/Pipeline/{closure}(Object(Illuminate/Http/Request))
#27 C:/Users/DELL/Downloads/Ascend AI/vendor/laravel/framework/src/Illuminate/Pipeline/Pipeline.php(219): Illuminate/Cookie/Middleware/AddQueuedCookiesToResponse->handle(Object(Illuminate/Http/Request), Object(Closure))
#28 C:/Users/DELL/Downloads/Ascend AI/vendor/laravel/framework/src/Illuminate/Cookie/Middleware/EncryptCookies.php(74): Illuminate/Pipeline/Pipeline->Illuminate/Pipeline/{closure}(Object(Illuminate/Http/Request))
#29 C:/Users/DELL/Downloads/Ascend AI/vendor/laravel/framework/src/Illuminate/Pipeline/Pipeline.php(219): Illuminate/Cookie/Middleware/EncryptCookies->handle(Object(Illuminate/Http/Request), Object(Closure))
#30 C:/Users/DELL/Downloads/Ascend AI/app/Installer/Http/Middleware/PrepareInstallation.php(29): Illuminate/Pipeline/Pipeline->Illuminate/Pipeline/{closure}(Object(Illuminate/Http/Request))
#31 C:/Users/DELL/Downloads/Ascend AI/vendor/laravel/framework/src/Illuminate/Pipeline/Pipeline.php(219): App/Installer/Http/Middleware/PrepareInstallation->handle(Object(Illuminate/Http/Request), Object(Closure))
#32 C:/Users/DELL/Downloads/Ascend AI/vendor/laravel/framework/src/Illuminate/Pipeline/Pipeline.php(137): Illuminate/Pipeline/Pipeline->Illuminate/Pipeline/{closure}(Object(Illuminate/Http/Request))
#33 C:/Users/DELL/Downloads/Ascend AI/vendor/laravel/framework/src/Illuminate/Routing/Router.php(821): Illuminate/Pipeline/Pipeline->then(Object(Closure))
#34 C:/Users/DELL/Downloads/Ascend AI/vendor/laravel/framework/src/Illuminate/Routing/Router.php(800): Illuminate/Routing/Router->runRouteWithinStack(Object(Illuminate/Routing/Route), Object(Illuminate/Http/Request))
#35 C:/Users/DELL/Downloads/Ascend AI/vendor/laravel/framework/src/Illuminate/Routing/Router.php(764): Illuminate/Routing/Router->runRoute(Object(Illuminate/Http/Request), Object(Illuminate/Routing/Route))
#36 C:/Users/DELL/Downloads/Ascend AI/vendor/laravel/framework/src/Illuminate/Routing/Router.php(753): Illuminate/Routing/Router->dispatchToRoute(Object(Illuminate/Http/Request))
#37 C:/Users/DELL/Downloads/Ascend AI/vendor/laravel/framework/src/Illuminate/Foundation/Http/Kernel.php(200): Illuminate/Routing/Router->dispatch(Object(Illuminate/Http/Request))
#38 C:/Users/DELL/Downloads/Ascend AI/vendor/laravel/framework/src/Illuminate/Pipeline/Pipeline.php(180): Illuminate/Foundation/Http/Kernel->Illuminate/Foundation/Http/{closure}(Object(Illuminate/Http/Request))
#39 C:/Users/DELL/Downloads/Ascend AI/vendor/livewire/livewire/src/Features/SupportDisablingBackButtonCache/DisableBackButtonCacheMiddleware.php(19): Illuminate/Pipeline/Pipeline->Illuminate/Pipeline/{closure}(Object(Illuminate/Http/Request))
#40 C:/Users/DELL/Downloads/Ascend AI/vendor/laravel/framework/src/Illuminate/Pipeline/Pipeline.php(219): Livewire/Features/SupportDisablingBackButtonCache/DisableBackButtonCacheMiddleware->handle(Object(Illuminate/Http/Request), Object(Closure))
#41 C:/Users/DELL/Downloads/Ascend AI/vendor/laravel/framework/src/Illuminate/Foundation/Http/Middleware/TransformsRequest.php(21): Illuminate/Pipeline/Pipeline->Illuminate/Pipeline/{closure}(Object(Illuminate/Http/Request))
#42 C:/Users/DELL/Downloads/Ascend AI/vendor/laravel/framework/src/Illuminate/Foundation/Http/Middleware/ConvertEmptyStringsToNull.php(31): Illuminate/Foundation/Http/Middleware/TransformsRequest->handle(Object(Illuminate/Http/Request), Object(Closure))
#43 C:/Users/DELL/Downloads/Ascend AI/vendor/laravel/framework/src/Illuminate/Pipeline/Pipeline.php(219): Illuminate/Foundation/Http/Middleware/ConvertEmptyStringsToNull->handle(Object(Illuminate/Http/Request), Object(Closure))
#44 C:/Users/DELL/Downloads/Ascend AI/vendor/laravel/framework/src/Illuminate/Foundation/Http/Middleware/TransformsRequest.php(21): Illuminate/Pipeline/Pipeline->Illuminate/Pipeline/{closure}(Object(Illuminate/Http/Request))
#45 C:/Users/DELL/Downloads/Ascend AI/vendor/laravel/framework/src/Illuminate/Foundation/Http/Middleware/TrimStrings.php(51): Illuminate/Foundation/Http/Middleware/TransformsRequest->handle(Object(Illuminate/Http/Request), Object(Closure))
#46 C:/Users/DELL/Downloads/Ascend AI/vendor/laravel/framework/src/Illuminate/Pipeline/Pipeline.php(219): Illuminate/Foundation/Http/Middleware/TrimStrings->handle(Object(Illuminate/Http/Request), Object(Closure))
#47 C:/Users/DELL/Downloads/Ascend AI/vendor/laravel/framework/src/Illuminate/Http/Middleware/ValidatePostSize.php(27): Illuminate/Pipeline/Pipeline->Illuminate/Pipeline/{closure}(Object(Illuminate/Http/Request))
#48 C:/Users/DELL/Downloads/Ascend AI/vendor/laravel/framework/src/Illuminate/Pipeline/Pipeline.php(219): Illuminate/Http/Middleware/ValidatePostSize->handle(Object(Illuminate/Http/Request), Object(Closure))
#49 C:/Users/DELL/Downloads/Ascend AI/vendor/laravel/framework/src/Illuminate/Foundation/Http/Middleware/PreventRequestsDuringMaintenance.php(109): Illuminate/Pipeline/Pipeline->Illuminate/Pipeline/{closure}(Object(Illuminate/Http/Request))
#50 C:/Users/DELL/Downloads/Ascend AI/vendor/laravel/framework/src/Illuminate/Pipeline/Pipeline.php(219): Illuminate/Foundation/Http/Middleware/PreventRequestsDuringMaintenance->handle(Object(Illuminate/Http/Request), Object(Closure))
#51 C:/Users/DELL/Downloads/Ascend AI/vendor/laravel/framework/src/Illuminate/Http/Middleware/HandleCors.php(61): Illuminate/Pipeline/Pipeline->Illuminate/Pipeline/{closure}(Object(Illuminate/Http/Request))
#52 C:/Users/DELL/Downloads/Ascend AI/vendor/laravel/framework/src/Illuminate/Pipeline/Pipeline.php(219): Illuminate/Http/Middleware/HandleCors->handle(Object(Illuminate/Http/Request), Object(Closure))
#53 C:/Users/DELL/Downloads/Ascend AI/vendor/laravel/framework/src/Illuminate/Http/Middleware/TrustProxies.php(58): Illuminate/Pipeline/Pipeline->Illuminate/Pipeline/{closure}(Object(Illuminate/Http/Request))
#54 C:/Users/DELL/Downloads/Ascend AI/vendor/laravel/framework/src/Illuminate/Pipeline/Pipeline.php(219): Illuminate/Http/Middleware/TrustProxies->handle(Object(Illuminate/Http/Request), Object(Closure))
#55 C:/Users/DELL/Downloads/Ascend AI/vendor/laravel/framework/src/Illuminate/Foundation/Http/Middleware/InvokeDeferredCallbacks.php(22): Illuminate/Pipeline/Pipeline->Illuminate/Pipeline/{closure}(Object(Illuminate/Http/Request))
#56 C:/Users/DELL/Downloads/Ascend AI/vendor/laravel/framework/src/Illuminate/Pipeline/Pipeline.php(219): Illuminate/Foundation/Http/Middleware/InvokeDeferredCallbacks->handle(Object(Illuminate/Http/Request), Object(Closure))
#57 C:/Users/DELL/Downloads/Ascend AI/vendor/laravel/framework/src/Illuminate/Http/Middleware/ValidatePathEncoding.php(28): Illuminate/Pipeline/Pipeline->Illuminate/Pipeline/{closure}(Object(Illuminate/Http/Request))
#58 C:/Users/DELL/Downloads/Ascend AI/vendor/laravel/framework/src/Illuminate/Pipeline/Pipeline.php(219): Illuminate/Http/Middleware/ValidatePathEncoding->handle(Object(Illuminate/Http/Request), Object(Closure))
#59 C:/Users/DELL/Downloads/Ascend AI/vendor/laravel/framework/src/Illuminate/Pipeline/Pipeline.php(137): Illuminate/Pipeline/Pipeline->Illuminate/Pipeline/{closure}(Object(Illuminate/Http/Request))
#60 C:/Users/DELL/Downloads/Ascend AI/vendor/laravel/framework/src/Illuminate/Foundation/Http/Kernel.php(175): Illuminate/Pipeline/Pipeline->then(Object(Closure))
#61 C:/Users/DELL/Downloads/Ascend AI/vendor/laravel/framework/src/Illuminate/Foundation/Http/Kernel.php(144): Illuminate/Foundation/Http/Kernel->sendRequestThroughRouter(Object(Illuminate/Http/Request))
#62 C:/Users/DELL/Downloads/Ascend AI/vendor/laravel/framework/src/Illuminate/Foundation/Application.php(1220): Illuminate/Foundation/Http/Kernel->handle(Object(Illuminate/Http/Request))
#63 C:/Users/DELL/Downloads/Ascend AI/public/index.php(20): Illuminate/Foundation/Application->handleRequest(Object(Illuminate/Http/Request))
#64 C:/Users/DELL/Downloads/Ascend AI/vendor/laravel/framework/src/Illuminate/Foundation/resources/server.php(23): require_once('C://Users//DELL//D...')
#65 {main}

[previous exception] [object] (PDOException(code: HY000): SQLSTATE[HY000]: General error: 1 no such table: users at C:/Users/DELL/Downloads/Ascend AI/vendor/laravel/framework/src/Illuminate/Database/Connection.php:421)
[stacktrace]
#0 C:/Users/DELL/Downloads/Ascend AI/vendor/laravel/framework/src/Illuminate/Database/Connection.php(421): PDO->prepare('select * from \"...')
#1 C:/Users/DELL/Downloads/Ascend AI/vendor/laravel/framework/src/Illuminate/Database/Connection.php(830): Illuminate/Database/Connection->Illuminate/Database/{closure}('select * from \"...', Array)
#2 C:/Users/DELL/Downloads/Ascend AI/vendor/laravel/framework/src/Illuminate/Database/Connection.php(797): Illuminate/Database/Connection->runQueryCallback('select * from \"...', Array, Object(Closure))
#3 C:/Users/DELL/Downloads/Ascend AI/vendor/laravel/framework/src/Illuminate/Database/Connection.php(412): Illuminate/Database/Connection->run('select * from \"...', Array, Object(Closure))
#4 C:/Users/DELL/Downloads/Ascend AI/vendor/laravel/framework/src/Illuminate/Database/Query/Builder.php(3562): Illuminate/Database/Connection->select('select * from \"...', Array, true, Array)
#5 C:/Users/DELL/Downloads/Ascend AI/vendor/laravel/framework/src/Illuminate/Database/Query/Builder.php(3546): Illuminate/Database/Query/Builder->runSelect()
#6 C:/Users/DELL/Downloads/Ascend AI/vendor/laravel/framework/src/Illuminate/Database/Eloquent/Builder.php(907): Illuminate/Database/Query/Builder->get(Array)
#7 C:/Users/DELL/Downloads/Ascend AI/vendor/laravel/framework/src/Illuminate/Database/Eloquent/Builder.php(889): Illuminate/Database/Eloquent/Builder->getModels(Array)
#8 C:/Users/DELL/Downloads/Ascend AI/vendor/laravel/framework/src/Illuminate/Database/Concerns/BuildsQueries.php(367): Illuminate/Database/Eloquent/Builder->get(Array)
#9 C:/Users/DELL/Downloads/Ascend AI/vendor/laravel/framework/src/Illuminate/Auth/EloquentUserProvider.php(58): Illuminate/Database/Eloquent/Builder->first()
#10 C:/Users/DELL/Downloads/Ascend AI/vendor/laravel/framework/src/Illuminate/Auth/SessionGuard.php(189): Illuminate/Auth/EloquentUserProvider->retrieveById(1)
#11 C:/Users/DELL/Downloads/Ascend AI/vendor/laravel/framework/src/Illuminate/Auth/AuthManager.php(56): Illuminate/Auth/SessionGuard->user()
#12 [internal function]: Illuminate/Auth/AuthManager->Illuminate/Auth/{closure}(NULL)
#13 C:/Users/DELL/Downloads/Ascend AI/vendor/laravel/framework/src/Illuminate/Auth/AuthServiceProvider.php(89): call_user_func(Object(Closure), NULL)
#14 [internal function]: Illuminate/Auth/AuthServiceProvider->Illuminate/Auth/{closure}(NULL)
#15 C:/Users/DELL/Downloads/Ascend AI/vendor/laravel/framework/src/Illuminate/Http/Request.php(670): call_user_func(Object(Closure), NULL)
#16 C:/Users/DELL/Downloads/Ascend AI/modules/AdminLanguages/Support/LocaleManager.php(29): Illuminate/Http/Request->user()
#17 C:/Users/DELL/Downloads/Ascend AI/modules/AdminLanguages/Http/Middleware/SetLocale.php(18): Modules/AdminLanguages/Support/LocaleManager->resolve(Object(Illuminate/Http/Request))
#18 C:/Users/DELL/Downloads/Ascend AI/vendor/laravel/framework/src/Illuminate/Pipeline/Pipeline.php(219): Modules/AdminLanguages/Http/Middleware/SetLocale->handle(Object(Illuminate/Http/Request), Object(Closure))
#19 C:/Users/DELL/Downloads/Ascend AI/vendor/laravel/framework/src/Illuminate/Routing/Middleware/SubstituteBindings.php(52): Illuminate/Pipeline/Pipeline->Illuminate/Pipeline/{closure}(Object(Illuminate/Http/Request))
#20 C:/Users/DELL/Downloads/Ascend AI/vendor/laravel/framework/src/Illuminate/Pipeline/Pipeline.php(219): Illuminate/Routing/Middleware/SubstituteBindings->handle(Object(Illuminate/Http/Request), Object(Closure))
#21 C:/Users/DELL/Downloads/Ascend AI/vendor/laravel/framework/src/Illuminate/Foundation/Http/Middleware/PreventRequestForgery.php(104): Illuminate/Pipeline/Pipeline->Illuminate/Pipeline/{closure}(Object(Illuminate/Http/Request))
#22 C:/Users/DELL/Downloads/Ascend AI/vendor/laravel/framework/src/Illuminate/Pipeline/Pipeline.php(219): Illuminate/Foundation/Http/Middleware/PreventRequestForgery->handle(Object(Illuminate/Http/Request), Object(Closure))
#23 C:/Users/DELL/Downloads/Ascend AI/vendor/laravel/framework/src/Illuminate/View/Middleware/ShareErrorsFromSession.php(48): Illuminate/Pipeline/Pipeline->Illuminate/Pipeline/{closure}(Object(Illuminate/Http/Request))
#24 C:/Users/DELL/Downloads/Ascend AI/vendor/laravel/framework/src/Illuminate/Pipeline/Pipeline.php(219): Illuminate/View/Middleware/ShareErrorsFromSession->handle(Object(Illuminate/Http/Request), Object(Closure))
#25 C:/Users/DELL/Downloads/Ascend AI/vendor/laravel/framework/src/Illuminate/Session/Middleware/StartSession.php(120): Illuminate/Pipeline/Pipeline->Illuminate/Pipeline/{closure}(Object(Illuminate/Http/Request))
#26 C:/Users/DELL/Downloads/Ascend AI/vendor/laravel/framework/src/Illuminate/Session/Middleware/StartSession.php(63): Illuminate/Session/Middleware/StartSession->handleStatefulRequest(Object(Illuminate/Http/Request), Object(Illuminate/Session/Store), Object(Closure))
#27 C:/Users/DELL/Downloads/Ascend AI/vendor/laravel/framework/src/Illuminate/Pipeline/Pipeline.php(219): Illuminate/Session/Middleware/StartSession->handle(Object(Illuminate/Http/Request), Object(Closure))
#28 C:/Users/DELL/Downloads/Ascend AI/vendor/laravel/framework/src/Illuminate/Cookie/Middleware/AddQueuedCookiesToResponse.php(36): Illuminate/Pipeline/Pipeline->Illuminate/Pipeline/{closure}(Object(Illuminate/Http/Request))
#29 C:/Users/DELL/Downloads/Ascend AI/vendor/laravel/framework/src/Illuminate/Pipeline/Pipeline.php(219): Illuminate/Cookie/Middleware/AddQueuedCookiesToResponse->handle(Object(Illuminate/Http/Request), Object(Closure))
#30 C:/Users/DELL/Downloads/Ascend AI/vendor/laravel/framework/src/Illuminate/Cookie/Middleware/EncryptCookies.php(74): Illuminate/Pipeline/Pipeline->Illuminate/Pipeline/{closure}(Object(Illuminate/Http/Request))
#31 C:/Users/DELL/Downloads/Ascend AI/vendor/laravel/framework/src/Illuminate/Pipeline/Pipeline.php(219): Illuminate/Cookie/Middleware/EncryptCookies->handle(Object(Illuminate/Http/Request), Object(Closure))
#32 C:/Users/DELL/Downloads/Ascend AI/app/Installer/Http/Middleware/PrepareInstallation.php(29): Illuminate/Pipeline/Pipeline->Illuminate/Pipeline/{closure}(Object(Illuminate/Http/Request))
#33 C:/Users/DELL/Downloads/Ascend AI/vendor/laravel/framework/src/Illuminate/Pipeline/Pipeline.php(219): App/Installer/Http/Middleware/PrepareInstallation->handle(Object(Illuminate/Http/Request), Object(Closure))
#34 C:/Users/DELL/Downloads/Ascend AI/vendor/laravel/framework/src/Illuminate/Pipeline/Pipeline.php(137): Illuminate/Pipeline/Pipeline->Illuminate/Pipeline/{closure}(Object(Illuminate/Http/Request))
#35 C:/Users/DELL/Downloads/Ascend AI/vendor/laravel/framework/src/Illuminate/Routing/Router.php(821): Illuminate/Pipeline/Pipeline->then(Object(Closure))
#36 C:/Users/DELL/Downloads/Ascend AI/vendor/laravel/framework/src/Illuminate/Routing/Router.php(800): Illuminate/Routing/Router->runRouteWithinStack(Object(Illuminate/Routing/Route), Object(Illuminate/Http/Request))
#37 C:/Users/DELL/Downloads/Ascend AI/vendor/laravel/framework/src/Illuminate/Routing/Router.php(764): Illuminate/Routing/Router->runRoute(Object(Illuminate/Http/Request), Object(Illuminate/Routing/Route))
#38 C:/Users/DELL/Downloads/Ascend AI/vendor/laravel/framework/src/Illuminate/Routing/Router.php(753): Illuminate/Routing/Router->dispatchToRoute(Object(Illuminate/Http/Request))
#39 C:/Users/DELL/Downloads/Ascend AI/vendor/laravel/framework/src/Illuminate/Foundation/Http/Kernel.php(200): Illuminate/Routing/Router->dispatch(Object(Illuminate/Http/Request))
#40 C:/Users/DELL/Downloads/Ascend AI/vendor/laravel/framework/src/Illuminate/Pipeline/Pipeline.php(180): Illuminate/Foundation/Http/Kernel->Illuminate/Foundation/Http/{closure}(Object(Illuminate/Http/Request))
#41 C:/Users/DELL/Downloads/Ascend AI/vendor/livewire/livewire/src/Features/SupportDisablingBackButtonCache/DisableBackButtonCacheMiddleware.php(19): Illuminate/Pipeline/Pipeline->Illuminate/Pipeline/{closure}(Object(Illuminate/Http/Request))
#42 C:/Users/DELL/Downloads/Ascend AI/vendor/laravel/framework/src/Illuminate/Pipeline/Pipeline.php(219): Livewire/Features/SupportDisablingBackButtonCache/DisableBackButtonCacheMiddleware->handle(Object(Illuminate/Http/Request), Object(Closure))
#43 C:/Users/DELL/Downloads/Ascend AI/vendor/laravel/framework/src/Illuminate/Foundation/Http/Middleware/TransformsRequest.php(21): Illuminate/Pipeline/Pipeline->Illuminate/Pipeline/{closure}(Object(Illuminate/Http/Request))
#44 C:/Users/DELL/Downloads/Ascend AI/vendor/laravel/framework/src/Illuminate/Foundation/Http/Middleware/ConvertEmptyStringsToNull.php(31): Illuminate/Foundation/Http/Middleware/TransformsRequest->handle(Object(Illuminate/Http/Request), Object(Closure))
#45 C:/Users/DELL/Downloads/Ascend AI/vendor/laravel/framework/src/Illuminate/Pipeline/Pipeline.php(219): Illuminate/Foundation/Http/Middleware/ConvertEmptyStringsToNull->handle(Object(Illuminate/Http/Request), Object(Closure))
#46 C:/Users/DELL/Downloads/Ascend AI/vendor/laravel/framework/src/Illuminate/Foundation/Http/Middleware/TransformsRequest.php(21): Illuminate/Pipeline/Pipeline->Illuminate/Pipeline/{closure}(Object(Illuminate/Http/Request))
#47 C:/Users/DELL/Downloads/Ascend AI/vendor/laravel/framework/src/Illuminate/Foundation/Http/Middleware/TrimStrings.php(51): Illuminate/Foundation/Http/Middleware/TransformsRequest->handle(Object(Illuminate/Http/Request), Object(Closure))
#48 C:/Users/DELL/Downloads/Ascend AI/vendor/laravel/framework/src/Illuminate/Pipeline/Pipeline.php(219): Illuminate/Foundation/Http/Middleware/TrimStrings->handle(Object(Illuminate/Http/Request), Object(Closure))
#49 C:/Users/DELL/Downloads/Ascend AI/vendor/laravel/framework/src/Illuminate/Http/Middleware/ValidatePostSize.php(27): Illuminate/Pipeline/Pipeline->Illuminate/Pipeline/{closure}(Object(Illuminate/Http/Request))
#50 C:/Users/DELL/Downloads/Ascend AI/vendor/laravel/framework/src/Illuminate/Pipeline/Pipeline.php(219): Illuminate/Http/Middleware/ValidatePostSize->handle(Object(Illuminate/Http/Request), Object(Closure))
#51 C:/Users/DELL/Downloads/Ascend AI/vendor/laravel/framework/src/Illuminate/Foundation/Http/Middleware/PreventRequestsDuringMaintenance.php(109): Illuminate/Pipeline/Pipeline->Illuminate/Pipeline/{closure}(Object(Illuminate/Http/Request))
#52 C:/Users/DELL/Downloads/Ascend AI/vendor/laravel/framework/src/Illuminate/Pipeline/Pipeline.php(219): Illuminate/Foundation/Http/Middleware/PreventRequestsDuringMaintenance->handle(Object(Illuminate/Http/Request), Object(Closure))
#53 C:/Users/DELL/Downloads/Ascend AI/vendor/laravel/framework/src/Illuminate/Http/Middleware/HandleCors.php(61): Illuminate/Pipeline/Pipeline->Illuminate/Pipeline/{closure}(Object(Illuminate/Http/Request))
#54 C:/Users/DELL/Downloads/Ascend AI/vendor/laravel/framework/src/Illuminate/Pipeline/Pipeline.php(219): Illuminate/Http/Middleware/HandleCors->handle(Object(Illuminate/Http/Request), Object(Closure))
#55 C:/Users/DELL/Downloads/Ascend AI/vendor/laravel/framework/src/Illuminate/Http/Middleware/TrustProxies.php(58): Illuminate/Pipeline/Pipeline->Illuminate/Pipeline/{closure}(Object(Illuminate/Http/Request))
#56 C:/Users/DELL/Downloads/Ascend AI/vendor/laravel/framework/src/Illuminate/Pipeline/Pipeline.php(219): Illuminate/Http/Middleware/TrustProxies->handle(Object(Illuminate/Http/Request), Object(Closure))
#57 C:/Users/DELL/Downloads/Ascend AI/vendor/laravel/framework/src/Illuminate/Foundation/Http/Middleware/InvokeDeferredCallbacks.php(22): Illuminate/Pipeline/Pipeline->Illuminate/Pipeline/{closure}(Object(Illuminate/Http/Request))
#58 C:/Users/DELL/Downloads/Ascend AI/vendor/laravel/framework/src/Illuminate/Pipeline/Pipeline.php(219): Illuminate/Foundation/Http/Middleware/InvokeDeferredCallbacks->handle(Object(Illuminate/Http/Request), Object(Closure))
#59 C:/Users/DELL/Downloads/Ascend AI/vendor/laravel/framework/src/Illuminate/Http/Middleware/ValidatePathEncoding.php(28): Illuminate/Pipeline/Pipeline->Illuminate/Pipeline/{closure}(Object(Illuminate/Http/Request))
#60 C:/Users/DELL/Downloads/Ascend AI/vendor/laravel/framework/src/Illuminate/Pipeline/Pipeline.php(219): Illuminate/Http/Middleware/ValidatePathEncoding->handle(Object(Illuminate/Http/Request), Object(Closure))
#61 C:/Users/DELL/Downloads/Ascend AI/vendor/laravel/framework/src/Illuminate/Pipeline/Pipeline.php(137): Illuminate/Pipeline/Pipeline->Illuminate/Pipeline/{closure}(Object(Illuminate/Http/Request))
#62 C:/Users/DELL/Downloads/Ascend AI/vendor/laravel/framework/src/Illuminate/Foundation/Http/Kernel.php(175): Illuminate/Pipeline/Pipeline->then(Object(Closure))
#63 C:/Users/DELL/Downloads/Ascend AI/vendor/laravel/framework/src/Illuminate/Foundation/Http/Kernel.php(144): Illuminate/Foundation/Http/Kernel->sendRequestThroughRouter(Object(Illuminate/Http/Request))
#64 C:/Users/DELL/Downloads/Ascend AI/vendor/laravel/framework/src/Illuminate/Foundation/Application.php(1220): Illuminate/Foundation/Http/Kernel->handle(Object(Illuminate/Http/Request))
#65 C:/Users/DELL/Downloads/Ascend AI/public/index.php(20): Illuminate/Foundation/Application->handleRequest(Object(Illuminate/Http/Request))
#66 C:/Users/DELL/Downloads/Ascend AI/vendor/laravel/framework/src/Illuminate/Foundation/resources/server.php(23): require_once('C://Users//DELL//D...')
#67 {main}
"} 
[2026-08-09 14:05:30] local.ERROR: SQLSTATE[HY000]: General error: 1 no such table: users (Connection: sqlite, Database: database/database.sqlite, SQL: select * from "users" where "id" = 1 limit 1) {"exception":"[object] (Illuminate\\Database\\QueryException(code: HY000): SQLSTATE[HY000]: General error: 1 no such table: users (Connection: sqlite, Database: database/database.sqlite, SQL: select * from \"users\" where \"id\" = 1 limit 1) at C:/Users/DELL/Downloads/Ascend AI/vendor/laravel/framework/src/Illuminate/Database/Connection.php:841)
[stacktrace]
#0 C:/Users/DELL/Downloads/Ascend AI/vendor/laravel/framework/src/Illuminate/Database/Connection.php(797): Illuminate/Database/Connection->runQueryCallback('select * from \"...', Array, Object(Closure))
#1 C:/Users/DELL/Downloads/Ascend AI/vendor/laravel/framework/src/Illuminate/Database/Connection.php(412): Illuminate/Database/Connection->run('select * from \"...', Array, Object(Closure))
#2 C:/Users/DELL/Downloads/Ascend AI/vendor/laravel/framework/src/Illuminate/Database/Query/Builder.php(3562): Illuminate/Database/Connection->select('select * from \"...', Array, true, Array)
#3 C:/Users/DELL/Downloads/Ascend AI/vendor/laravel/framework/src/Illuminate/Database/Query/Builder.php(3546): Illuminate/Database/Query/Builder->runSelect()
#4 C:/Users/DELL/Downloads/Ascend AI/vendor/laravel/framework/src/Illuminate/Database/Eloquent/Builder.php(907): Illuminate/Database/Query/Builder->get(Array)
#5 C:/Users/DELL/Downloads/Ascend AI/vendor/laravel/framework/src/Illuminate/Database/Eloquent/Builder.php(889): Illuminate/Database/Eloquent/Builder->getModels(Array)
#6 C:/Users/DELL/Downloads/Ascend AI/vendor/laravel/framework/src/Illuminate/Database/Concerns/BuildsQueries.php(367): Illuminate/Database/Eloquent/Builder->get(Array)
#7 C:/Users/DELL/Downloads/Ascend AI/vendor/laravel/framework/src/Illuminate/Auth/EloquentUserProvider.php(58): Illuminate/Database/Eloquent/Builder->first()
#8 C:/Users/DELL/Downloads/Ascend AI/vendor/laravel/framework/src/Illuminate/Auth/SessionGuard.php(189): Illuminate/Auth/EloquentUserProvider->retrieveById(1)
#9 C:/Users/DELL/Downloads/Ascend AI/vendor/laravel/framework/src/Illuminate/Auth/AuthManager.php(56): Illuminate/Auth/SessionGuard->user()
#10 [internal function]: Illuminate/Auth/AuthManager->Illuminate/Auth/{closure}(NULL)
#11 C:/Users/DELL/Downloads/Ascend AI/vendor/laravel/framework/src/Illuminate/Auth/AuthServiceProvider.php(89): call_user_func(Object(Closure), NULL)
#12 [internal function]: Illuminate/Auth/AuthServiceProvider->Illuminate/Auth/{closure}(NULL)
#13 C:/Users/DELL/Downloads/Ascend AI/vendor/laravel/framework/src/Illuminate/Http/Request.php(670): call_user_func(Object(Closure), NULL)
#14 C:/Users/DELL/Downloads/Ascend AI/modules/AdminLanguages/Support/LocaleManager.php(29): Illuminate/Http/Request->user()
#15 C:/Users/DELL/Downloads/Ascend AI/modules/AdminLanguages/Http/Middleware/SetLocale.php(18): Modules/AdminLanguages/Support/LocaleManager->resolve(Object(Illuminate/Http/Request))
#16 C:/Users/DELL/Downloads/Ascend AI/vendor/laravel/framework/src/Illuminate/Pipeline/Pipeline.php(219): Modules/AdminLanguages/Http/Middleware/SetLocale->handle(Object(Illuminate/Http/Request), Object(Closure))
#17 C:/Users/DELL/Downloads/Ascend AI/vendor/laravel/framework/src/Illuminate/Routing/Middleware/SubstituteBindings.php(52): Illuminate/Pipeline/Pipeline->Illuminate/Pipeline/{closure}(Object(Illuminate/Http/Request))
#18 C:/Users/DELL/Downloads/Ascend AI/vendor/laravel/framework/src/Illuminate/Pipeline/Pipeline.php(219): Illuminate/Routing/Middleware/SubstituteBindings->handle(Object(Illuminate/Http/Request), Object(Closure))
#19 C:/Users/DELL/Downloads/Ascend AI/vendor/laravel/framework/src/Illuminate/Foundation/Http/Middleware/PreventRequestForgery.php(104): Illuminate/Pipeline/Pipeline->Illuminate/Pipeline/{closure}(Object(Illuminate/Http/Request))
#20 C:/Users/DELL/Downloads/Ascend AI/vendor/laravel/framework/src/Illuminate/Pipeline/Pipeline.php(219): Illuminate/Foundation/Http/Middleware/PreventRequestForgery->handle(Object(Illuminate/Http/Request), Object(Closure))
#21 C:/Users/DELL/Downloads/Ascend AI/vendor/laravel/framework/src/Illuminate/View/Middleware/ShareErrorsFromSession.php(48): Illuminate/Pipeline/Pipeline->Illuminate/Pipeline/{closure}(Object(Illuminate/Http/Request))
#22 C:/Users/DELL/Downloads/Ascend AI/vendor/laravel/framework/src/Illuminate/Pipeline/Pipeline.php(219): Illuminate/View/Middleware/ShareErrorsFromSession->handle(Object(Illuminate/Http/Request), Object(Closure))
#23 C:/Users/DELL/Downloads/Ascend AI/vendor/laravel/framework/src/Illuminate/Session/Middleware/StartSession.php(120): Illuminate/Pipeline/Pipeline->Illuminate/Pipeline/{closure}(Object(Illuminate/Http/Request))
#24 C:/Users/DELL/Downloads/Ascend AI/vendor/laravel/framework/src/Illuminate/Session/Middleware/StartSession.php(63): Illuminate/Session/Middleware/StartSession->handleStatefulRequest(Object(Illuminate/Http/Request), Object(Illuminate/Session/Store), Object(Closure))
#25 C:/Users/DELL/Downloads/Ascend AI/vendor/laravel/framework/src/Illuminate/Pipeline/Pipeline.php(219): Illuminate/Session/Middleware/StartSession->handle(Object(Illuminate/Http/Request), Object(Closure))
#26 C:/Users/DELL/Downloads/Ascend AI/vendor/laravel/framework/src/Illuminate/Cookie/Middleware/AddQueuedCookiesToResponse.php(36): Illuminate/Pipeline/Pipeline->Illuminate/Pipeline/{closure}(Object(Illuminate/Http/Request))
#27 C:/Users/DELL/Downloads/Ascend AI/vendor/laravel/framework/src/Illuminate/Pipeline/Pipeline.php(219): Illuminate/Cookie/Middleware/AddQueuedCookiesToResponse->handle(Object(Illuminate/Http/Request), Object(Closure))
#28 C:/Users/DELL/Downloads/Ascend AI/vendor/laravel/framework/src/Illuminate/Cookie/Middleware/EncryptCookies.php(74): Illuminate/Pipeline/Pipeline->Illuminate/Pipeline/{closure}(Object(Illuminate/Http/Request))
#29 C:/Users/DELL/Downloads/Ascend AI/vendor/laravel/framework/src/Illuminate/Pipeline/Pipeline.php(219): Illuminate/Cookie/Middleware/EncryptCookies->handle(Object(Illuminate/Http/Request), Object(Closure))
#30 C:/Users/DELL/Downloads/Ascend AI/app/Installer/Http/Middleware/PrepareInstallation.php(29): Illuminate/Pipeline/Pipeline->Illuminate/Pipeline/{closure}(Object(Illuminate/Http/Request))
#31 C:/Users/DELL/Downloads/Ascend AI/vendor/laravel/framework/src/Illuminate/Pipeline/Pipeline.php(219): App/Installer/Http/Middleware/PrepareInstallation->handle(Object(Illuminate/Http/Request), Object(Closure))
#32 C:/Users/DELL/Downloads/Ascend AI/vendor/laravel/framework/src/Illuminate/Pipeline/Pipeline.php(137): Illuminate/Pipeline/Pipeline->Illuminate/Pipeline/{closure}(Object(Illuminate/Http/Request))
#33 C:/Users/DELL/Downloads/Ascend AI/vendor/laravel/framework/src/Illuminate/Routing/Router.php(821): Illuminate/Pipeline/Pipeline->then(Object(Closure))
#34 C:/Users/DELL/Downloads/Ascend AI/vendor/laravel/framework/src/Illuminate/Routing/Router.php(800): Illuminate/Routing/Router->runRouteWithinStack(Object(Illuminate/Routing/Route), Object(Illuminate/Http/Request))
#35 C:/Users/DELL/Downloads/Ascend AI/vendor/laravel/framework/src/Illuminate/Routing/Router.php(764): Illuminate/Routing/Router->runRoute(Object(Illuminate/Http/Request), Object(Illuminate/Routing/Route))
#36 C:/Users/DELL/Downloads/Ascend AI/vendor/laravel/framework/src/Illuminate/Routing/Router.php(753): Illuminate/Routing/Router->dispatchToRoute(Object(Illuminate/Http/Request))
#37 C:/Users/DELL/Downloads/Ascend AI/vendor/laravel/framework/src/Illuminate/Foundation/Http/Kernel.php(200): Illuminate/Routing/Router->dispatch(Object(Illuminate/Http/Request))
#38 C:/Users/DELL/Downloads/Ascend AI/vendor/laravel/framework/src/Illuminate/Pipeline/Pipeline.php(180): Illuminate/Foundation/Http/Kernel->Illuminate/Foundation/Http/{closure}(Object(Illuminate/Http/Request))
#39 C:/Users/DELL/Downloads/Ascend AI/vendor/livewire/livewire/src/Features/SupportDisablingBackButtonCache/DisableBackButtonCacheMiddleware.php(19): Illuminate/Pipeline/Pipeline->Illuminate/Pipeline/{closure}(Object(Illuminate/Http/Request))
#40 C:/Users/DELL/Downloads/Ascend AI/vendor/laravel/framework/src/Illuminate/Pipeline/Pipeline.php(219): Livewire/Features/SupportDisablingBackButtonCache/DisableBackButtonCacheMiddleware->handle(Object(Illuminate/Http/Request), Object(Closure))
#41 C:/Users/DELL/Downloads/Ascend AI/vendor/laravel/framework/src/Illuminate/Foundation/Http/Middleware/TransformsRequest.php(21): Illuminate/Pipeline/Pipeline->Illuminate/Pipeline/{closure}(Object(Illuminate/Http/Request))
#42 C:/Users/DELL/Downloads/Ascend AI/vendor/laravel/framework/src/Illuminate/Foundation/Http/Middleware/ConvertEmptyStringsToNull.php(31): Illuminate/Foundation/Http/Middleware/TransformsRequest->handle(Object(Illuminate/Http/Request), Object(Closure))
#43 C:/Users/DELL/Downloads/Ascend AI/vendor/laravel/framework/src/Illuminate/Pipeline/Pipeline.php(219): Illuminate/Foundation/Http/Middleware/ConvertEmptyStringsToNull->handle(Object(Illuminate/Http/Request), Object(Closure))
#44 C:/Users/DELL/Downloads/Ascend AI/vendor/laravel/framework/src/Illuminate/Foundation/Http/Middleware/TransformsRequest.php(21): Illuminate/Pipeline/Pipeline->Illuminate/Pipeline/{closure}(Object(Illuminate/Http/Request))
#45 C:/Users/DELL/Downloads/Ascend AI/vendor/laravel/framework/src/Illuminate/Foundation/Http/Middleware/TrimStrings.php(51): Illuminate/Foundation/Http/Middleware/TransformsRequest->handle(Object(Illuminate/Http/Request), Object(Closure))
#46 C:/Users/DELL/Downloads/Ascend AI/vendor/laravel/framework/src/Illuminate/Pipeline/Pipeline.php(219): Illuminate/Foundation/Http/Middleware/TrimStrings->handle(Object(Illuminate/Http/Request), Object(Closure))
#47 C:/Users/DELL/Downloads/Ascend AI/vendor/laravel/framework/src/Illuminate/Http/Middleware/ValidatePostSize.php(27): Illuminate/Pipeline/Pipeline->Illuminate/Pipeline/{closure}(Object(Illuminate/Http/Request))
#48 C:/Users/DELL/Downloads/Ascend AI/vendor/laravel/framework/src/Illuminate/Pipeline/Pipeline.php(219): Illuminate/Http/Middleware/ValidatePostSize->handle(Object(Illuminate/Http/Request), Object(Closure))
#49 C:/Users/DELL/Downloads/Ascend AI/vendor/laravel/framework/src/Illuminate/Foundation/Http/Middleware/PreventRequestsDuringMaintenance.php(109): Illuminate/Pipeline/Pipeline->Illuminate/Pipeline/{closure}(Object(Illuminate/Http/Request))
#50 C:/Users/DELL/Downloads/Ascend AI/vendor/laravel/framework/src/Illuminate/Pipeline/Pipeline.php(219): Illuminate/Foundation/Http/Middleware/PreventRequestsDuringMaintenance->handle(Object(Illuminate/Http/Request), Object(Closure))
#51 C:/Users/DELL/Downloads/Ascend AI/vendor/laravel/framework/src/Illuminate/Http/Middleware/HandleCors.php(61): Illuminate/Pipeline/Pipeline->Illuminate/Pipeline/{closure}(Object(Illuminate/Http/Request))
#52 C:/Users/DELL/Downloads/Ascend AI/vendor/laravel/framework/src/Illuminate/Pipeline/Pipeline.php(219): Illuminate/Http/Middleware/HandleCors->handle(Object(Illuminate/Http/Request), Object(Closure))
#53 C:/Users/DELL/Downloads/Ascend AI/vendor/laravel/framework/src/Illuminate/Http/Middleware/TrustProxies.php(58): Illuminate/Pipeline/Pipeline->Illuminate/Pipeline/{closure}(Object(Illuminate/Http/Request))
#54 C:/Users/DELL/Downloads/Ascend AI/vendor/laravel/framework/src/Illuminate/Pipeline/Pipeline.php(219): Illuminate/Http/Middleware/TrustProxies->handle(Object(Illuminate/Http/Request), Object(Closure))
#55 C:/Users/DELL/Downloads/Ascend AI/vendor/laravel/framework/src/Illuminate/Foundation/Http/Middleware/InvokeDeferredCallbacks.php(22): Illuminate/Pipeline/Pipeline->Illuminate/Pipeline/{closure}(Object(Illuminate/Http/Request))
#56 C:/Users/DELL/Downloads/Ascend AI/vendor/laravel/framework/src/Illuminate/Pipeline/Pipeline.php(219): Illuminate/Foundation/Http/Middleware/InvokeDeferredCallbacks->handle(Object(Illuminate/Http/Request), Object(Closure))
#57 C:/Users/DELL/Downloads/Ascend AI/vendor/laravel/framework/src/Illuminate/Http/Middleware/ValidatePathEncoding.php(28): Illuminate/Pipeline/Pipeline->Illuminate/Pipeline/{closure}(Object(Illuminate/Http/Request))
#58 C:/Users/DELL/Downloads/Ascend AI/vendor/laravel/framework/src/Illuminate/Pipeline/Pipeline.php(219): Illuminate/Http/Middleware/ValidatePathEncoding->handle(Object(Illuminate/Http/Request), Object(Closure))
#59 C:/Users/DELL/Downloads/Ascend AI/vendor/laravel/framework/src/Illuminate/Pipeline/Pipeline.php(137): Illuminate/Pipeline/Pipeline->Illuminate/Pipeline/{closure}(Object(Illuminate/Http/Request))
#60 C:/Users/DELL/Downloads/Ascend AI/vendor/laravel/framework/src/Illuminate/Foundation/Http/Kernel.php(175): Illuminate/Pipeline/Pipeline->then(Object(Closure))
#61 C:/Users/DELL/Downloads/Ascend AI/vendor/laravel/framework/src/Illuminate/Foundation/Http/Kernel.php(144): Illuminate/Foundation/Http/Kernel->sendRequestThroughRouter(Object(Illuminate/Http/Request))
#62 C:/Users/DELL/Downloads/Ascend AI/vendor/laravel/framework/src/Illuminate/Foundation/Application.php(1220): Illuminate/Foundation/Http/Kernel->handle(Object(Illuminate/Http/Request))
#63 C:/Users/DELL/Downloads/Ascend AI/public/index.php(20): Illuminate/Foundation/Application->handleRequest(Object(Illuminate/Http/Request))
#64 C:/Users/DELL/Downloads/Ascend AI/vendor/laravel/framework/src/Illuminate/Foundation/resources/server.php(23): require_once('C://Users//DELL//D...')
#65 {main}

[previous exception] [object] (PDOException(code: HY000): SQLSTATE[HY000]: General error: 1 no such table: users at C:/Users/DELL/Downloads/Ascend AI/vendor/laravel/framework/src/Illuminate/Database/Connection.php:421)
[stacktrace]
#0 C:/Users/DELL/Downloads/Ascend AI/vendor/laravel/framework/src/Illuminate/Database/Connection.php(421): PDO->prepare('select * from \"...')
#1 C:/Users/DELL/Downloads/Ascend AI/vendor/laravel/framework/src/Illuminate/Database/Connection.php(830): Illuminate/Database/Connection->Illuminate/Database/{closure}('select * from \"...', Array)
#2 C:/Users/DELL/Downloads/Ascend AI/vendor/laravel/framework/src/Illuminate/Database/Connection.php(797): Illuminate/Database/Connection->runQueryCallback('select * from \"...', Array, Object(Closure))
#3 C:/Users/DELL/Downloads/Ascend AI/vendor/laravel/framework/src/Illuminate/Database/Connection.php(412): Illuminate/Database/Connection->run('select * from \"...', Array, Object(Closure))
#4 C:/Users/DELL/Downloads/Ascend AI/vendor/laravel/framework/src/Illuminate/Database/Query/Builder.php(3562): Illuminate/Database/Connection->select('select * from \"...', Array, true, Array)
#5 C:/Users/DELL/Downloads/Ascend AI/vendor/laravel/framework/src/Illuminate/Database/Query/Builder.php(3546): Illuminate/Database/Query/Builder->runSelect()
#6 C:/Users/DELL/Downloads/Ascend AI/vendor/laravel/framework/src/Illuminate/Database/Eloquent/Builder.php(907): Illuminate/Database/Query/Builder->get(Array)
#7 C:/Users/DELL/Downloads/Ascend AI/vendor/laravel/framework/src/Illuminate/Database/Eloquent/Builder.php(889): Illuminate/Database/Eloquent/Builder->getModels(Array)
#8 C:/Users/DELL/Downloads/Ascend AI/vendor/laravel/framework/src/Illuminate/Database/Concerns/BuildsQueries.php(367): Illuminate/Database/Eloquent/Builder->get(Array)
#9 C:/Users/DELL/Downloads/Ascend AI/vendor/laravel/framework/src/Illuminate/Auth/EloquentUserProvider.php(58): Illuminate/Database/Eloquent/Builder->first()
#10 C:/Users/DELL/Downloads/Ascend AI/vendor/laravel/framework/src/Illuminate/Auth/SessionGuard.php(189): Illuminate/Auth/EloquentUserProvider->retrieveById(1)
#11 C:/Users/DELL/Downloads/Ascend AI/vendor/laravel/framework/src/Illuminate/Auth/AuthManager.php(56): Illuminate/Auth/SessionGuard->user()
#12 [internal function]: Illuminate/Auth/AuthManager->Illuminate/Auth/{closure}(NULL)
#13 C:/Users/DELL/Downloads/Ascend AI/vendor/laravel/framework/src/Illuminate/Auth/AuthServiceProvider.php(89): call_user_func(Object(Closure), NULL)
#14 [internal function]: Illuminate/Auth/AuthServiceProvider->Illuminate/Auth/{closure}(NULL)
#15 C:/Users/DELL/Downloads/Ascend AI/vendor/laravel/framework/src/Illuminate/Http/Request.php(670): call_user_func(Object(Closure), NULL)
#16 C:/Users/DELL/Downloads/Ascend AI/modules/AdminLanguages/Support/LocaleManager.php(29): Illuminate/Http/Request->user()
#17 C:/Users/DELL/Downloads/Ascend AI/modules/AdminLanguages/Http/Middleware/SetLocale.php(18): Modules/AdminLanguages/Support/LocaleManager->resolve(Object(Illuminate/Http/Request))
#18 C:/Users/DELL/Downloads/Ascend AI/vendor/laravel/framework/src/Illuminate/Pipeline/Pipeline.php(219): Modules/AdminLanguages/Http/Middleware/SetLocale->handle(Object(Illuminate/Http/Request), Object(Closure))
#19 C:/Users/DELL/Downloads/Ascend AI/vendor/laravel/framework/src/Illuminate/Routing/Middleware/SubstituteBindings.php(52): Illuminate/Pipeline/Pipeline->Illuminate/Pipeline/{closure}(Object(Illuminate/Http/Request))
#20 C:/Users/DELL/Downloads/Ascend AI/vendor/laravel/framework/src/Illuminate/Pipeline/Pipeline.php(219): Illuminate/Routing/Middleware/SubstituteBindings->handle(Object(Illuminate/Http/Request), Object(Closure))
#21 C:/Users/DELL/Downloads/Ascend AI/vendor/laravel/framework/src/Illuminate/Foundation/Http/Middleware/PreventRequestForgery.php(104): Illuminate/Pipeline/Pipeline->Illuminate/Pipeline/{closure}(Object(Illuminate/Http/Request))
#22 C:/Users/DELL/Downloads/Ascend AI/vendor/laravel/framework/src/Illuminate/Pipeline/Pipeline.php(219): Illuminate/Foundation/Http/Middleware/PreventRequestForgery->handle(Object(Illuminate/Http/Request), Object(Closure))
#23 C:/Users/DELL/Downloads/Ascend AI/vendor/laravel/framework/src/Illuminate/View/Middleware/ShareErrorsFromSession.php(48): Illuminate/Pipeline/Pipeline->Illuminate/Pipeline/{closure}(Object(Illuminate/Http/Request))
#24 C:/Users/DELL/Downloads/Ascend AI/vendor/laravel/framework/src/Illuminate/Pipeline/Pipeline.php(219): Illuminate/View/Middleware/ShareErrorsFromSession->handle(Object(Illuminate/Http/Request), Object(Closure))
#25 C:/Users/DELL/Downloads/Ascend AI/vendor/laravel/framework/src/Illuminate/Session/Middleware/StartSession.php(120): Illuminate/Pipeline/Pipeline->Illuminate/Pipeline/{closure}(Object(Illuminate/Http/Request))
#26 C:/Users/DELL/Downloads/Ascend AI/vendor/laravel/framework/src/Illuminate/Session/Middleware/StartSession.php(63): Illuminate/Session/Middleware/StartSession->handleStatefulRequest(Object(Illuminate/Http/Request), Object(Illuminate/Session/Store), Object(Closure))
#27 C:/Users/DELL/Downloads/Ascend AI/vendor/laravel/framework/src/Illuminate/Pipeline/Pipeline.php(219): Illuminate/Session/Middleware/StartSession->handle(Object(Illuminate/Http/Request), Object(Closure))
#28 C:/Users/DELL/Downloads/Ascend AI/vendor/laravel/framework/src/Illuminate/Cookie/Middleware/AddQueuedCookiesToResponse.php(36): Illuminate/Pipeline/Pipeline->Illuminate/Pipeline/{closure}(Object(Illuminate/Http/Request))
#29 C:/Users/DELL/Downloads/Ascend AI/vendor/laravel/framework/src/Illuminate/Pipeline/Pipeline.php(219): Illuminate/Cookie/Middleware/AddQueuedCookiesToResponse->handle(Object(Illuminate/Http/Request), Object(Closure))
#30 C:/Users/DELL/Downloads/Ascend AI/vendor/laravel/framework/src/Illuminate/Cookie/Middleware/EncryptCookies.php(74): Illuminate/Pipeline/Pipeline->Illuminate/Pipeline/{closure}(Object(Illuminate/Http/Request))
#31 C:/Users/DELL/Downloads/Ascend AI/vendor/laravel/framework/src/Illuminate/Pipeline/Pipeline.php(219): Illuminate/Cookie/Middleware/EncryptCookies->handle(Object(Illuminate/Http/Request), Object(Closure))
#32 C:/Users/DELL/Downloads/Ascend AI/app/Installer/Http/Middleware/PrepareInstallation.php(29): Illuminate/Pipeline/Pipeline->Illuminate/Pipeline/{closure}(Object(Illuminate/Http/Request))
#33 C:/Users/DELL/Downloads/Ascend AI/vendor/laravel/framework/src/Illuminate/Pipeline/Pipeline.php(219): App/Installer/Http/Middleware/PrepareInstallation->handle(Object(Illuminate/Http/Request), Object(Closure))
#34 C:/Users/DELL/Downloads/Ascend AI/vendor/laravel/framework/src/Illuminate/Pipeline/Pipeline.php(137): Illuminate/Pipeline/Pipeline->Illuminate/Pipeline/{closure}(Object(Illuminate/Http/Request))
#35 C:/Users/DELL/Downloads/Ascend AI/vendor/laravel/framework/src/Illuminate/Routing/Router.php(821): Illuminate/Pipeline/Pipeline->then(Object(Closure))
#36 C:/Users/DELL/Downloads/Ascend AI/vendor/laravel/framework/src/Illuminate/Routing/Router.php(800): Illuminate/Routing/Router->runRouteWithinStack(Object(Illuminate/Routing/Route), Object(Illuminate/Http/Request))
#37 C:/Users/DELL/Downloads/Ascend AI/vendor/laravel/framework/src/Illuminate/Routing/Router.php(764): Illuminate/Routing/Router->runRoute(Object(Illuminate/Http/Request), Object(Illuminate/Routing/Route))
#38 C:/Users/DELL/Downloads/Ascend AI/vendor/laravel/framework/src/Illuminate/Routing/Router.php(753): Illuminate/Routing/Router->dispatchToRoute(Object(Illuminate/Http/Request))
#39 C:/Users/DELL/Downloads/Ascend AI/vendor/laravel/framework/src/Illuminate/Foundation/Http/Kernel.php(200): Illuminate/Routing/Router->dispatch(Object(Illuminate/Http/Request))
#40 C:/Users/DELL/Downloads/Ascend AI/vendor/laravel/framework/src/Illuminate/Pipeline/Pipeline.php(180): Illuminate/Foundation/Http/Kernel->Illuminate/Foundation/Http/{closure}(Object(Illuminate/Http/Request))
#41 C:/Users/DELL/Downloads/Ascend AI/vendor/livewire/livewire/src/Features/SupportDisablingBackButtonCache/DisableBackButtonCacheMiddleware.php(19): Illuminate/Pipeline/Pipeline->Illuminate/Pipeline/{closure}(Object(Illuminate/Http/Request))
#42 C:/Users/DELL/Downloads/Ascend AI/vendor/laravel/framework/src/Illuminate/Pipeline/Pipeline.php(219): Livewire/Features/SupportDisablingBackButtonCache/DisableBackButtonCacheMiddleware->handle(Object(Illuminate/Http/Request), Object(Closure))
#43 C:/Users/DELL/Downloads/Ascend AI/vendor/laravel/framework/src/Illuminate/Foundation/Http/Middleware/TransformsRequest.php(21): Illuminate/Pipeline/Pipeline->Illuminate/Pipeline/{closure}(Object(Illuminate/Http/Request))
#44 C:/Users/DELL/Downloads/Ascend AI/vendor/laravel/framework/src/Illuminate/Foundation/Http/Middleware/ConvertEmptyStringsToNull.php(31): Illuminate/Foundation/Http/Middleware/TransformsRequest->handle(Object(Illuminate/Http/Request), Object(Closure))
#45 C:/Users/DELL/Downloads/Ascend AI/vendor/laravel/framework/src/Illuminate/Pipeline/Pipeline.php(219): Illuminate/Foundation/Http/Middleware/ConvertEmptyStringsToNull->handle(Object(Illuminate/Http/Request), Object(Closure))
#46 C:/Users/DELL/Downloads/Ascend AI/vendor/laravel/framework/src/Illuminate/Foundation/Http/Middleware/TransformsRequest.php(21): Illuminate/Pipeline/Pipeline->Illuminate/Pipeline/{closure}(Object(Illuminate/Http/Request))
#47 C:/Users/DELL/Downloads/Ascend AI/vendor/laravel/framework/src/Illuminate/Foundation/Http/Middleware/TrimStrings.php(51): Illuminate/Foundation/Http/Middleware/TransformsRequest->handle(Object(Illuminate/Http/Request), Object(Closure))
#48 C:/Users/DELL/Downloads/Ascend AI/vendor/laravel/framework/src/Illuminate/Pipeline/Pipeline.php(219): Illuminate/Foundation/Http/Middleware/TrimStrings->handle(Object(Illuminate/Http/Request), Object(Closure))
#49 C:/Users/DELL/Downloads/Ascend AI/vendor/laravel/framework/src/Illuminate/Http/Middleware/ValidatePostSize.php(27): Illuminate/Pipeline/Pipeline->Illuminate/Pipeline/{closure}(Object(Illuminate/Http/Request))
#50 C:/Users/DELL/Downloads/Ascend AI/vendor/laravel/framework/src/Illuminate/Pipeline/Pipeline.php(219): Illuminate/Http/Middleware/ValidatePostSize->handle(Object(Illuminate/Http/Request), Object(Closure))
#51 C:/Users/DELL/Downloads/Ascend AI/vendor/laravel/framework/src/Illuminate/Foundation/Http/Middleware/PreventRequestsDuringMaintenance.php(109): Illuminate/Pipeline/Pipeline->Illuminate/Pipeline/{closure}(Object(Illuminate/Http/Request))
#52 C:/Users/DELL/Downloads/Ascend AI/vendor/laravel/framework/src/Illuminate/Pipeline/Pipeline.php(219): Illuminate/Foundation/Http/Middleware/PreventRequestsDuringMaintenance->handle(Object(Illuminate/Http/Request), Object(Closure))
#53 C:/Users/DELL/Downloads/Ascend AI/vendor/laravel/framework/src/Illuminate/Http/Middleware/HandleCors.php(61): Illuminate/Pipeline/Pipeline->Illuminate/Pipeline/{closure}(Object(Illuminate/Http/Request))
#54 C:/Users/DELL/Downloads/Ascend AI/vendor/laravel/framework/src/Illuminate/Pipeline/Pipeline.php(219): Illuminate/Http/Middleware/HandleCors->handle(Object(Illuminate/Http/Request), Object(Closure))
#55 C:/Users/DELL/Downloads/Ascend AI/vendor/laravel/framework/src/Illuminate/Http/Middleware/TrustProxies.php(58): Illuminate/Pipeline/Pipeline->Illuminate/Pipeline/{closure}(Object(Illuminate/Http/Request))
#56 C:/Users/DELL/Downloads/Ascend AI/vendor/laravel/framework/src/Illuminate/Pipeline/Pipeline.php(219): Illuminate/Http/Middleware/TrustProxies->handle(Object(Illuminate/Http/Request), Object(Closure))
#57 C:/Users/DELL/Downloads/Ascend AI/vendor/laravel/framework/src/Illuminate/Foundation/Http/Middleware/InvokeDeferredCallbacks.php(22): Illuminate/Pipeline/Pipeline->Illuminate/Pipeline/{closure}(Object(Illuminate/Http/Request))
#58 C:/Users/DELL/Downloads/Ascend AI/vendor/laravel/framework/src/Illuminate/Pipeline/Pipeline.php(219): Illuminate/Foundation/Http/Middleware/InvokeDeferredCallbacks->handle(Object(Illuminate/Http/Request), Object(Closure))
#59 C:/Users/DELL/Downloads/Ascend AI/vendor/laravel/framework/src/Illuminate/Http/Middleware/ValidatePathEncoding.php(28): Illuminate/Pipeline/Pipeline->Illuminate/Pipeline/{closure}(Object(Illuminate/Http/Request))
#60 C:/Users/DELL/Downloads/Ascend AI/vendor/laravel/framework/src/Illuminate/Pipeline/Pipeline.php(219): Illuminate/Http/Middleware/ValidatePathEncoding->handle(Object(Illuminate/Http/Request), Object(Closure))
#61 C:/Users/DELL/Downloads/Ascend AI/vendor/laravel/framework/src/Illuminate/Pipeline/Pipeline.php(137): Illuminate/Pipeline/Pipeline->Illuminate/Pipeline/{closure}(Object(Illuminate/Http/Request))
#62 C:/Users/DELL/Downloads/Ascend AI/vendor/laravel/framework/src/Illuminate/Foundation/Http/Kernel.php(175): Illuminate/Pipeline/Pipeline->then(Object(Closure))
#63 C:/Users/DELL/Downloads/Ascend AI/vendor/laravel/framework/src/Illuminate/Foundation/Http/Kernel.php(144): Illuminate/Foundation/Http/Kernel->sendRequestThroughRouter(Object(Illuminate/Http/Request))
#64 C:/Users/DELL/Downloads/Ascend AI/vendor/laravel/framework/src/Illuminate/Foundation/Application.php(1220): Illuminate/Foundation/Http/Kernel->handle(Object(Illuminate/Http/Request))
#65 C:/Users/DELL/Downloads/Ascend AI/public/index.php(20): Illuminate/Foundation/Application->handleRequest(Object(Illuminate/Http/Request))
#66 C:/Users/DELL/Downloads/Ascend AI/vendor/laravel/framework/src/Illuminate/Foundation/resources/server.php(23): require_once('C://Users//DELL//D...')
#67 {main}
"} 
[2026-08-09 14:06:33] local.ERROR: SQLSTATE[HY000]: General error: 1 no such table: users (Connection: sqlite, Database: database/database.sqlite, SQL: select * from "users" where "id" = 1 limit 1) {"exception":"[object] (Illuminate\\Database\\QueryException(code: HY000): SQLSTATE[HY000]: General error: 1 no such table: users (Connection: sqlite, Database: database/database.sqlite, SQL: select * from \"users\" where \"id\" = 1 limit 1) at C:/Users/DELL/Downloads/Ascend AI/vendor/laravel/framework/src/Illuminate/Database/Connection.php:841)
[stacktrace]
#0 C:/Users/DELL/Downloads/Ascend AI/vendor/laravel/framework/src/Illuminate/Database/Connection.php(797): Illuminate/Database/Connection->runQueryCallback('select * from \"...', Array, Object(Closure))
#1 C:/Users/DELL/Downloads/Ascend AI/vendor/laravel/framework/src/Illuminate/Database/Connection.php(412): Illuminate/Database/Connection->run('select * from \"...', Array, Object(Closure))
#2 C:/Users/DELL/Downloads/Ascend AI/vendor/laravel/framework/src/Illuminate/Database/Query/Builder.php(3562): Illuminate/Database/Connection->select('select * from \"...', Array, true, Array)
#3 C:/Users/DELL/Downloads/Ascend AI/vendor/laravel/framework/src/Illuminate/Database/Query/Builder.php(3546): Illuminate/Database/Query/Builder->runSelect()
#4 C:/Users/DELL/Downloads/Ascend AI/vendor/laravel/framework/src/Illuminate/Database/Eloquent/Builder.php(907): Illuminate/Database/Query/Builder->get(Array)
#5 C:/Users/DELL/Downloads/Ascend AI/vendor/laravel/framework/src/Illuminate/Database/Eloquent/Builder.php(889): Illuminate/Database/Eloquent/Builder->getModels(Array)
#6 C:/Users/DELL/Downloads/Ascend AI/vendor/laravel/framework/src/Illuminate/Database/Concerns/BuildsQueries.php(367): Illuminate/Database/Eloquent/Builder->get(Array)
#7 C:/Users/DELL/Downloads/Ascend AI/vendor/laravel/framework/src/Illuminate/Auth/EloquentUserProvider.php(58): Illuminate/Database/Eloquent/Builder->first()
#8 C:/Users/DELL/Downloads/Ascend AI/vendor/laravel/framework/src/Illuminate/Auth/SessionGuard.php(189): Illuminate/Auth/EloquentUserProvider->retrieveById(1)
#9 C:/Users/DELL/Downloads/Ascend AI/vendor/laravel/framework/src/Illuminate/Auth/AuthManager.php(56): Illuminate/Auth/SessionGuard->user()
#10 [internal function]: Illuminate/Auth/AuthManager->Illuminate/Auth/{closure}(NULL)
#11 C:/Users/DELL/Downloads/Ascend AI/vendor/laravel/framework/src/Illuminate/Auth/AuthServiceProvider.php(89): call_user_func(Object(Closure), NULL)
#12 [internal function]: Illuminate/Auth/AuthServiceProvider->Illuminate/Auth/{closure}(NULL)
#13 C:/Users/DELL/Downloads/Ascend AI/vendor/laravel/framework/src/Illuminate/Http/Request.php(670): call_user_func(Object(Closure), NULL)
#14 C:/Users/DELL/Downloads/Ascend AI/modules/AdminLanguages/Support/LocaleManager.php(29): Illuminate/Http/Request->user()
#15 C:/Users/DELL/Downloads/Ascend AI/modules/AdminLanguages/Http/Middleware/SetLocale.php(18): Modules/AdminLanguages/Support/LocaleManager->resolve(Object(Illuminate/Http/Request))
#16 C:/Users/DELL/Downloads/Ascend AI/vendor/laravel/framework/src/Illuminate/Pipeline/Pipeline.php(219): Modules/AdminLanguages/Http/Middleware/SetLocale->handle(Object(Illuminate/Http/Request), Object(Closure))
#17 C:/Users/DELL/Downloads/Ascend AI/vendor/laravel/framework/src/Illuminate/Routing/Middleware/SubstituteBindings.php(52): Illuminate/Pipeline/Pipeline->Illuminate/Pipeline/{closure}(Object(Illuminate/Http/Request))
#18 C:/Users/DELL/Downloads/Ascend AI/vendor/laravel/framework/src/Illuminate/Pipeline/Pipeline.php(219): Illuminate/Routing/Middleware/SubstituteBindings->handle(Object(Illuminate/Http/Request), Object(Closure))
#19 C:/Users/DELL/Downloads/Ascend AI/vendor/laravel/framework/src/Illuminate/Foundation/Http/Middleware/PreventRequestForgery.php(104): Illuminate/Pipeline/Pipeline->Illuminate/Pipeline/{closure}(Object(Illuminate/Http/Request))
#20 C:/Users/DELL/Downloads/Ascend AI/vendor/laravel/framework/src/Illuminate/Pipeline/Pipeline.php(219): Illuminate/Foundation/Http/Middleware/PreventRequestForgery->handle(Object(Illuminate/Http/Request), Object(Closure))
#21 C:/Users/DELL/Downloads/Ascend AI/vendor/laravel/framework/src/Illuminate/View/Middleware/ShareErrorsFromSession.php(48): Illuminate/Pipeline/Pipeline->Illuminate/Pipeline/{closure}(Object(Illuminate/Http/Request))
#22 C:/Users/DELL/Downloads/Ascend AI/vendor/laravel/framework/src/Illuminate/Pipeline/Pipeline.php(219): Illuminate/View/Middleware/ShareErrorsFromSession->handle(Object(Illuminate/Http/Request), Object(Closure))
#23 C:/Users/DELL/Downloads/Ascend AI/vendor/laravel/framework/src/Illuminate/Session/Middleware/StartSession.php(120): Illuminate/Pipeline/Pipeline->Illuminate/Pipeline/{closure}(Object(Illuminate/Http/Request))
#24 C:/Users/DELL/Downloads/Ascend AI/vendor/laravel/framework/src/Illuminate/Session/Middleware/StartSession.php(63): Illuminate/Session/Middleware/StartSession->handleStatefulRequest(Object(Illuminate/Http/Request), Object(Illuminate/Session/Store), Object(Closure))
#25 C:/Users/DELL/Downloads/Ascend AI/vendor/laravel/framework/src/Illuminate/Pipeline/Pipeline.php(219): Illuminate/Session/Middleware/StartSession->handle(Object(Illuminate/Http/Request), Object(Closure))
#26 C:/Users/DELL/Downloads/Ascend AI/vendor/laravel/framework/src/Illuminate/Cookie/Middleware/AddQueuedCookiesToResponse.php(36): Illuminate/Pipeline/Pipeline->Illuminate/Pipeline/{closure}(Object(Illuminate/Http/Request))
#27 C:/Users/DELL/Downloads/Ascend AI/vendor/laravel/framework/src/Illuminate/Pipeline/Pipeline.php(219): Illuminate/Cookie/Middleware/AddQueuedCookiesToResponse->handle(Object(Illuminate/Http/Request), Object(Closure))
#28 C:/Users/DELL/Downloads/Ascend AI/vendor/laravel/framework/src/Illuminate/Cookie/Middleware/EncryptCookies.php(74): Illuminate/Pipeline/Pipeline->Illuminate/Pipeline/{closure}(Object(Illuminate/Http/Request))
#29 C:/Users/DELL/Downloads/Ascend AI/vendor/laravel/framework/src/Illuminate/Pipeline/Pipeline.php(219): Illuminate/Cookie/Middleware/EncryptCookies->handle(Object(Illuminate/Http/Request), Object(Closure))
#30 C:/Users/DELL/Downloads/Ascend AI/app/Installer/Http/Middleware/PrepareInstallation.php(29): Illuminate/Pipeline/Pipeline->Illuminate/Pipeline/{closure}(Object(Illuminate/Http/Request))
#31 C:/Users/DELL/Downloads/Ascend AI/vendor/laravel/framework/src/Illuminate/Pipeline/Pipeline.php(219): App/Installer/Http/Middleware/PrepareInstallation->handle(Object(Illuminate/Http/Request), Object(Closure))
#32 C:/Users/DELL/Downloads/Ascend AI/vendor/laravel/framework/src/Illuminate/Pipeline/Pipeline.php(137): Illuminate/Pipeline/Pipeline->Illuminate/Pipeline/{closure}(Object(Illuminate/Http/Request))
#33 C:/Users/DELL/Downloads/Ascend AI/vendor/laravel/framework/src/Illuminate/Routing/Router.php(821): Illuminate/Pipeline/Pipeline->then(Object(Closure))
#34 C:/Users/DELL/Downloads/Ascend AI/vendor/laravel/framework/src/Illuminate/Routing/Router.php(800): Illuminate/Routing/Router->runRouteWithinStack(Object(Illuminate/Routing/Route), Object(Illuminate/Http/Request))
#35 C:/Users/DELL/Downloads/Ascend AI/vendor/laravel/framework/src/Illuminate/Routing/Router.php(764): Illuminate/Routing/Router->runRoute(Object(Illuminate/Http/Request), Object(Illuminate/Routing/Route))
#36 C:/Users/DELL/Downloads/Ascend AI/vendor/laravel/framework/src/Illuminate/Routing/Router.php(753): Illuminate/Routing/Router->dispatchToRoute(Object(Illuminate/Http/Request))
#37 C:/Users/DELL/Downloads/Ascend AI/vendor/laravel/framework/src/Illuminate/Foundation/Http/Kernel.php(200): Illuminate/Routing/Router->dispatch(Object(Illuminate/Http/Request))
#38 C:/Users/DELL/Downloads/Ascend AI/vendor/laravel/framework/src/Illuminate/Pipeline/Pipeline.php(180): Illuminate/Foundation/Http/Kernel->Illuminate/Foundation/Http/{closure}(Object(Illuminate/Http/Request))
#39 C:/Users/DELL/Downloads/Ascend AI/vendor/livewire/livewire/src/Features/SupportDisablingBackButtonCache/DisableBackButtonCacheMiddleware.php(19): Illuminate/Pipeline/Pipeline->Illuminate/Pipeline/{closure}(Object(Illuminate/Http/Request))
#40 C:/Users/DELL/Downloads/Ascend AI/vendor/laravel/framework/src/Illuminate/Pipeline/Pipeline.php(219): Livewire/Features/SupportDisablingBackButtonCache/DisableBackButtonCacheMiddleware->handle(Object(Illuminate/Http/Request), Object(Closure))
#41 C:/Users/DELL/Downloads/Ascend AI/vendor/laravel/framework/src/Illuminate/Foundation/Http/Middleware/TransformsRequest.php(21): Illuminate/Pipeline/Pipeline->Illuminate/Pipeline/{closure}(Object(Illuminate/Http/Request))
#42 C:/Users/DELL/Downloads/Ascend AI/vendor/laravel/framework/src/Illuminate/Foundation/Http/Middleware/ConvertEmptyStringsToNull.php(31): Illuminate/Foundation/Http/Middleware/TransformsRequest->handle(Object(Illuminate/Http/Request), Object(Closure))
#43 C:/Users/DELL/Downloads/Ascend AI/vendor/laravel/framework/src/Illuminate/Pipeline/Pipeline.php(219): Illuminate/Foundation/Http/Middleware/ConvertEmptyStringsToNull->handle(Object(Illuminate/Http/Request), Object(Closure))
#44 C:/Users/DELL/Downloads/Ascend AI/vendor/laravel/framework/src/Illuminate/Foundation/Http/Middleware/TransformsRequest.php(21): Illuminate/Pipeline/Pipeline->Illuminate/Pipeline/{closure}(Object(Illuminate/Http/Request))
#45 C:/Users/DELL/Downloads/Ascend AI/vendor/laravel/framework/src/Illuminate/Foundation/Http/Middleware/TrimStrings.php(51): Illuminate/Foundation/Http/Middleware/TransformsRequest->handle(Object(Illuminate/Http/Request), Object(Closure))
#46 C:/Users/DELL/Downloads/Ascend AI/vendor/laravel/framework/src/Illuminate/Pipeline/Pipeline.php(219): Illuminate/Foundation/Http/Middleware/TrimStrings->handle(Object(Illuminate/Http/Request), Object(Closure))
#47 C:/Users/DELL/Downloads/Ascend AI/vendor/laravel/framework/src/Illuminate/Http/Middleware/ValidatePostSize.php(27): Illuminate/Pipeline/Pipeline->Illuminate/Pipeline/{closure}(Object(Illuminate/Http/Request))
#48 C:/Users/DELL/Downloads/Ascend AI/vendor/laravel/framework/src/Illuminate/Pipeline/Pipeline.php(219): Illuminate/Http/Middleware/ValidatePostSize->handle(Object(Illuminate/Http/Request), Object(Closure))
#49 C:/Users/DELL/Downloads/Ascend AI/vendor/laravel/framework/src/Illuminate/Foundation/Http/Middleware/PreventRequestsDuringMaintenance.php(109): Illuminate/Pipeline/Pipeline->Illuminate/Pipeline/{closure}(Object(Illuminate/Http/Request))
#50 C:/Users/DELL/Downloads/Ascend AI/vendor/laravel/framework/src/Illuminate/Pipeline/Pipeline.php(219): Illuminate/Foundation/Http/Middleware/PreventRequestsDuringMaintenance->handle(Object(Illuminate/Http/Request), Object(Closure))
#51 C:/Users/DELL/Downloads/Ascend AI/vendor/laravel/framework/src/Illuminate/Http/Middleware/HandleCors.php(61): Illuminate/Pipeline/Pipeline->Illuminate/Pipeline/{closure}(Object(Illuminate/Http/Request))
#52 C:/Users/DELL/Downloads/Ascend AI/vendor/laravel/framework/src/Illuminate/Pipeline/Pipeline.php(219): Illuminate/Http/Middleware/HandleCors->handle(Object(Illuminate/Http/Request), Object(Closure))
#53 C:/Users/DELL/Downloads/Ascend AI/vendor/laravel/framework/src/Illuminate/Http/Middleware/TrustProxies.php(58): Illuminate/Pipeline/Pipeline->Illuminate/Pipeline/{closure}(Object(Illuminate/Http/Request))
#54 C:/Users/DELL/Downloads/Ascend AI/vendor/laravel/framework/src/Illuminate/Pipeline/Pipeline.php(219): Illuminate/Http/Middleware/TrustProxies->handle(Object(Illuminate/Http/Request), Object(Closure))
#55 C:/Users/DELL/Downloads/Ascend AI/vendor/laravel/framework/src/Illuminate/Foundation/Http/Middleware/InvokeDeferredCallbacks.php(22): Illuminate/Pipeline/Pipeline->Illuminate/Pipeline/{closure}(Object(Illuminate/Http/Request))
#56 C:/Users/DELL/Downloads/Ascend AI/vendor/laravel/framework/src/Illuminate/Pipeline/Pipeline.php(219): Illuminate/Foundation/Http/Middleware/InvokeDeferredCallbacks->handle(Object(Illuminate/Http/Request), Object(Closure))
#57 C:/Users/DELL/Downloads/Ascend AI/vendor/laravel/framework/src/Illuminate/Http/Middleware/ValidatePathEncoding.php(28): Illuminate/Pipeline/Pipeline->Illuminate/Pipeline/{closure}(Object(Illuminate/Http/Request))
#58 C:/Users/DELL/Downloads/Ascend AI/vendor/laravel/framework/src/Illuminate/Pipeline/Pipeline.php(219): Illuminate/Http/Middleware/ValidatePathEncoding->handle(Object(Illuminate/Http/Request), Object(Closure))
#59 C:/Users/DELL/Downloads/Ascend AI/vendor/laravel/framework/src/Illuminate/Pipeline/Pipeline.php(137): Illuminate/Pipeline/Pipeline->Illuminate/Pipeline/{closure}(Object(Illuminate/Http/Request))
#60 C:/Users/DELL/Downloads/Ascend AI/vendor/laravel/framework/src/Illuminate/Foundation/Http/Kernel.php(175): Illuminate/Pipeline/Pipeline->then(Object(Closure))
#61 C:/Users/DELL/Downloads/Ascend AI/vendor/laravel/framework/src/Illuminate/Foundation/Http/Kernel.php(144): Illuminate/Foundation/Http/Kernel->sendRequestThroughRouter(Object(Illuminate/Http/Request))
#62 C:/Users/DELL/Downloads/Ascend AI/vendor/laravel/framework/src/Illuminate/Foundation/Application.php(1220): Illuminate/Foundation/Http/Kernel->handle(Object(Illuminate/Http/Request))
#63 C:/Users/DELL/Downloads/Ascend AI/public/index.php(20): Illuminate/Foundation/Application->handleRequest(Object(Illuminate/Http/Request))
#64 C:/Users/DELL/Downloads/Ascend AI/vendor/laravel/framework/src/Illuminate/Foundation/resources/server.php(23): require_once('C://Users//DELL//D...')
#65 {main}

[previous exception] [object] (PDOException(code: HY000): SQLSTATE[HY000]: General error: 1 no such table: users at C:/Users/DELL/Downloads/Ascend AI/vendor/laravel/framework/src/Illuminate/Database/Connection.php:421)
[stacktrace]
#0 C:/Users/DELL/Downloads/Ascend AI/vendor/laravel/framework/src/Illuminate/Database/Connection.php(421): PDO->prepare('select * from \"...')
#1 C:/Users/DELL/Downloads/Ascend AI/vendor/laravel/framework/src/Illuminate/Database/Connection.php(830): Illuminate/Database/Connection->Illuminate/Database/{closure}('select * from \"...', Array)
#2 C:/Users/DELL/Downloads/Ascend AI/vendor/laravel/framework/src/Illuminate/Database/Connection.php(797): Illuminate/Database/Connection->runQueryCallback('select * from \"...', Array, Object(Closure))
#3 C:/Users/DELL/Downloads/Ascend AI/vendor/laravel/framework/src/Illuminate/Database/Connection.php(412): Illuminate/Database/Connection->run('select * from \"...', Array, Object(Closure))
#4 C:/Users/DELL/Downloads/Ascend AI/vendor/laravel/framework/src/Illuminate/Database/Query/Builder.php(3562): Illuminate/Database/Connection->select('select * from \"...', Array, true, Array)
#5 C:/Users/DELL/Downloads/Ascend AI/vendor/laravel/framework/src/Illuminate/Database/Query/Builder.php(3546): Illuminate/Database/Query/Builder->runSelect()
#6 C:/Users/DELL/Downloads/Ascend AI/vendor/laravel/framework/src/Illuminate/Database/Eloquent/Builder.php(907): Illuminate/Database/Query/Builder->get(Array)
#7 C:/Users/DELL/Downloads/Ascend AI/vendor/laravel/framework/src/Illuminate/Database/Eloquent/Builder.php(889): Illuminate/Database/Eloquent/Builder->getModels(Array)
#8 C:/Users/DELL/Downloads/Ascend AI/vendor/laravel/framework/src/Illuminate/Database/Concerns/BuildsQueries.php(367): Illuminate/Database/Eloquent/Builder->get(Array)
#9 C:/Users/DELL/Downloads/Ascend AI/vendor/laravel/framework/src/Illuminate/Auth/EloquentUserProvider.php(58): Illuminate/Database/Eloquent/Builder->first()
#10 C:/Users/DELL/Downloads/Ascend AI/vendor/laravel/framework/src/Illuminate/Auth/SessionGuard.php(189): Illuminate/Auth/EloquentUserProvider->retrieveById(1)
#11 C:/Users/DELL/Downloads/Ascend AI/vendor/laravel/framework/src/Illuminate/Auth/AuthManager.php(56): Illuminate/Auth/SessionGuard->user()
#12 [internal function]: Illuminate/Auth/AuthManager->Illuminate/Auth/{closure}(NULL)
#13 C:/Users/DELL/Downloads/Ascend AI/vendor/laravel/framework/src/Illuminate/Auth/AuthServiceProvider.php(89): call_user_func(Object(Closure), NULL)
#14 [internal function]: Illuminate/Auth/AuthServiceProvider->Illuminate/Auth/{closure}(NULL)
#15 C:/Users/DELL/Downloads/Ascend AI/vendor/laravel/framework/src/Illuminate/Http/Request.php(670): call_user_func(Object(Closure), NULL)
#16 C:/Users/DELL/Downloads/Ascend AI/modules/AdminLanguages/Support/LocaleManager.php(29): Illuminate/Http/Request->user()
#17 C:/Users/DELL/Downloads/Ascend AI/modules/AdminLanguages/Http/Middleware/SetLocale.php(18): Modules/AdminLanguages/Support/LocaleManager->resolve(Object(Illuminate/Http/Request))
#18 C:/Users/DELL/Downloads/Ascend AI/vendor/laravel/framework/src/Illuminate/Pipeline/Pipeline.php(219): Modules/AdminLanguages/Http/Middleware/SetLocale->handle(Object(Illuminate/Http/Request), Object(Closure))
#19 C:/Users/DELL/Downloads/Ascend AI/vendor/laravel/framework/src/Illuminate/Routing/Middleware/SubstituteBindings.php(52): Illuminate/Pipeline/Pipeline->Illuminate/Pipeline/{closure}(Object(Illuminate/Http/Request))
#20 C:/Users/DELL/Downloads/Ascend AI/vendor/laravel/framework/src/Illuminate/Pipeline/Pipeline.php(219): Illuminate/Routing/Middleware/SubstituteBindings->handle(Object(Illuminate/Http/Request), Object(Closure))
#21 C:/Users/DELL/Downloads/Ascend AI/vendor/laravel/framework/src/Illuminate/Foundation/Http/Middleware/PreventRequestForgery.php(104): Illuminate/Pipeline/Pipeline->Illuminate/Pipeline/{closure}(Object(Illuminate/Http/Request))
#22 C:/Users/DELL/Downloads/Ascend AI/vendor/laravel/framework/src/Illuminate/Pipeline/Pipeline.php(219): Illuminate/Foundation/Http/Middleware/PreventRequestForgery->handle(Object(Illuminate/Http/Request), Object(Closure))
#23 C:/Users/DELL/Downloads/Ascend AI/vendor/laravel/framework/src/Illuminate/View/Middleware/ShareErrorsFromSession.php(48): Illuminate/Pipeline/Pipeline->Illuminate/Pipeline/{closure}(Object(Illuminate/Http/Request))
#24 C:/Users/DELL/Downloads/Ascend AI/vendor/laravel/framework/src/Illuminate/Pipeline/Pipeline.php(219): Illuminate/View/Middleware/ShareErrorsFromSession->handle(Object(Illuminate/Http/Request), Object(Closure))
#25 C:/Users/DELL/Downloads/Ascend AI/vendor/laravel/framework/src/Illuminate/Session/Middleware/StartSession.php(120): Illuminate/Pipeline/Pipeline->Illuminate/Pipeline/{closure}(Object(Illuminate/Http/Request))
#26 C:/Users/DELL/Downloads/Ascend AI/vendor/laravel/framework/src/Illuminate/Session/Middleware/StartSession.php(63): Illuminate/Session/Middleware/StartSession->handleStatefulRequest(Object(Illuminate/Http/Request), Object(Illuminate/Session/Store), Object(Closure))
#27 C:/Users/DELL/Downloads/Ascend AI/vendor/laravel/framework/src/Illuminate/Pipeline/Pipeline.php(219): Illuminate/Session/Middleware/StartSession->handle(Object(Illuminate/Http/Request), Object(Closure))
#28 C:/Users/DELL/Downloads/Ascend AI/vendor/laravel/framework/src/Illuminate/Cookie/Middleware/AddQueuedCookiesToResponse.php(36): Illuminate/Pipeline/Pipeline->Illuminate/Pipeline/{closure}(Object(Illuminate/Http/Request))
#29 C:/Users/DELL/Downloads/Ascend AI/vendor/laravel/framework/src/Illuminate/Pipeline/Pipeline.php(219): Illuminate/Cookie/Middleware/AddQueuedCookiesToResponse->handle(Object(Illuminate/Http/Request), Object(Closure))
#30 C:/Users/DELL/Downloads/Ascend AI/vendor/laravel/framework/src/Illuminate/Cookie/Middleware/EncryptCookies.php(74): Illuminate/Pipeline/Pipeline->Illuminate/Pipeline/{closure}(Object(Illuminate/Http/Request))
#31 C:/Users/DELL/Downloads/Ascend AI/vendor/laravel/framework/src/Illuminate/Pipeline/Pipeline.php(219): Illuminate/Cookie/Middleware/EncryptCookies->handle(Object(Illuminate/Http/Request), Object(Closure))
#32 C:/Users/DELL/Downloads/Ascend AI/app/Installer/Http/Middleware/PrepareInstallation.php(29): Illuminate/Pipeline/Pipeline->Illuminate/Pipeline/{closure}(Object(Illuminate/Http/Request))
#33 C:/Users/DELL/Downloads/Ascend AI/vendor/laravel/framework/src/Illuminate/Pipeline/Pipeline.php(219): App/Installer/Http/Middleware/PrepareInstallation->handle(Object(Illuminate/Http/Request), Object(Closure))
#34 C:/Users/DELL/Downloads/Ascend AI/vendor/laravel/framework/src/Illuminate/Pipeline/Pipeline.php(137): Illuminate/Pipeline/Pipeline->Illuminate/Pipeline/{closure}(Object(Illuminate/Http/Request))
#35 C:/Users/DELL/Downloads/Ascend AI/vendor/laravel/framework/src/Illuminate/Routing/Router.php(821): Illuminate/Pipeline/Pipeline->then(Object(Closure))
#36 C:/Users/DELL/Downloads/Ascend AI/vendor/laravel/framework/src/Illuminate/Routing/Router.php(800): Illuminate/Routing/Router->runRouteWithinStack(Object(Illuminate/Routing/Route), Object(Illuminate/Http/Request))
#37 C:/Users/DELL/Downloads/Ascend AI/vendor/laravel/framework/src/Illuminate/Routing/Router.php(764): Illuminate/Routing/Router->runRoute(Object(Illuminate/Http/Request), Object(Illuminate/Routing/Route))
#38 C:/Users/DELL/Downloads/Ascend AI/vendor/laravel/framework/src/Illuminate/Routing/Router.php(753): Illuminate/Routing/Router->dispatchToRoute(Object(Illuminate/Http/Request))
#39 C:/Users/DELL/Downloads/Ascend AI/vendor/laravel/framework/src/Illuminate/Foundation/Http/Kernel.php(200): Illuminate/Routing/Router->dispatch(Object(Illuminate/Http/Request))
#40 C:/Users/DELL/Downloads/Ascend AI/vendor/laravel/framework/src/Illuminate/Pipeline/Pipeline.php(180): Illuminate/Foundation/Http/Kernel->Illuminate/Foundation/Http/{closure}(Object(Illuminate/Http/Request))
#41 C:/Users/DELL/Downloads/Ascend AI/vendor/livewire/livewire/src/Features/SupportDisablingBackButtonCache/DisableBackButtonCacheMiddleware.php(19): Illuminate/Pipeline/Pipeline->Illuminate/Pipeline/{closure}(Object(Illuminate/Http/Request))
#42 C:/Users/DELL/Downloads/Ascend AI/vendor/laravel/framework/src/Illuminate/Pipeline/Pipeline.php(219): Livewire/Features/SupportDisablingBackButtonCache/DisableBackButtonCacheMiddleware->handle(Object(Illuminate/Http/Request), Object(Closure))
#43 C:/Users/DELL/Downloads/Ascend AI/vendor/laravel/framework/src/Illuminate/Foundation/Http/Middleware/TransformsRequest.php(21): Illuminate/Pipeline/Pipeline->Illuminate/Pipeline/{closure}(Object(Illuminate/Http/Request))
#44 C:/Users/DELL/Downloads/Ascend AI/vendor/laravel/framework/src/Illuminate/Foundation/Http/Middleware/ConvertEmptyStringsToNull.php(31): Illuminate/Foundation/Http/Middleware/TransformsRequest->handle(Object(Illuminate/Http/Request), Object(Closure))
#45 C:/Users/DELL/Downloads/Ascend AI/vendor/laravel/framework/src/Illuminate/Pipeline/Pipeline.php(219): Illuminate/Foundation/Http/Middleware/ConvertEmptyStringsToNull->handle(Object(Illuminate/Http/Request), Object(Closure))
#46 C:/Users/DELL/Downloads/Ascend AI/vendor/laravel/framework/src/Illuminate/Foundation/Http/Middleware/TransformsRequest.php(21): Illuminate/Pipeline/Pipeline->Illuminate/Pipeline/{closure}(Object(Illuminate/Http/Request))
#47 C:/Users/DELL/Downloads/Ascend AI/vendor/laravel/framework/src/Illuminate/Foundation/Http/Middleware/TrimStrings.php(51): Illuminate/Foundation/Http/Middleware/TransformsRequest->handle(Object(Illuminate/Http/Request), Object(Closure))
#48 C:/Users/DELL/Downloads/Ascend AI/vendor/laravel/framework/src/Illuminate/Pipeline/Pipeline.php(219): Illuminate/Foundation/Http/Middleware/TrimStrings->handle(Object(Illuminate/Http/Request), Object(Closure))
#49 C:/Users/DELL/Downloads/Ascend AI/vendor/laravel/framework/src/Illuminate/Http/Middleware/ValidatePostSize.php(27): Illuminate/Pipeline/Pipeline->Illuminate/Pipeline/{closure}(Object(Illuminate/Http/Request))
#50 C:/Users/DELL/Downloads/Ascend AI/vendor/laravel/framework/src/Illuminate/Pipeline/Pipeline.php(219): Illuminate/Http/Middleware/ValidatePostSize->handle(Object(Illuminate/Http/Request), Object(Closure))
#51 C:/Users/DELL/Downloads/Ascend AI/vendor/laravel/framework/src/Illuminate/Foundation/Http/Middleware/PreventRequestsDuringMaintenance.php(109): Illuminate/Pipeline/Pipeline->Illuminate/Pipeline/{closure}(Object(Illuminate/Http/Request))
#52 C:/Users/DELL/Downloads/Ascend AI/vendor/laravel/framework/src/Illuminate/Pipeline/Pipeline.php(219): Illuminate/Foundation/Http/Middleware/PreventRequestsDuringMaintenance->handle(Object(Illuminate/Http/Request), Object(Closure))
#53 C:/Users/DELL/Downloads/Ascend AI/vendor/laravel/framework/src/Illuminate/Http/Middleware/HandleCors.php(61): Illuminate/Pipeline/Pipeline->Illuminate/Pipeline/{closure}(Object(Illuminate/Http/Request))
#54 C:/Users/DELL/Downloads/Ascend AI/vendor/laravel/framework/src/Illuminate/Pipeline/Pipeline.php(219): Illuminate/Http/Middleware/HandleCors->handle(Object(Illuminate/Http/Request), Object(Closure))
#55 C:/Users/DELL/Downloads/Ascend AI/vendor/laravel/framework/src/Illuminate/Http/Middleware/TrustProxies.php(58): Illuminate/Pipeline/Pipeline->Illuminate/Pipeline/{closure}(Object(Illuminate/Http/Request))
#56 C:/Users/DELL/Downloads/Ascend AI/vendor/laravel/framework/src/Illuminate/Pipeline/Pipeline.php(219): Illuminate/Http/Middleware/TrustProxies->handle(Object(Illuminate/Http/Request), Object(Closure))
#57 C:/Users/DELL/Downloads/Ascend AI/vendor/laravel/framework/src/Illuminate/Foundation/Http/Middleware/InvokeDeferredCallbacks.php(22): Illuminate/Pipeline/Pipeline->Illuminate/Pipeline/{closure}(Object(Illuminate/Http/Request))
#58 C:/Users/DELL/Downloads/Ascend AI/vendor/laravel/framework/src/Illuminate/Pipeline/Pipeline.php(219): Illuminate/Foundation/Http/Middleware/InvokeDeferredCallbacks->handle(Object(Illuminate/Http/Request), Object(Closure))
#59 C:/Users/DELL/Downloads/Ascend AI/vendor/laravel/framework/src/Illuminate/Http/Middleware/ValidatePathEncoding.php(28): Illuminate/Pipeline/Pipeline->Illuminate/Pipeline/{closure}(Object(Illuminate/Http/Request))
#60 C:/Users/DELL/Downloads/Ascend AI/vendor/laravel/framework/src/Illuminate/Pipeline/Pipeline.php(219): Illuminate/Http/Middleware/ValidatePathEncoding->handle(Object(Illuminate/Http/Request), Object(Closure))
#61 C:/Users/DELL/Downloads/Ascend AI/vendor/laravel/framework/src/Illuminate/Pipeline/Pipeline.php(137): Illuminate/Pipeline/Pipeline->Illuminate/Pipeline/{closure}(Object(Illuminate/Http/Request))
#62 C:/Users/DELL/Downloads/Ascend AI/vendor/laravel/framework/src/Illuminate/Foundation/Http/Kernel.php(175): Illuminate/Pipeline/Pipeline->then(Object(Closure))
#63 C:/Users/DELL/Downloads/Ascend AI/vendor/laravel/framework/src/Illuminate/Foundation/Http/Kernel.php(144): Illuminate/Foundation/Http/Kernel->sendRequestThroughRouter(Object(Illuminate/Http/Request))
#64 C:/Users/DELL/Downloads/Ascend AI/vendor/laravel/framework/src/Illuminate/Foundation/Application.php(1220): Illuminate/Foundation/Http/Kernel->handle(Object(Illuminate/Http/Request))
#65 C:/Users/DELL/Downloads/Ascend AI/public/index.php(20): Illuminate/Foundation/Application->handleRequest(Object(Illuminate/Http/Request))
#66 C:/Users/DELL/Downloads/Ascend AI/vendor/laravel/framework/src/Illuminate/Foundation/resources/server.php(23): require_once('C://Users//DELL//D...')
#67 {main}
"} 
[2026-08-09 14:14:10] local.ERROR: Maximum execution time of 30 seconds exceeded {"userId":1,"exception":"[object] (Symfony\\Component\\ErrorHandler\\Error\\FatalError(code: 0): Maximum execution time of 30 seconds exceeded at C:/Users/DELL/Downloads/Ascend AI/vendor/composer/ClassLoader.php:429)
[stacktrace]
#0 {main}
"} 
[2026-08-09 14:16:42] testing.WARNING: AI Provider priority [0] failed: Primary rate limited. Attempting next fallback provider.  
[2026-08-09 14:16:43] testing.WARNING: AI Provider priority [0] failed: Primary failed. Attempting next fallback provider.  
[2026-08-09 14:16:43] testing.WARNING: AI Provider priority [1] failed: Secondary failed. Attempting next fallback provider.  
[2026-08-09 14:16:50] testing.WARNING: AI Provider priority [0] failed: Primary rate limited. Attempting next fallback provider.  
[2026-08-09 14:16:50] testing.WARNING: AI Provider priority [0] failed: Primary failed. Attempting next fallback provider.  
[2026-08-09 14:16:50] testing.WARNING: AI Provider priority [1] failed: Secondary failed. Attempting next fallback provider.  
[2026-08-09 14:16:58] testing.WARNING: AI Provider priority [0] failed: Primary rate limited. Attempting next fallback provider.  
[2026-08-09 14:16:58] testing.WARNING: AI Provider priority [0] failed: Primary failed. Attempting next fallback provider.  
[2026-08-09 14:16:58] testing.WARNING: AI Provider priority [1] failed: Secondary failed. Attempting next fallback provider.  
[2026-08-09 14:17:05] testing.WARNING: AI Provider priority [0] failed: Primary rate limited. Attempting next fallback provider.  
[2026-08-09 14:17:05] testing.WARNING: AI Provider priority [0] failed: Primary failed. Attempting next fallback provider.  
[2026-08-09 14:17:05] testing.WARNING: AI Provider priority [1] failed: Secondary failed. Attempting next fallback provider.  
[2026-08-09 14:17:12] testing.WARNING: AI Provider priority [0] failed: Primary rate limited. Attempting next fallback provider.  
[2026-08-09 14:17:12] testing.WARNING: AI Provider priority [0] failed: Primary failed. Attempting next fallback provider.  
[2026-08-09 14:17:12] testing.WARNING: AI Provider priority [1] failed: Secondary failed. Attempting next fallback provider.  
[2026-08-09 14:17:21] testing.WARNING: AI Provider priority [0] failed: Primary rate limited. Attempting next fallback provider.  
[2026-08-09 14:17:21] testing.WARNING: AI Provider priority [0] failed: Primary failed. Attempting next fallback provider.  
[2026-08-09 14:17:21] testing.WARNING: AI Provider priority [1] failed: Secondary failed. Attempting next fallback provider.  
[2026-08-09 14:17:33] testing.WARNING: AI Provider priority [0] failed: Primary rate limited. Attempting next fallback provider.  
[2026-08-09 14:17:33] testing.WARNING: AI Provider priority [0] failed: Primary failed. Attempting next fallback provider.  
[2026-08-09 14:17:33] testing.WARNING: AI Provider priority [1] failed: Secondary failed. Attempting next fallback provider.  
[2026-08-09 14:17:40] testing.WARNING: AI Provider priority [0] failed: Primary rate limited. Attempting next fallback provider.  
[2026-08-09 14:17:40] testing.WARNING: AI Provider priority [0] failed: Primary failed. Attempting next fallback provider.  
[2026-08-09 14:17:40] testing.WARNING: AI Provider priority [1] failed: Secondary failed. Attempting next fallback provider.  
[2026-08-09 14:17:51] testing.WARNING: AI Provider priority [0] failed: Primary rate limited. Attempting next fallback provider.  
[2026-08-09 14:17:51] testing.WARNING: AI Provider priority [0] failed: Primary failed. Attempting next fallback provider.  
[2026-08-09 14:17:51] testing.WARNING: AI Provider priority [1] failed: Secondary failed. Attempting next fallback provider.  
[2026-08-09 14:19:39] local.ERROR: Maximum execution time of 30 seconds exceeded {"exception":"[object] (Symfony\\Component\\ErrorHandler\\Error\\FatalError(code: 0): Maximum execution time of 30 seconds exceeded at C:/Users/DELL/Downloads/Ascend AI/vendor/composer/ClassLoader.php:429)
[stacktrace]
#0 {main}
"} 
[2026-08-09 14:19:41] local.ERROR: Target class [view] does not exist. {"exception":"[object] (Illuminate\\Contracts\\Container\\BindingResolutionException(code: 0): Target class [view] does not exist. at C:/Users/DELL/Downloads/Ascend AI/vendor/laravel/framework/src/Illuminate/Container/Container.php:1127)
[stacktrace]
#0 C:/Users/DELL/Downloads/Ascend AI/vendor/laravel/framework/src/Illuminate/Container/Container.php(936): Illuminate/Container/Container->build('view')
#1 C:/Users/DELL/Downloads/Ascend AI/vendor/laravel/framework/src/Illuminate/Foundation/Application.php(1078): Illuminate/Container/Container->resolve('view', Array, true)
#2 C:/Users/DELL/Downloads/Ascend AI/vendor/laravel/framework/src/Illuminate/Container/Container.php(864): Illuminate/Foundation/Application->resolve('view', Array)
#3 C:/Users/DELL/Downloads/Ascend AI/vendor/laravel/framework/src/Illuminate/Foundation/Application.php(1058): Illuminate/Container/Container->make('view', Array)
#4 C:/Users/DELL/Downloads/Ascend AI/vendor/laravel/framework/src/Illuminate/Container/Container.php(1810): Illuminate/Foundation/Application->make('view')
#5 C:/Users/DELL/Downloads/Ascend AI/vendor/laravel/framework/src/Illuminate/Routing/RoutingServiceProvider.php(181): Illuminate/Container/Container->offsetGet('Illuminate//Cont...')
#6 C:/Users/DELL/Downloads/Ascend AI/vendor/laravel/framework/src/Illuminate/Container/Container.php(1118): Illuminate/Routing/RoutingServiceProvider->Illuminate/Routing/{closure}(Object(Illuminate/Foundation/Application), Array)
#7 C:/Users/DELL/Downloads/Ascend AI/vendor/laravel/framework/src/Illuminate/Container/Container.php(936): Illuminate/Container/Container->build(Object(Closure))
#8 C:/Users/DELL/Downloads/Ascend AI/vendor/laravel/framework/src/Illuminate/Foundation/Application.php(1078): Illuminate/Container/Container->resolve('Illuminate//Cont...', Array, true)
#9 C:/Users/DELL/Downloads/Ascend AI/vendor/laravel/framework/src/Illuminate/Container/Container.php(864): Illuminate/Foundation/Application->resolve('Illuminate//Cont...', Array)
#10 C:/Users/DELL/Downloads/Ascend AI/vendor/laravel/framework/src/Illuminate/Foundation/Application.php(1058): Illuminate/Container/Container->make('Illuminate//Cont...', Array)
#11 C:/Users/DELL/Downloads/Ascend AI/vendor/laravel/framework/src/Illuminate/Foundation/helpers.php(138): Illuminate/Foundation/Application->make('Illuminate//Cont...', Array)
#12 C:/Users/DELL/Downloads/Ascend AI/vendor/laravel/framework/src/Illuminate/Foundation/helpers.php(850): app('Illuminate//Cont...')
#13 C:/Users/DELL/Downloads/Ascend AI/vendor/laravel/framework/src/Illuminate/Foundation/Exceptions/Handler.php(992): response('<!-- Maximum ex...', 500, Array)
#14 C:/Users/DELL/Downloads/Ascend AI/vendor/laravel/framework/src/Illuminate/Foundation/Exceptions/Handler.php(842): Illuminate/Foundation/Exceptions/Handler->toIlluminateResponse(Object(Symfony/Component/HttpFoundation/Response), Object(Symfony/Component/ErrorHandler/Error/FatalError))
#15 C:/Users/DELL/Downloads/Ascend AI/vendor/laravel/framework/src/Illuminate/Foundation/Exceptions/Handler.php(741): Illuminate/Foundation/Exceptions/Handler->prepareResponse(Object(Illuminate/Http/Request), Object(Symfony/Component/ErrorHandler/Error/FatalError))
#16 C:/Users/DELL/Downloads/Ascend AI/vendor/laravel/framework/src/Illuminate/Foundation/Exceptions/Handler.php(628): Illuminate/Foundation/Exceptions/Handler->renderExceptionResponse(Object(Illuminate/Http/Request), Object(Symfony/Component/ErrorHandler/Error/FatalError))
#17 C:/Users/DELL/Downloads/Ascend AI/vendor/laravel/framework/src/Illuminate/Foundation/Bootstrap/HandleExceptions.php(221): Illuminate/Foundation/Exceptions/Handler->render(Object(Illuminate/Http/Request), Object(Symfony/Component/ErrorHandler/Error/FatalError))
#18 C:/Users/DELL/Downloads/Ascend AI/vendor/laravel/framework/src/Illuminate/Foundation/Bootstrap/HandleExceptions.php(198): Illuminate/Foundation/Bootstrap/HandleExceptions->renderHttpResponse(Object(Symfony/Component/ErrorHandler/Error/FatalError))
#19 C:/Users/DELL/Downloads/Ascend AI/vendor/laravel/framework/src/Illuminate/Foundation/Bootstrap/HandleExceptions.php(234): Illuminate/Foundation/Bootstrap/HandleExceptions->handleException(Object(Symfony/Component/ErrorHandler/Error/FatalError))
#20 C:/Users/DELL/Downloads/Ascend AI/vendor/laravel/framework/src/Illuminate/Foundation/Bootstrap/HandleExceptions.php(258): Illuminate/Foundation/Bootstrap/HandleExceptions->handleShutdown()
#21 [internal function]: Illuminate/Foundation/Bootstrap/HandleExceptions->Illuminate/Foundation/Bootstrap/{closure}()
#22 {main}

[previous exception] [object] (ReflectionException(code: -1): Class \"view\" does not exist at C:/Users/DELL/Downloads/Ascend AI/vendor/laravel/framework/src/Illuminate/Container/Container.php:1125)
[stacktrace]
#0 C:/Users/DELL/Downloads/Ascend AI/vendor/laravel/framework/src/Illuminate/Container/Container.php(1125): ReflectionClass->__construct('view')
#1 C:/Users/DELL/Downloads/Ascend AI/vendor/laravel/framework/src/Illuminate/Container/Container.php(936): Illuminate/Container/Container->build('view')
#2 C:/Users/DELL/Downloads/Ascend AI/vendor/laravel/framework/src/Illuminate/Foundation/Application.php(1078): Illuminate/Container/Container->resolve('view', Array, true)
#3 C:/Users/DELL/Downloads/Ascend AI/vendor/laravel/framework/src/Illuminate/Container/Container.php(864): Illuminate/Foundation/Application->resolve('view', Array)
#4 C:/Users/DELL/Downloads/Ascend AI/vendor/laravel/framework/src/Illuminate/Foundation/Application.php(1058): Illuminate/Container/Container->make('view', Array)
#5 C:/Users/DELL/Downloads/Ascend AI/vendor/laravel/framework/src/Illuminate/Container/Container.php(1810): Illuminate/Foundation/Application->make('view')
#6 C:/Users/DELL/Downloads/Ascend AI/vendor/laravel/framework/src/Illuminate/Routing/RoutingServiceProvider.php(181): Illuminate/Container/Container->offsetGet('Illuminate//Cont...')
#7 C:/Users/DELL/Downloads/Ascend AI/vendor/laravel/framework/src/Illuminate/Container/Container.php(1118): Illuminate/Routing/RoutingServiceProvider->Illuminate/Routing/{closure}(Object(Illuminate/Foundation/Application), Array)
#8 C:/Users/DELL/Downloads/Ascend AI/vendor/laravel/framework/src/Illuminate/Container/Container.php(936): Illuminate/Container/Container->build(Object(Closure))
#9 C:/Users/DELL/Downloads/Ascend AI/vendor/laravel/framework/src/Illuminate/Foundation/Application.php(1078): Illuminate/Container/Container->resolve('Illuminate//Cont...', Array, true)
#10 C:/Users/DELL/Downloads/Ascend AI/vendor/laravel/framework/src/Illuminate/Container/Container.php(864): Illuminate/Foundation/Application->resolve('Illuminate//Cont...', Array)
#11 C:/Users/DELL/Downloads/Ascend AI/vendor/laravel/framework/src/Illuminate/Foundation/Application.php(1058): Illuminate/Container/Container->make('Illuminate//Cont...', Array)
#12 C:/Users/DELL/Downloads/Ascend AI/vendor/laravel/framework/src/Illuminate/Foundation/helpers.php(138): Illuminate/Foundation/Application->make('Illuminate//Cont...', Array)
#13 C:/Users/DELL/Downloads/Ascend AI/vendor/laravel/framework/src/Illuminate/Foundation/helpers.php(850): app('Illuminate//Cont...')
#14 C:/Users/DELL/Downloads/Ascend AI/vendor/laravel/framework/src/Illuminate/Foundation/Exceptions/Handler.php(992): response('<!-- Maximum ex...', 500, Array)
#15 C:/Users/DELL/Downloads/Ascend AI/vendor/laravel/framework/src/Illuminate/Foundation/Exceptions/Handler.php(842): Illuminate/Foundation/Exceptions/Handler->toIlluminateResponse(Object(Symfony/Component/HttpFoundation/Response), Object(Symfony/Component/ErrorHandler/Error/FatalError))
#16 C:/Users/DELL/Downloads/Ascend AI/vendor/laravel/framework/src/Illuminate/Foundation/Exceptions/Handler.php(741): Illuminate/Foundation/Exceptions/Handler->prepareResponse(Object(Illuminate/Http/Request), Object(Symfony/Component/ErrorHandler/Error/FatalError))
#17 C:/Users/DELL/Downloads/Ascend AI/vendor/laravel/framework/src/Illuminate/Foundation/Exceptions/Handler.php(628): Illuminate/Foundation/Exceptions/Handler->renderExceptionResponse(Object(Illuminate/Http/Request), Object(Symfony/Component/ErrorHandler/Error/FatalError))
#18 C:/Users/DELL/Downloads/Ascend AI/vendor/laravel/framework/src/Illuminate/Foundation/Bootstrap/HandleExceptions.php(221): Illuminate/Foundation/Exceptions/Handler->render(Object(Illuminate/Http/Request), Object(Symfony/Component/ErrorHandler/Error/FatalError))
#19 C:/Users/DELL/Downloads/Ascend AI/vendor/laravel/framework/src/Illuminate/Foundation/Bootstrap/HandleExceptions.php(198): Illuminate/Foundation/Bootstrap/HandleExceptions->renderHttpResponse(Object(Symfony/Component/ErrorHandler/Error/FatalError))
#20 C:/Users/DELL/Downloads/Ascend AI/vendor/laravel/framework/src/Illuminate/Foundation/Bootstrap/HandleExceptions.php(234): Illuminate/Foundation/Bootstrap/HandleExceptions->handleException(Object(Symfony/Component/ErrorHandler/Error/FatalError))
#21 C:/Users/DELL/Downloads/Ascend AI/vendor/laravel/framework/src/Illuminate/Foundation/Bootstrap/HandleExceptions.php(258): Illuminate/Foundation/Bootstrap/HandleExceptions->handleShutdown()
#22 [internal function]: Illuminate/Foundation/Bootstrap/HandleExceptions->Illuminate/Foundation/Bootstrap/{closure}()
#23 {main}
"} 
[2026-08-09 15:55:07] local.ERROR: Maximum execution time of 30 seconds exceeded {"userId":1,"exception":"[object] (Symfony\\Component\\ErrorHandler\\Error\\FatalError(code: 0): Maximum execution time of 30 seconds exceeded at C:/Users/DELL/Downloads/Ascend AI/storage/framework/views/a5651e2ea5138b9b6ca4f1c11cf9a586.php:1)
[stacktrace]
#0 {main}
"} 
[2026-08-10 07:48:43] testing.WARNING: AI Provider priority [0] failed: Primary rate limited. Attempting next fallback provider.  
[2026-08-10 07:48:44] testing.WARNING: AI Provider priority [0] failed: Primary failed. Attempting next fallback provider.  
[2026-08-10 07:48:44] testing.WARNING: AI Provider priority [1] failed: Secondary failed. Attempting next fallback provider.  
[2026-08-10 07:55:34] testing.WARNING: AI Provider priority [0] failed: Primary rate limited. Attempting next fallback provider.  
[2026-08-10 07:55:34] testing.WARNING: AI Provider priority [0] failed: Primary failed. Attempting next fallback provider.  
[2026-08-10 07:55:34] testing.WARNING: AI Provider priority [1] failed: Secondary failed. Attempting next fallback provider.  
[2026-08-10 07:57:42] testing.WARNING: AI Provider priority [0] failed: Primary rate limited. Attempting next fallback provider.  
[2026-08-10 07:57:43] testing.WARNING: AI Provider priority [0] failed: Primary failed. Attempting next fallback provider.  
[2026-08-10 07:57:43] testing.WARNING: AI Provider priority [1] failed: Secondary failed. Attempting next fallback provider.  
[2026-08-10 08:01:38] testing.WARNING: AI Provider priority [0] failed: Primary rate limited. Attempting next fallback provider.  
[2026-08-10 08:01:38] testing.WARNING: AI Provider priority [0] failed: Primary failed. Attempting next fallback provider.  
[2026-08-10 08:01:38] testing.WARNING: AI Provider priority [1] failed: Secondary failed. Attempting next fallback provider.  
[2026-08-10 08:03:20] testing.WARNING: AI Provider priority [0] failed: Primary rate limited. Attempting next fallback provider.  
[2026-08-10 08:03:20] testing.WARNING: AI Provider priority [0] failed: Primary failed. Attempting next fallback provider.  
[2026-08-10 08:03:20] testing.WARNING: AI Provider priority [1] failed: Secondary failed. Attempting next fallback provider.  
[2026-08-10 08:05:41] testing.WARNING: AI Provider priority [0] failed: Primary rate limited. Attempting next fallback provider.  
[2026-08-10 08:05:41] testing.WARNING: AI Provider priority [0] failed: Primary failed. Attempting next fallback provider.  
[2026-08-10 08:05:41] testing.WARNING: AI Provider priority [1] failed: Secondary failed. Attempting next fallback provider.  
[2026-08-10 08:07:05] testing.WARNING: AI Provider priority [0] failed: Primary rate limited. Attempting next fallback provider.  
[2026-08-10 08:07:05] testing.WARNING: AI Provider priority [0] failed: Primary failed. Attempting next fallback provider.  
[2026-08-10 08:07:05] testing.WARNING: AI Provider priority [1] failed: Secondary failed. Attempting next fallback provider.  
[2026-08-10 08:09:15] testing.WARNING: AI Provider priority [0] failed: Primary rate limited. Attempting next fallback provider.  
[2026-08-10 08:09:15] testing.WARNING: AI Provider priority [0] failed: Primary failed. Attempting next fallback provider.  
[2026-08-10 08:09:15] testing.WARNING: AI Provider priority [1] failed: Secondary failed. Attempting next fallback provider.  
[2026-08-10 08:13:26] testing.WARNING: AI Provider priority [0] failed: Primary rate limited. Attempting next fallback provider.  
[2026-08-10 08:13:27] testing.WARNING: AI Provider priority [0] failed: Primary failed. Attempting next fallback provider.  
[2026-08-10 08:13:27] testing.WARNING: AI Provider priority [1] failed: Secondary failed. Attempting next fallback provider.  
[2026-08-10 08:19:49] testing.WARNING: AI Provider priority [0] failed: Primary rate limited. Attempting next fallback provider.  
[2026-08-10 08:19:49] testing.WARNING: AI Provider priority [0] failed: Primary failed. Attempting next fallback provider.  
[2026-08-10 08:19:49] testing.WARNING: AI Provider priority [1] failed: Secondary failed. Attempting next fallback provider.  
[2026-08-10 08:36:11] testing.WARNING: AI Provider priority [0] failed: Primary rate limited. Attempting next fallback provider.  
[2026-08-10 08:36:11] testing.WARNING: AI Provider priority [0] failed: Primary failed. Attempting next fallback provider.  
[2026-08-10 08:36:11] testing.WARNING: AI Provider priority [1] failed: Secondary failed. Attempting next fallback provider.  
[2026-08-10 08:40:45] testing.WARNING: AI Provider priority [0] failed: Primary rate limited. Attempting next fallback provider.  
[2026-08-10 08:40:45] testing.WARNING: AI Provider priority [0] failed: Primary failed. Attempting next fallback provider.  
[2026-08-10 08:40:45] testing.WARNING: AI Provider priority [1] failed: Secondary failed. Attempting next fallback provider.  
[2026-08-10 08:52:02] testing.WARNING: AI Provider priority [0] failed: Primary rate limited. Attempting next fallback provider.  
[2026-08-10 08:52:02] testing.WARNING: AI Provider priority [0] failed: Primary failed. Attempting next fallback provider.  
[2026-08-10 08:52:02] testing.WARNING: AI Provider priority [1] failed: Secondary failed. Attempting next fallback provider.  
[2026-08-10 09:04:43] testing.WARNING: AI Provider priority [0] failed: Primary rate limited. Attempting next fallback provider.  
[2026-08-10 09:04:43] testing.WARNING: AI Provider priority [0] failed: Primary failed. Attempting next fallback provider.  
[2026-08-10 09:04:43] testing.WARNING: AI Provider priority [1] failed: Secondary failed. Attempting next fallback provider.  
[2026-08-10 09:15:36] testing.WARNING: AI Provider priority [0] failed: Primary rate limited. Attempting next fallback provider.  
[2026-08-10 09:15:36] testing.WARNING: AI Provider priority [0] failed: Primary failed. Attempting next fallback provider.  
[2026-08-10 09:15:36] testing.WARNING: AI Provider priority [1] failed: Secondary failed. Attempting next fallback provider.  
[2026-08-10 09:31:51] testing.ERROR: Cannot redeclare Modules\AppAscend\Livewire\AscendModuleViewer::connectSocialChannel() {"exception":"[object] (Symfony\\Component\\ErrorHandler\\Error\\FatalError(code: 0): Cannot redeclare Modules\\AppAscend\\Livewire\\AscendModuleViewer::connectSocialChannel() at C:/Users/DELL/Downloads/Ascend AI/modules/AppAscend/Livewire/AscendModuleViewer.php:789)
[stacktrace]
#0 {main}
"} 
[2026-08-10 09:33:46] testing.ERROR: Cannot redeclare Modules\AppAscend\Livewire\AscendModuleViewer::toggleAutomationRule() {"exception":"[object] (Symfony\\Component\\ErrorHandler\\Error\\FatalError(code: 0): Cannot redeclare Modules\\AppAscend\\Livewire\\AscendModuleViewer::toggleAutomationRule() at C:/Users/DELL/Downloads/Ascend AI/modules/AppAscend/Livewire/AscendModuleViewer.php:885)
[stacktrace]
#0 {main}
"} 
[2026-08-10 09:34:26] testing.WARNING: AI Provider priority [0] failed: Primary rate limited. Attempting next fallback provider.  
[2026-08-10 09:34:27] testing.WARNING: AI Provider priority [0] failed: Primary failed. Attempting next fallback provider.  
[2026-08-10 09:34:27] testing.WARNING: AI Provider priority [1] failed: Secondary failed. Attempting next fallback provider.  
[2026-08-10 10:01:31] testing.ERROR: Cannot use App\Models\Expense as Expense because the name is already in use {"exception":"[object] (Symfony\\Component\\ErrorHandler\\Error\\FatalError(code: 0): Cannot use App\\Models\\Expense as Expense because the name is already in use at C:/Users/DELL/Downloads/Ascend AI/modules/AppAscend/Livewire/AscendModuleViewer.php:23)
[stacktrace]
#0 {main}
"} 
[2026-08-10 10:01:44] testing.WARNING: AI Provider priority [0] failed: Primary rate limited. Attempting next fallback provider.  
[2026-08-10 10:01:45] testing.WARNING: AI Provider priority [0] failed: Primary failed. Attempting next fallback provider.  
[2026-08-10 10:01:45] testing.WARNING: AI Provider priority [1] failed: Secondary failed. Attempting next fallback provider.  
[2026-08-10 10:01:55] testing.ERROR: syntax error, unexpected end of file, expecting "elseif" or "else" or "endif" (View: C:\Users\DELL\Downloads\Ascend AI\modules\AppAscend\Resources\views\livewire\ascend-module-viewer.blade.php) {"userId":1,"exception":"[object] (Illuminate\\View\\ViewException(code: 0): syntax error, unexpected end of file, expecting \"elseif\" or \"else\" or \"endif\" (View: C:\\Users\\DELL\\Downloads\\Ascend AI\\modules\\AppAscend\\Resources\\views\\livewire\\ascend-module-viewer.blade.php) at C:/Users/DELL/Downloads/Ascend AI/storage/framework/views/5b5888acc5448a1fad4ecad7d67325ba.php:3509)
[stacktrace]
#0 C:/Users/DELL/Downloads/Ascend AI/vendor/livewire/livewire/src/Mechanisms/ExtendBlade/ExtendedCompilerEngine.php(58): Illuminate/View/Engines/CompilerEngine->handleViewException(Object(ParseError), 2)
#1 C:/Users/DELL/Downloads/Ascend AI/vendor/livewire/livewire/src/Mechanisms/ExtendBlade/ExtendedCompilerEngine.php(40): Livewire/Mechanisms/ExtendBlade/ExtendedCompilerEngine->handleViewException(Object(ParseError), 2)
#2 C:/Users/DELL/Downloads/Ascend AI/vendor/laravel/framework/src/Illuminate/View/Engines/CompilerEngine.php(76): Livewire/Mechanisms/ExtendBlade/ExtendedCompilerEngine->evaluatePath('C://Users//DELL//D...', Array)
#3 C:/Users/DELL/Downloads/Ascend AI/vendor/livewire/livewire/src/Mechanisms/ExtendBlade/ExtendedCompilerEngine.php(16): Illuminate/View/Engines/CompilerEngine->get('C://Users//DELL//D...', Array)
#4 C:/Users/DELL/Downloads/Ascend AI/vendor/laravel/framework/src/Illuminate/View/View.php(208): Livewire/Mechanisms/ExtendBlade/ExtendedCompilerEngine->get('C://Users//DELL//D...', Array)
#5 C:/Users/DELL/Downloads/Ascend AI/vendor/laravel/framework/src/Illuminate/View/View.php(191): Illuminate/View/View->getContents()
#6 C:/Users/DELL/Downloads/Ascend AI/vendor/laravel/framework/src/Illuminate/View/View.php(160): Illuminate/View/View->renderContents()
#7 C:/Users/DELL/Downloads/Ascend AI/vendor/livewire/livewire/src/Mechanisms/HandleComponents/HandleComponents.php(410): Illuminate/View/View->render(Object(Closure))
#8 C:/Users/DELL/Downloads/Ascend AI/vendor/livewire/livewire/src/Mechanisms/HandleComponents/HandleComponents.php(461): Livewire/Mechanisms/HandleComponents/HandleComponents->Livewire/Mechanisms/HandleComponents/{closure}()
#9 C:/Users/DELL/Downloads/Ascend AI/vendor/livewire/livewire/src/Mechanisms/HandleComponents/HandleComponents.php(402): Livewire/Mechanisms/HandleComponents/HandleComponents->trackInRenderStack(Object(Modules/AppAscend/Livewire/AscendModuleViewer), Object(Closure))
#10 C:/Users/DELL/Downloads/Ascend AI/vendor/livewire/livewire/src/Mechanisms/HandleComponents/HandleComponents.php(81): Livewire/Mechanisms/HandleComponents/HandleComponents->render(Object(Modules/AppAscend/Livewire/AscendModuleViewer), '<div></div>')
#11 C:/Users/DELL/Downloads/Ascend AI/vendor/livewire/livewire/src/LivewireManager.php(102): Livewire/Mechanisms/HandleComponents/HandleComponents->mount('Modules//AppAsce...', Array, NULL, Array)
#12 C:/Users/DELL/Downloads/Ascend AI/vendor/livewire/livewire/src/Features/SupportPageComponents/HandlesPageComponents.php(19): Livewire/LivewireManager->mount('Modules//AppAsce...', Array)
#13 C:/Users/DELL/Downloads/Ascend AI/vendor/livewire/livewire/src/Features/SupportPageComponents/SupportPageComponents.php(118): Livewire/Component->Livewire/Features/SupportPageComponents/{closure}()
#14 C:/Users/DELL/Downloads/Ascend AI/vendor/livewire/livewire/src/Features/SupportPageComponents/HandlesPageComponents.php(14): Livewire/Features/SupportPageComponents/SupportPageComponents::interceptTheRenderOfTheComponentAndRetreiveTheLayoutConfiguration(Object(Closure))
#15 C:/Users/DELL/Downloads/Ascend AI/vendor/laravel/framework/src/Illuminate/Routing/ControllerDispatcher.php(46): Livewire/Component->__invoke('crm')
#16 C:/Users/DELL/Downloads/Ascend AI/vendor/laravel/framework/src/Illuminate/Routing/Route.php(269): Illuminate/Routing/ControllerDispatcher->dispatch(Object(Illuminate/Routing/Route), Object(Modules/AppAscend/Livewire/AscendModuleViewer), '__invoke')
#17 C:/Users/DELL/Downloads/Ascend AI/vendor/laravel/framework/src/Illuminate/Routing/Route.php(215): Illuminate/Routing/Route->runController()
#18 C:/Users/DELL/Downloads/Ascend AI/vendor/laravel/framework/src/Illuminate/Routing/Router.php(822): Illuminate/Routing/Route->run()
#19 C:/Users/DELL/Downloads/Ascend AI/vendor/laravel/framework/src/Illuminate/Pipeline/Pipeline.php(180): Illuminate/Routing/Router->Illuminate/Routing/{closure}(Object(Illuminate/Http/Request))
#20 C:/Users/DELL/Downloads/Ascend AI/vendor/laravel/framework/src/Illuminate/Auth/Middleware/EnsureEmailIsVerified.php(41): Illuminate/Pipeline/Pipeline->Illuminate/Pipeline/{closure}(Object(Illuminate/Http/Request))
#21 C:/Users/DELL/Downloads/Ascend AI/vendor/laravel/framework/src/Illuminate/Pipeline/Pipeline.php(219): Illuminate/Auth/Middleware/EnsureEmailIsVerified->handle(Object(Illuminate/Http/Request), Object(Closure))
#22 C:/Users/DELL/Downloads/Ascend AI/app/Http/Middleware/PreventDemoModeWriteOperations.php(64): Illuminate/Pipeline/Pipeline->Illuminate/Pipeline/{closure}(Object(Illuminate/Http/Request))
#23 C:/Users/DELL/Downloads/Ascend AI/vendor/laravel/framework/src/Illuminate/Pipeline/Pipeline.php(219): App/Http/Middleware/PreventDemoModeWriteOperations->handle(Object(Illuminate/Http/Request), Object(Closure))
#24 C:/Users/DELL/Downloads/Ascend AI/app/Http/Middleware/EnsureAdminAccess.php(14): Illuminate/Pipeline/Pipeline->Illuminate/Pipeline/{closure}(Object(Illuminate/Http/Request))
#25 C:/Users/DELL/Downloads/Ascend AI/vendor/laravel/framework/src/Illuminate/Pipeline/Pipeline.php(219): App/Http/Middleware/EnsureAdminAccess->handle(Object(Illuminate/Http/Request), Object(Closure))
#26 C:/Users/DELL/Downloads/Ascend AI/app/Http/Middleware/ResolveUserPlanState.php(24): Illuminate/Pipeline/Pipeline->Illuminate/Pipeline/{closure}(Object(Illuminate/Http/Request))
#27 C:/Users/DELL/Downloads/Ascend AI/vendor/laravel/framework/src/Illuminate/Pipeline/Pipeline.php(219): App/Http/Middleware/ResolveUserPlanState->handle(Object(Illuminate/Http/Request), Object(Closure))
#28 C:/Users/DELL/Downloads/Ascend AI/modules/AppAffiliate/Http/Middleware/CaptureAffiliateReferral.php(19): Illuminate/Pipeline/Pipeline->Illuminate/Pipeline/{closure}(Object(Illuminate/Http/Request))
#29 C:/Users/DELL/Downloads/Ascend AI/vendor/laravel/framework/src/Illuminate/Pipeline/Pipeline.php(219): Modules/AppAffiliate/Http/Middleware/CaptureAffiliateReferral->handle(Object(Illuminate/Http/Request), Object(Closure))
#30 C:/Users/DELL/Downloads/Ascend AI/modules/AdminThemes/Http/Middleware/SetThemeContext.php(64): Illuminate/Pipeline/Pipeline->Illuminate/Pipeline/{closure}(Object(Illuminate/Http/Request))
#31 C:/Users/DELL/Downloads/Ascend AI/vendor/laravel/framework/src/Illuminate/Pipeline/Pipeline.php(219): Modules/AdminThemes/Http/Middleware/SetThemeContext->handle(Object(Illuminate/Http/Request), Object(Closure))
#32 C:/Users/DELL/Downloads/Ascend AI/modules/AdminLanguages/Http/Middleware/SetLocale.php(25): Illuminate/Pipeline/Pipeline->Illuminate/Pipeline/{closure}(Object(Illuminate/Http/Request))
#33 C:/Users/DELL/Downloads/Ascend AI/vendor/laravel/framework/src/Illuminate/Pipeline/Pipeline.php(219): Modules/AdminLanguages/Http/Middleware/SetLocale->handle(Object(Illuminate/Http/Request), Object(Closure))
#34 C:/Users/DELL/Downloads/Ascend AI/vendor/laravel/framework/src/Illuminate/Routing/Middleware/SubstituteBindings.php(52): Illuminate/Pipeline/Pipeline->Illuminate/Pipeline/{closure}(Object(Illuminate/Http/Request))
#35 C:/Users/DELL/Downloads/Ascend AI/vendor/laravel/framework/src/Illuminate/Pipeline/Pipeline.php(219): Illuminate/Routing/Middleware/SubstituteBindings->handle(Object(Illuminate/Http/Request), Object(Closure))
#36 C:/Users/DELL/Downloads/Ascend AI/vendor/laravel/framework/src/Illuminate/Auth/Middleware/Authenticate.php(63): Illuminate/Pipeline/Pipeline->Illuminate/Pipeline/{closure}(Object(Illuminate/Http/Request))
#37 C:/Users/DELL/Downloads/Ascend AI/vendor/laravel/framework/src/Illuminate/Pipeline/Pipeline.php(219): Illuminate/Auth/Middleware/Authenticate->handle(Object(Illuminate/Http/Request), Object(Closure))
#38 C:/Users/DELL/Downloads/Ascend AI/vendor/laravel/framework/src/Illuminate/Foundation/Http/Middleware/PreventRequestForgery.php(104): Illuminate/Pipeline/Pipeline->Illuminate/Pipeline/{closure}(Object(Illuminate/Http/Request))
#39 C:/Users/DELL/Downloads/Ascend AI/vendor/laravel/framework/src/Illuminate/Pipeline/Pipeline.php(219): Illuminate/Foundation/Http/Middleware/PreventRequestForgery->handle(Object(Illuminate/Http/Request), Object(Closure))
#40 C:/Users/DELL/Downloads/Ascend AI/vendor/laravel/framework/src/Illuminate/View/Middleware/ShareErrorsFromSession.php(48): Illuminate/Pipeline/Pipeline->Illuminate/Pipeline/{closure}(Object(Illuminate/Http/Request))
#41 C:/Users/DELL/Downloads/Ascend AI/vendor/laravel/framework/src/Illuminate/Pipeline/Pipeline.php(219): Illuminate/View/Middleware/ShareErrorsFromSession->handle(Object(Illuminate/Http/Request), Object(Closure))
#42 C:/Users/DELL/Downloads/Ascend AI/vendor/laravel/framework/src/Illuminate/Session/Middleware/StartSession.php(120): Illuminate/Pipeline/Pipeline->Illuminate/Pipeline/{closure}(Object(Illuminate/Http/Request))
#43 C:/Users/DELL/Downloads/Ascend AI/vendor/laravel/framework/src/Illuminate/Session/Middleware/StartSession.php(63): Illuminate/Session/Middleware/StartSession->handleStatefulRequest(Object(Illuminate/Http/Request), Object(Illuminate/Session/Store), Object(Closure))
#44 C:/Users/DELL/Downloads/Ascend AI/vendor/laravel/framework/src/Illuminate/Pipeline/Pipeline.php(219): Illuminate/Session/Middleware/StartSession->handle(Object(Illuminate/Http/Request), Object(Closure))
#45 C:/Users/DELL/Downloads/Ascend AI/vendor/laravel/framework/src/Illuminate/Cookie/Middleware/AddQueuedCookiesToResponse.php(36): Illuminate/Pipeline/Pipeline->Illuminate/Pipeline/{closure}(Object(Illuminate/Http/Request))
#46 C:/Users/DELL/Downloads/Ascend AI/vendor/laravel/framework/src/Illuminate/Pipeline/Pipeline.php(219): Illuminate/Cookie/Middleware/AddQueuedCookiesToResponse->handle(Object(Illuminate/Http/Request), Object(Closure))
#47 C:/Users/DELL/Downloads/Ascend AI/vendor/laravel/framework/src/Illuminate/Cookie/Middleware/EncryptCookies.php(74): Illuminate/Pipeline/Pipeline->Illuminate/Pipeline/{closure}(Object(Illuminate/Http/Request))
#48 C:/Users/DELL/Downloads/Ascend AI/vendor/laravel/framework/src/Illuminate/Pipeline/Pipeline.php(219): Illuminate/Cookie/Middleware/EncryptCookies->handle(Object(Illuminate/Http/Request), Object(Closure))
#49 C:/Users/DELL/Downloads/Ascend AI/app/Installer/Http/Middleware/PrepareInstallation.php(29): Illuminate/Pipeline/Pipeline->Illuminate/Pipeline/{closure}(Object(Illuminate/Http/Request))
#50 C:/Users/DELL/Downloads/Ascend AI/vendor/laravel/framework/src/Illuminate/Pipeline/Pipeline.php(219): App/Installer/Http/Middleware/PrepareInstallation->handle(Object(Illuminate/Http/Request), Object(Closure))
#51 C:/Users/DELL/Downloads/Ascend AI/vendor/laravel/framework/src/Illuminate/Pipeline/Pipeline.php(137): Illuminate/Pipeline/Pipeline->Illuminate/Pipeline/{closure}(Object(Illuminate/Http/Request))
#52 C:/Users/DELL/Downloads/Ascend AI/vendor/laravel/framework/src/Illuminate/Routing/Router.php(821): Illuminate/Pipeline/Pipeline->then(Object(Closure))
#53 C:/Users/DELL/Downloads/Ascend AI/vendor/laravel/framework/src/Illuminate/Routing/Router.php(800): Illuminate/Routing/Router->runRouteWithinStack(Object(Illuminate/Routing/Route), Object(Illuminate/Http/Request))
#54 C:/Users/DELL/Downloads/Ascend AI/vendor/laravel/framework/src/Illuminate/Routing/Router.php(764): Illuminate/Routing/Router->runRoute(Object(Illuminate/Http/Request), Object(Illuminate/Routing/Route))
#55 C:/Users/DELL/Downloads/Ascend AI/vendor/laravel/framework/src/Illuminate/Routing/Router.php(753): Illuminate/Routing/Router->dispatchToRoute(Object(Illuminate/Http/Request))
#56 C:/Users/DELL/Downloads/Ascend AI/vendor/laravel/framework/src/Illuminate/Foundation/Http/Kernel.php(200): Illuminate/Routing/Router->dispatch(Object(Illuminate/Http/Request))
#57 C:/Users/DELL/Downloads/Ascend AI/vendor/laravel/framework/src/Illuminate/Pipeline/Pipeline.php(180): Illuminate/Foundation/Http/Kernel->Illuminate/Foundation/Http/{closure}(Object(Illuminate/Http/Request))
#58 C:/Users/DELL/Downloads/Ascend AI/vendor/livewire/livewire/src/Features/SupportDisablingBackButtonCache/DisableBackButtonCacheMiddleware.php(19): Illuminate/Pipeline/Pipeline->Illuminate/Pipeline/{closure}(Object(Illuminate/Http/Request))
#59 C:/Users/DELL/Downloads/Ascend AI/vendor/laravel/framework/src/Illuminate/Pipeline/Pipeline.php(219): Livewire/Features/SupportDisablingBackButtonCache/DisableBackButtonCacheMiddleware->handle(Object(Illuminate/Http/Request), Object(Closure))
#60 C:/Users/DELL/Downloads/Ascend AI/vendor/laravel/framework/src/Illuminate/Foundation/Http/Middleware/TransformsRequest.php(21): Illuminate/Pipeline/Pipeline->Illuminate/Pipeline/{closure}(Object(Illuminate/Http/Request))
#61 C:/Users/DELL/Downloads/Ascend AI/vendor/laravel/framework/src/Illuminate/Foundation/Http/Middleware/ConvertEmptyStringsToNull.php(31): Illuminate/Foundation/Http/Middleware/TransformsRequest->handle(Object(Illuminate/Http/Request), Object(Closure))
#62 C:/Users/DELL/Downloads/Ascend AI/vendor/laravel/framework/src/Illuminate/Pipeline/Pipeline.php(219): Illuminate/Foundation/Http/Middleware/ConvertEmptyStringsToNull->handle(Object(Illuminate/Http/Request), Object(Closure))
#63 C:/Users/DELL/Downloads/Ascend AI/vendor/laravel/framework/src/Illuminate/Foundation/Http/Middleware/TransformsRequest.php(21): Illuminate/Pipeline/Pipeline->Illuminate/Pipeline/{closure}(Object(Illuminate/Http/Request))
#64 C:/Users/DELL/Downloads/Ascend AI/vendor/laravel/framework/src/Illuminate/Foundation/Http/Middleware/TrimStrings.php(51): Illuminate/Foundation/Http/Middleware/TransformsRequest->handle(Object(Illuminate/Http/Request), Object(Closure))
#65 C:/Users/DELL/Downloads/Ascend AI/vendor/laravel/framework/src/Illuminate/Pipeline/Pipeline.php(219): Illuminate/Foundation/Http/Middleware/TrimStrings->handle(Object(Illuminate/Http/Request), Object(Closure))
#66 C:/Users/DELL/Downloads/Ascend AI/vendor/laravel/framework/src/Illuminate/Http/Middleware/ValidatePostSize.php(27): Illuminate/Pipeline/Pipeline->Illuminate/Pipeline/{closure}(Object(Illuminate/Http/Request))
#67 C:/Users/DELL/Downloads/Ascend AI/vendor/laravel/framework/src/Illuminate/Pipeline/Pipeline.php(219): Illuminate/Http/Middleware/ValidatePostSize->handle(Object(Illuminate/Http/Request), Object(Closure))
#68 C:/Users/DELL/Downloads/Ascend AI/vendor/laravel/framework/src/Illuminate/Foundation/Http/Middleware/PreventRequestsDuringMaintenance.php(109): Illuminate/Pipeline/Pipeline->Illuminate/Pipeline/{closure}(Object(Illuminate/Http/Request))
#69 C:/Users/DELL/Downloads/Ascend AI/vendor/laravel/framework/src/Illuminate/Pipeline/Pipeline.php(219): Illuminate/Foundation/Http/Middleware/PreventRequestsDuringMaintenance->handle(Object(Illuminate/Http/Request), Object(Closure))
#70 C:/Users/DELL/Downloads/Ascend AI/vendor/laravel/framework/src/Illuminate/Http/Middleware/HandleCors.php(61): Illuminate/Pipeline/Pipeline->Illuminate/Pipeline/{closure}(Object(Illuminate/Http/Request))
#71 C:/Users/DELL/Downloads/Ascend AI/vendor/laravel/framework/src/Illuminate/Pipeline/Pipeline.php(219): Illuminate/Http/Middleware/HandleCors->handle(Object(Illuminate/Http/Request), Object(Closure))
#72 C:/Users/DELL/Downloads/Ascend AI/vendor/laravel/framework/src/Illuminate/Http/Middleware/TrustProxies.php(58): Illuminate/Pipeline/Pipeline->Illuminate/Pipeline/{closure}(Object(Illuminate/Http/Request))
#73 C:/Users/DELL/Downloads/Ascend AI/vendor/laravel/framework/src/Illuminate/Pipeline/Pipeline.php(219): Illuminate/Http/Middleware/TrustProxies->handle(Object(Illuminate/Http/Request), Object(Closure))
#74 C:/Users/DELL/Downloads/Ascend AI/vendor/laravel/framework/src/Illuminate/Foundation/Http/Middleware/InvokeDeferredCallbacks.php(22): Illuminate/Pipeline/Pipeline->Illuminate/Pipeline/{closure}(Object(Illuminate/Http/Request))
#75 C:/Users/DELL/Downloads/Ascend AI/vendor/laravel/framework/src/Illuminate/Pipeline/Pipeline.php(219): Illuminate/Foundation/Http/Middleware/InvokeDeferredCallbacks->handle(Object(Illuminate/Http/Request), Object(Closure))
#76 C:/Users/DELL/Downloads/Ascend AI/vendor/laravel/framework/src/Illuminate/Http/Middleware/ValidatePathEncoding.php(28): Illuminate/Pipeline/Pipeline->Illuminate/Pipeline/{closure}(Object(Illuminate/Http/Request))
#77 C:/Users/DELL/Downloads/Ascend AI/vendor/laravel/framework/src/Illuminate/Pipeline/Pipeline.php(219): Illuminate/Http/Middleware/ValidatePathEncoding->handle(Object(Illuminate/Http/Request), Object(Closure))
#78 C:/Users/DELL/Downloads/Ascend AI/vendor/laravel/framework/src/Illuminate/Pipeline/Pipeline.php(137): Illuminate/Pipeline/Pipeline->Illuminate/Pipeline/{closure}(Object(Illuminate/Http/Request))
#79 C:/Users/DELL/Downloads/Ascend AI/vendor/laravel/framework/src/Illuminate/Foundation/Http/Kernel.php(175): Illuminate/Pipeline/Pipeline->then(Object(Closure))
#80 C:/Users/DELL/Downloads/Ascend AI/vendor/laravel/framework/src/Illuminate/Foundation/Http/Kernel.php(144): Illuminate/Foundation/Http/Kernel->sendRequestThroughRouter(Object(Illuminate/Http/Request))
#81 C:/Users/DELL/Downloads/Ascend AI/vendor/laravel/framework/src/Illuminate/Foundation/Testing/Concerns/MakesHttpRequests.php(607): Illuminate/Foundation/Http/Kernel->handle(Object(Illuminate/Http/Request))
#82 C:/Users/DELL/Downloads/Ascend AI/vendor/laravel/framework/src/Illuminate/Foundation/Testing/Concerns/MakesHttpRequests.php(368): Illuminate/Foundation/Testing/TestCase->call('GET', '/portal/ascend/...', Array, Array, Array, Array)
#83 C:/Users/DELL/Downloads/Ascend AI/tests/Feature/AscendEnterpriseModulesUiTest.php(17): Illuminate/Foundation/Testing/TestCase->get('/portal/ascend/...')
#84 C:/Users/DELL/Downloads/Ascend AI/vendor/pestphp/pest/src/Factories/TestCaseMethodFactory.php(172): P/Tests/Feature/AscendEnterpriseModulesUiTest->{closure}()
#85 [internal function]: P/Tests/Feature/AscendEnterpriseModulesUiTest->Pest/Factories/{closure}()
#86 C:/Users/DELL/Downloads/Ascend AI/vendor/pestphp/pest/src/Concerns/Testable.php(429): call_user_func_array(Object(Closure), Array)
#87 C:/Users/DELL/Downloads/Ascend AI/vendor/pestphp/pest/src/Support/ExceptionTrace.php(26): P/Tests/Feature/AscendEnterpriseModulesUiTest->Pest/Concerns/{closure}()
#88 C:/Users/DELL/Downloads/Ascend AI/vendor/pestphp/pest/src/Concerns/Testable.php(429): Pest/Support/ExceptionTrace::ensure(Object(Closure))
#89 C:/Users/DELL/Downloads/Ascend AI/vendor/pestphp/pest/src/Concerns/Testable.php(331): P/Tests/Feature/AscendEnterpriseModulesUiTest->__callClosure(Object(Closure), Array)
#90 C:/Users/DELL/Downloads/Ascend AI/vendor/pestphp/pest/src/Factories/TestCaseFactory.php(170) : eval()'d code(17): P/Tests/Feature/AscendEnterpriseModulesUiTest->__runTest(Object(Closure))
#91 C:/Users/DELL/Downloads/Ascend AI/vendor/phpunit/phpunit/src/Framework/TestCase.php(1332): P/Tests/Feature/AscendEnterpriseModulesUiTest->__pest_evaluable_renders_all_7_core_enterprise_modules_inside_full_app_shell_with_complete_sidebar_navigation()
#92 C:/Users/DELL/Downloads/Ascend AI/vendor/phpunit/phpunit/src/Framework/TestCase.php(519): PHPUnit/Framework/TestCase->runTest()
#93 C:/Users/DELL/Downloads/Ascend AI/vendor/phpunit/phpunit/src/Framework/TestRunner/TestRunner.php(99): PHPUnit/Framework/TestCase->runBare()
#94 C:/Users/DELL/Downloads/Ascend AI/vendor/phpunit/phpunit/src/Framework/TestCase.php(359): PHPUnit/Framework/TestRunner->run(Object(P/Tests/Feature/AscendEnterpriseModulesUiTest))
#95 C:/Users/DELL/Downloads/Ascend AI/vendor/phpunit/phpunit/src/Framework/TestSuite.php(374): PHPUnit/Framework/TestCase->run()
#96 C:/Users/DELL/Downloads/Ascend AI/vendor/phpunit/phpunit/src/Framework/TestSuite.php(374): PHPUnit/Framework/TestSuite->run()
#97 C:/Users/DELL/Downloads/Ascend AI/vendor/phpunit/phpunit/src/Framework/TestSuite.php(374): PHPUnit/Framework/TestSuite->run()
#98 C:/Users/DELL/Downloads/Ascend AI/vendor/phpunit/phpunit/src/TextUI/TestRunner.php(64): PHPUnit/Framework/TestSuite->run()
#99 C:/Users/DELL/Downloads/Ascend AI/vendor/phpunit/phpunit/src/TextUI/Application.php(229): PHPUnit/TextUI/TestRunner->run(Object(PHPUnit/TextUI/Configuration/Configuration), Object(PHPUnit/Runner/ResultCache/DefaultResultCache), Object(PHPUnit/Framework/TestSuite))
#100 C:/Users/DELL/Downloads/Ascend AI/vendor/pestphp/pest/src/Kernel.php(103): PHPUnit/TextUI/Application->run(Array)
#101 C:/Users/DELL/Downloads/Ascend AI/vendor/pestphp/pest/bin/pest(187): Pest/Kernel->handle(Array, Array)
#102 C:/Users/DELL/Downloads/Ascend AI/vendor/pestphp/pest/bin/pest(195): {closure}()
#103 C:/Users/DELL/Downloads/Ascend AI/vendor/bin/pest(119): include('C://Users//DELL//D...')
#104 {main}

[previous exception] [object] (ParseError(code: 0): syntax error, unexpected end of file, expecting \"elseif\" or \"else\" or \"endif\" at C:/Users/DELL/Downloads/Ascend AI/storage/framework/views/5b5888acc5448a1fad4ecad7d67325ba.php:3509)
[stacktrace]
#0 C:/Users/DELL/Downloads/Ascend AI/vendor/livewire/livewire/src/Mechanisms/ExtendBlade/ExtendedCompilerEngine.php(38): Modules/AppAscend/Livewire/AscendModuleViewer->Livewire/Mechanisms/ExtendBlade/{closure}()
#1 C:/Users/DELL/Downloads/Ascend AI/vendor/laravel/framework/src/Illuminate/View/Engines/CompilerEngine.php(76): Livewire/Mechanisms/ExtendBlade/ExtendedCompilerEngine->evaluatePath('C://Users//DELL//D...', Array)
#2 C:/Users/DELL/Downloads/Ascend AI/vendor/livewire/livewire/src/Mechanisms/ExtendBlade/ExtendedCompilerEngine.php(16): Illuminate/View/Engines/CompilerEngine->get('C://Users//DELL//D...', Array)
#3 C:/Users/DELL/Downloads/Ascend AI/vendor/laravel/framework/src/Illuminate/View/View.php(208): Livewire/Mechanisms/ExtendBlade/ExtendedCompilerEngine->get('C://Users//DELL//D...', Array)
#4 C:/Users/DELL/Downloads/Ascend AI/vendor/laravel/framework/src/Illuminate/View/View.php(191): Illuminate/View/View->getContents()
#5 C:/Users/DELL/Downloads/Ascend AI/vendor/laravel/framework/src/Illuminate/View/View.php(160): Illuminate/View/View->renderContents()
#6 C:/Users/DELL/Downloads/Ascend AI/vendor/livewire/livewire/src/Mechanisms/HandleComponents/HandleComponents.php(410): Illuminate/View/View->render(Object(Closure))
#7 C:/Users/DELL/Downloads/Ascend AI/vendor/livewire/livewire/src/Mechanisms/HandleComponents/HandleComponents.php(461): Livewire/Mechanisms/HandleComponents/HandleComponents->Livewire/Mechanisms/HandleComponents/{closure}()
#8 C:/Users/DELL/Downloads/Ascend AI/vendor/livewire/livewire/src/Mechanisms/HandleComponents/HandleComponents.php(402): Livewire/Mechanisms/HandleComponents/HandleComponents->trackInRenderStack(Object(Modules/AppAscend/Livewire/AscendModuleViewer), Object(Closure))
#9 C:/Users/DELL/Downloads/Ascend AI/vendor/livewire/livewire/src/Mechanisms/HandleComponents/HandleComponents.php(81): Livewire/Mechanisms/HandleComponents/HandleComponents->render(Object(Modules/AppAscend/Livewire/AscendModuleViewer), '<div></div>')
#10 C:/Users/DELL/Downloads/Ascend AI/vendor/livewire/livewire/src/LivewireManager.php(102): Livewire/Mechanisms/HandleComponents/HandleComponents->mount('Modules//AppAsce...', Array, NULL, Array)
#11 C:/Users/DELL/Downloads/Ascend AI/vendor/livewire/livewire/src/Features/SupportPageComponents/HandlesPageComponents.php(19): Livewire/LivewireManager->mount('Modules//AppAsce...', Array)
#12 C:/Users/DELL/Downloads/Ascend AI/vendor/livewire/livewire/src/Features/SupportPageComponents/SupportPageComponents.php(118): Livewire/Component->Livewire/Features/SupportPageComponents/{closure}()
#13 C:/Users/DELL/Downloads/Ascend AI/vendor/livewire/livewire/src/Features/SupportPageComponents/HandlesPageComponents.php(14): Livewire/Features/SupportPageComponents/SupportPageComponents::interceptTheRenderOfTheComponentAndRetreiveTheLayoutConfiguration(Object(Closure))
#14 C:/Users/DELL/Downloads/Ascend AI/vendor/laravel/framework/src/Illuminate/Routing/ControllerDispatcher.php(46): Livewire/Component->__invoke('crm')
#15 C:/Users/DELL/Downloads/Ascend AI/vendor/laravel/framework/src/Illuminate/Routing/Route.php(269): Illuminate/Routing/ControllerDispatcher->dispatch(Object(Illuminate/Routing/Route), Object(Modules/AppAscend/Livewire/AscendModuleViewer), '__invoke')
#16 C:/Users/DELL/Downloads/Ascend AI/vendor/laravel/framework/src/Illuminate/Routing/Route.php(215): Illuminate/Routing/Route->runController()
#17 C:/Users/DELL/Downloads/Ascend AI/vendor/laravel/framework/src/Illuminate/Routing/Router.php(822): Illuminate/Routing/Route->run()
#18 C:/Users/DELL/Downloads/Ascend AI/vendor/laravel/framework/src/Illuminate/Pipeline/Pipeline.php(180): Illuminate/Routing/Router->Illuminate/Routing/{closure}(Object(Illuminate/Http/Request))
#19 C:/Users/DELL/Downloads/Ascend AI/vendor/laravel/framework/src/Illuminate/Auth/Middleware/EnsureEmailIsVerified.php(41): Illuminate/Pipeline/Pipeline->Illuminate/Pipeline/{closure}(Object(Illuminate/Http/Request))
#20 C:/Users/DELL/Downloads/Ascend AI/vendor/laravel/framework/src/Illuminate/Pipeline/Pipeline.php(219): Illuminate/Auth/Middleware/EnsureEmailIsVerified->handle(Object(Illuminate/Http/Request), Object(Closure))
#21 C:/Users/DELL/Downloads/Ascend AI/app/Http/Middleware/PreventDemoModeWriteOperations.php(64): Illuminate/Pipeline/Pipeline->Illuminate/Pipeline/{closure}(Object(Illuminate/Http/Request))
#22 C:/Users/DELL/Downloads/Ascend AI/vendor/laravel/framework/src/Illuminate/Pipeline/Pipeline.php(219): App/Http/Middleware/PreventDemoModeWriteOperations->handle(Object(Illuminate/Http/Request), Object(Closure))
#23 C:/Users/DELL/Downloads/Ascend AI/app/Http/Middleware/EnsureAdminAccess.php(14): Illuminate/Pipeline/Pipeline->Illuminate/Pipeline/{closure}(Object(Illuminate/Http/Request))
#24 C:/Users/DELL/Downloads/Ascend AI/vendor/laravel/framework/src/Illuminate/Pipeline/Pipeline.php(219): App/Http/Middleware/EnsureAdminAccess->handle(Object(Illuminate/Http/Request), Object(Closure))
#25 C:/Users/DELL/Downloads/Ascend AI/app/Http/Middleware/ResolveUserPlanState.php(24): Illuminate/Pipeline/Pipeline->Illuminate/Pipeline/{closure}(Object(Illuminate/Http/Request))
#26 C:/Users/DELL/Downloads/Ascend AI/vendor/laravel/framework/src/Illuminate/Pipeline/Pipeline.php(219): App/Http/Middleware/ResolveUserPlanState->handle(Object(Illuminate/Http/Request), Object(Closure))
#27 C:/Users/DELL/Downloads/Ascend AI/modules/AppAffiliate/Http/Middleware/CaptureAffiliateReferral.php(19): Illuminate/Pipeline/Pipeline->Illuminate/Pipeline/{closure}(Object(Illuminate/Http/Request))
#28 C:/Users/DELL/Downloads/Ascend AI/vendor/laravel/framework/src/Illuminate/Pipeline/Pipeline.php(219): Modules/AppAffiliate/Http/Middleware/CaptureAffiliateReferral->handle(Object(Illuminate/Http/Request), Object(Closure))
#29 C:/Users/DELL/Downloads/Ascend AI/modules/AdminThemes/Http/Middleware/SetThemeContext.php(64): Illuminate/Pipeline/Pipeline->Illuminate/Pipeline/{closure}(Object(Illuminate/Http/Request))
#30 C:/Users/DELL/Downloads/Ascend AI/vendor/laravel/framework/src/Illuminate/Pipeline/Pipeline.php(219): Modules/AdminThemes/Http/Middleware/SetThemeContext->handle(Object(Illuminate/Http/Request), Object(Closure))
#31 C:/Users/DELL/Downloads/Ascend AI/modules/AdminLanguages/Http/Middleware/SetLocale.php(25): Illuminate/Pipeline/Pipeline->Illuminate/Pipeline/{closure}(Object(Illuminate/Http/Request))
#32 C:/Users/DELL/Downloads/Ascend AI/vendor/laravel/framework/src/Illuminate/Pipeline/Pipeline.php(219): Modules/AdminLanguages/Http/Middleware/SetLocale->handle(Object(Illuminate/Http/Request), Object(Closure))
#33 C:/Users/DELL/Downloads/Ascend AI/vendor/laravel/framework/src/Illuminate/Routing/Middleware/SubstituteBindings.php(52): Illuminate/Pipeline/Pipeline->Illuminate/Pipeline/{closure}(Object(Illuminate/Http/Request))
#34 C:/Users/DELL/Downloads/Ascend AI/vendor/laravel/framework/src/Illuminate/Pipeline/Pipeline.php(219): Illuminate/Routing/Middleware/SubstituteBindings->handle(Object(Illuminate/Http/Request), Object(Closure))
#35 C:/Users/DELL/Downloads/Ascend AI/vendor/laravel/framework/src/Illuminate/Auth/Middleware/Authenticate.php(63): Illuminate/Pipeline/Pipeline->Illuminate/Pipeline/{closure}(Object(Illuminate/Http/Request))
#36 C:/Users/DELL/Downloads/Ascend AI/vendor/laravel/framework/src/Illuminate/Pipeline/Pipeline.php(219): Illuminate/Auth/Middleware/Authenticate->handle(Object(Illuminate/Http/Request), Object(Closure))
#37 C:/Users/DELL/Downloads/Ascend AI/vendor/laravel/framework/src/Illuminate/Foundation/Http/Middleware/PreventRequestForgery.php(104): Illuminate/Pipeline/Pipeline->Illuminate/Pipeline/{closure}(Object(Illuminate/Http/Request))
#38 C:/Users/DELL/Downloads/Ascend AI/vendor/laravel/framework/src/Illuminate/Pipeline/Pipeline.php(219): Illuminate/Foundation/Http/Middleware/PreventRequestForgery->handle(Object(Illuminate/Http/Request), Object(Closure))
#39 C:/Users/DELL/Downloads/Ascend AI/vendor/laravel/framework/src/Illuminate/View/Middleware/ShareErrorsFromSession.php(48): Illuminate/Pipeline/Pipeline->Illuminate/Pipeline/{closure}(Object(Illuminate/Http/Request))
#40 C:/Users/DELL/Downloads/Ascend AI/vendor/laravel/framework/src/Illuminate/Pipeline/Pipeline.php(219): Illuminate/View/Middleware/ShareErrorsFromSession->handle(Object(Illuminate/Http/Request), Object(Closure))
#41 C:/Users/DELL/Downloads/Ascend AI/vendor/laravel/framework/src/Illuminate/Session/Middleware/StartSession.php(120): Illuminate/Pipeline/Pipeline->Illuminate/Pipeline/{closure}(Object(Illuminate/Http/Request))
#42 C:/Users/DELL/Downloads/Ascend AI/vendor/laravel/framework/src/Illuminate/Session/Middleware/StartSession.php(63): Illuminate/Session/Middleware/StartSession->handleStatefulRequest(Object(Illuminate/Http/Request), Object(Illuminate/Session/Store), Object(Closure))
#43 C:/Users/DELL/Downloads/Ascend AI/vendor/laravel/framework/src/Illuminate/Pipeline/Pipeline.php(219): Illuminate/Session/Middleware/StartSession->handle(Object(Illuminate/Http/Request), Object(Closure))
#44 C:/Users/DELL/Downloads/Ascend AI/vendor/laravel/framework/src/Illuminate/Cookie/Middleware/AddQueuedCookiesToResponse.php(36): Illuminate/Pipeline/Pipeline->Illuminate/Pipeline/{closure}(Object(Illuminate/Http/Request))
#45 C:/Users/DELL/Downloads/Ascend AI/vendor/laravel/framework/src/Illuminate/Pipeline/Pipeline.php(219): Illuminate/Cookie/Middleware/AddQueuedCookiesToResponse->handle(Object(Illuminate/Http/Request), Object(Closure))
#46 C:/Users/DELL/Downloads/Ascend AI/vendor/laravel/framework/src/Illuminate/Cookie/Middleware/EncryptCookies.php(74): Illuminate/Pipeline/Pipeline->Illuminate/Pipeline/{closure}(Object(Illuminate/Http/Request))
#47 C:/Users/DELL/Downloads/Ascend AI/vendor/laravel/framework/src/Illuminate/Pipeline/Pipeline.php(219): Illuminate/Cookie/Middleware/EncryptCookies->handle(Object(Illuminate/Http/Request), Object(Closure))
#48 C:/Users/DELL/Downloads/Ascend AI/app/Installer/Http/Middleware/PrepareInstallation.php(29): Illuminate/Pipeline/Pipeline->Illuminate/Pipeline/{closure}(Object(Illuminate/Http/Request))
#49 C:/Users/DELL/Downloads/Ascend AI/vendor/laravel/framework/src/Illuminate/Pipeline/Pipeline.php(219): App/Installer/Http/Middleware/PrepareInstallation->handle(Object(Illuminate/Http/Request), Object(Closure))
#50 C:/Users/DELL/Downloads/Ascend AI/vendor/laravel/framework/src/Illuminate/Pipeline/Pipeline.php(137): Illuminate/Pipeline/Pipeline->Illuminate/Pipeline/{closure}(Object(Illuminate/Http/Request))
#51 C:/Users/DELL/Downloads/Ascend AI/vendor/laravel/framework/src/Illuminate/Routing/Router.php(821): Illuminate/Pipeline/Pipeline->then(Object(Closure))
#52 C:/Users/DELL/Downloads/Ascend AI/vendor/laravel/framework/src/Illuminate/Routing/Router.php(800): Illuminate/Routing/Router->runRouteWithinStack(Object(Illuminate/Routing/Route), Object(Illuminate/Http/Request))
#53 C:/Users/DELL/Downloads/Ascend AI/vendor/laravel/framework/src/Illuminate/Routing/Router.php(764): Illuminate/Routing/Router->runRoute(Object(Illuminate/Http/Request), Object(Illuminate/Routing/Route))
#54 C:/Users/DELL/Downloads/Ascend AI/vendor/laravel/framework/src/Illuminate/Routing/Router.php(753): Illuminate/Routing/Router->dispatchToRoute(Object(Illuminate/Http/Request))
#55 C:/Users/DELL/Downloads/Ascend AI/vendor/laravel/framework/src/Illuminate/Foundation/Http/Kernel.php(200): Illuminate/Routing/Router->dispatch(Object(Illuminate/Http/Request))
#56 C:/Users/DELL/Downloads/Ascend AI/vendor/laravel/framework/src/Illuminate/Pipeline/Pipeline.php(180): Illuminate/Foundation/Http/Kernel->Illuminate/Foundation/Http/{closure}(Object(Illuminate/Http/Request))
#57 C:/Users/DELL/Downloads/Ascend AI/vendor/livewire/livewire/src/Features/SupportDisablingBackButtonCache/DisableBackButtonCacheMiddleware.php(19): Illuminate/Pipeline/Pipeline->Illuminate/Pipeline/{closure}(Object(Illuminate/Http/Request))
#58 C:/Users/DELL/Downloads/Ascend AI/vendor/laravel/framework/src/Illuminate/Pipeline/Pipeline.php(219): Livewire/Features/SupportDisablingBackButtonCache/DisableBackButtonCacheMiddleware->handle(Object(Illuminate/Http/Request), Object(Closure))
#59 C:/Users/DELL/Downloads/Ascend AI/vendor/laravel/framework/src/Illuminate/Foundation/Http/Middleware/TransformsRequest.php(21): Illuminate/Pipeline/Pipeline->Illuminate/Pipeline/{closure}(Object(Illuminate/Http/Request))
#60 C:/Users/DELL/Downloads/Ascend AI/vendor/laravel/framework/src/Illuminate/Foundation/Http/Middleware/ConvertEmptyStringsToNull.php(31): Illuminate/Foundation/Http/Middleware/TransformsRequest->handle(Object(Illuminate/Http/Request), Object(Closure))
#61 C:/Users/DELL/Downloads/Ascend AI/vendor/laravel/framework/src/Illuminate/Pipeline/Pipeline.php(219): Illuminate/Foundation/Http/Middleware/ConvertEmptyStringsToNull->handle(Object(Illuminate/Http/Request), Object(Closure))
#62 C:/Users/DELL/Downloads/Ascend AI/vendor/laravel/framework/src/Illuminate/Foundation/Http/Middleware/TransformsRequest.php(21): Illuminate/Pipeline/Pipeline->Illuminate/Pipeline/{closure}(Object(Illuminate/Http/Request))
#63 C:/Users/DELL/Downloads/Ascend AI/vendor/laravel/framework/src/Illuminate/Foundation/Http/Middleware/TrimStrings.php(51): Illuminate/Foundation/Http/Middleware/TransformsRequest->handle(Object(Illuminate/Http/Request), Object(Closure))
#64 C:/Users/DELL/Downloads/Ascend AI/vendor/laravel/framework/src/Illuminate/Pipeline/Pipeline.php(219): Illuminate/Foundation/Http/Middleware/TrimStrings->handle(Object(Illuminate/Http/Request), Object(Closure))
#65 C:/Users/DELL/Downloads/Ascend AI/vendor/laravel/framework/src/Illuminate/Http/Middleware/ValidatePostSize.php(27): Illuminate/Pipeline/Pipeline->Illuminate/Pipeline/{closure}(Object(Illuminate/Http/Request))
#66 C:/Users/DELL/Downloads/Ascend AI/vendor/laravel/framework/src/Illuminate/Pipeline/Pipeline.php(219): Illuminate/Http/Middleware/ValidatePostSize->handle(Object(Illuminate/Http/Request), Object(Closure))
#67 C:/Users/DELL/Downloads/Ascend AI/vendor/laravel/framework/src/Illuminate/Foundation/Http/Middleware/PreventRequestsDuringMaintenance.php(109): Illuminate/Pipeline/Pipeline->Illuminate/Pipeline/{closure}(Object(Illuminate/Http/Request))
#68 C:/Users/DELL/Downloads/Ascend AI/vendor/laravel/framework/src/Illuminate/Pipeline/Pipeline.php(219): Illuminate/Foundation/Http/Middleware/PreventRequestsDuringMaintenance->handle(Object(Illuminate/Http/Request), Object(Closure))
#69 C:/Users/DELL/Downloads/Ascend AI/vendor/laravel/framework/src/Illuminate/Http/Middleware/HandleCors.php(61): Illuminate/Pipeline/Pipeline->Illuminate/Pipeline/{closure}(Object(Illuminate/Http/Request))
#70 C:/Users/DELL/Downloads/Ascend AI/vendor/laravel/framework/src/Illuminate/Pipeline/Pipeline.php(219): Illuminate/Http/Middleware/HandleCors->handle(Object(Illuminate/Http/Request), Object(Closure))
#71 C:/Users/DELL/Downloads/Ascend AI/vendor/laravel/framework/src/Illuminate/Http/Middleware/TrustProxies.php(58): Illuminate/Pipeline/Pipeline->Illuminate/Pipeline/{closure}(Object(Illuminate/Http/Request))
#72 C:/Users/DELL/Downloads/Ascend AI/vendor/laravel/framework/src/Illuminate/Pipeline/Pipeline.php(219): Illuminate/Http/Middleware/TrustProxies->handle(Object(Illuminate/Http/Request), Object(Closure))
#73 C:/Users/DELL/Downloads/Ascend AI/vendor/laravel/framework/src/Illuminate/Foundation/Http/Middleware/InvokeDeferredCallbacks.php(22): Illuminate/Pipeline/Pipeline->Illuminate/Pipeline/{closure}(Object(Illuminate/Http/Request))
#74 C:/Users/DELL/Downloads/Ascend AI/vendor/laravel/framework/src/Illuminate/Pipeline/Pipeline.php(219): Illuminate/Foundation/Http/Middleware/InvokeDeferredCallbacks->handle(Object(Illuminate/Http/Request), Object(Closure))
#75 C:/Users/DELL/Downloads/Ascend AI/vendor/laravel/framework/src/Illuminate/Http/Middleware/ValidatePathEncoding.php(28): Illuminate/Pipeline/Pipeline->Illuminate/Pipeline/{closure}(Object(Illuminate/Http/Request))
#76 C:/Users/DELL/Downloads/Ascend AI/vendor/laravel/framework/src/Illuminate/Pipeline/Pipeline.php(219): Illuminate/Http/Middleware/ValidatePathEncoding->handle(Object(Illuminate/Http/Request), Object(Closure))
#77 C:/Users/DELL/Downloads/Ascend AI/vendor/laravel/framework/src/Illuminate/Pipeline/Pipeline.php(137): Illuminate/Pipeline/Pipeline->Illuminate/Pipeline/{closure}(Object(Illuminate/Http/Request))
#78 C:/Users/DELL/Downloads/Ascend AI/vendor/laravel/framework/src/Illuminate/Foundation/Http/Kernel.php(175): Illuminate/Pipeline/Pipeline->then(Object(Closure))
#79 C:/Users/DELL/Downloads/Ascend AI/vendor/laravel/framework/src/Illuminate/Foundation/Http/Kernel.php(144): Illuminate/Foundation/Http/Kernel->sendRequestThroughRouter(Object(Illuminate/Http/Request))
#80 C:/Users/DELL/Downloads/Ascend AI/vendor/laravel/framework/src/Illuminate/Foundation/Testing/Concerns/MakesHttpRequests.php(607): Illuminate/Foundation/Http/Kernel->handle(Object(Illuminate/Http/Request))
#81 C:/Users/DELL/Downloads/Ascend AI/vendor/laravel/framework/src/Illuminate/Foundation/Testing/Concerns/MakesHttpRequests.php(368): Illuminate/Foundation/Testing/TestCase->call('GET', '/portal/ascend/...', Array, Array, Array, Array)
#82 C:/Users/DELL/Downloads/Ascend AI/tests/Feature/AscendEnterpriseModulesUiTest.php(17): Illuminate/Foundation/Testing/TestCase->get('/portal/ascend/...')
#83 C:/Users/DELL/Downloads/Ascend AI/vendor/pestphp/pest/src/Factories/TestCaseMethodFactory.php(172): P/Tests/Feature/AscendEnterpriseModulesUiTest->{closure}()
#84 [internal function]: P/Tests/Feature/AscendEnterpriseModulesUiTest->Pest/Factories/{closure}()
#85 C:/Users/DELL/Downloads/Ascend AI/vendor/pestphp/pest/src/Concerns/Testable.php(429): call_user_func_array(Object(Closure), Array)
#86 C:/Users/DELL/Downloads/Ascend AI/vendor/pestphp/pest/src/Support/ExceptionTrace.php(26): P/Tests/Feature/AscendEnterpriseModulesUiTest->Pest/Concerns/{closure}()
#87 C:/Users/DELL/Downloads/Ascend AI/vendor/pestphp/pest/src/Concerns/Testable.php(429): Pest/Support/ExceptionTrace::ensure(Object(Closure))
#88 C:/Users/DELL/Downloads/Ascend AI/vendor/pestphp/pest/src/Concerns/Testable.php(331): P/Tests/Feature/AscendEnterpriseModulesUiTest->__callClosure(Object(Closure), Array)
#89 C:/Users/DELL/Downloads/Ascend AI/vendor/pestphp/pest/src/Factories/TestCaseFactory.php(170) : eval()'d code(17): P/Tests/Feature/AscendEnterpriseModulesUiTest->__runTest(Object(Closure))
#90 C:/Users/DELL/Downloads/Ascend AI/vendor/phpunit/phpunit/src/Framework/TestCase.php(1332): P/Tests/Feature/AscendEnterpriseModulesUiTest->__pest_evaluable_renders_all_7_core_enterprise_modules_inside_full_app_shell_with_complete_sidebar_navigation()
#91 C:/Users/DELL/Downloads/Ascend AI/vendor/phpunit/phpunit/src/Framework/TestCase.php(519): PHPUnit/Framework/TestCase->runTest()
#92 C:/Users/DELL/Downloads/Ascend AI/vendor/phpunit/phpunit/src/Framework/TestRunner/TestRunner.php(99): PHPUnit/Framework/TestCase->runBare()
#93 C:/Users/DELL/Downloads/Ascend AI/vendor/phpunit/phpunit/src/Framework/TestCase.php(359): PHPUnit/Framework/TestRunner->run(Object(P/Tests/Feature/AscendEnterpriseModulesUiTest))
#94 C:/Users/DELL/Downloads/Ascend AI/vendor/phpunit/phpunit/src/Framework/TestSuite.php(374): PHPUnit/Framework/TestCase->run()
#95 C:/Users/DELL/Downloads/Ascend AI/vendor/phpunit/phpunit/src/Framework/TestSuite.php(374): PHPUnit/Framework/TestSuite->run()
#96 C:/Users/DELL/Downloads/Ascend AI/vendor/phpunit/phpunit/src/Framework/TestSuite.php(374): PHPUnit/Framework/TestSuite->run()
#97 C:/Users/DELL/Downloads/Ascend AI/vendor/phpunit/phpunit/src/TextUI/TestRunner.php(64): PHPUnit/Framework/TestSuite->run()
#98 C:/Users/DELL/Downloads/Ascend AI/vendor/phpunit/phpunit/src/TextUI/Application.php(229): PHPUnit/TextUI/TestRunner->run(Object(PHPUnit/TextUI/Configuration/Configuration), Object(PHPUnit/Runner/ResultCache/DefaultResultCache), Object(PHPUnit/Framework/TestSuite))
#99 C:/Users/DELL/Downloads/Ascend AI/vendor/pestphp/pest/src/Kernel.php(103): PHPUnit/TextUI/Application->run(Array)
#100 C:/Users/DELL/Downloads/Ascend AI/vendor/pestphp/pest/bin/pest(187): Pest/Kernel->handle(Array, Array)
#101 C:/Users/DELL/Downloads/Ascend AI/vendor/pestphp/pest/bin/pest(195): {closure}()
#102 C:/Users/DELL/Downloads/Ascend AI/vendor/bin/pest(119): include('C://Users//DELL//D...')
#103 {main}
"} 
[2026-08-10 10:02:22] testing.WARNING: AI Provider priority [0] failed: Primary rate limited. Attempting next fallback provider.  
[2026-08-10 10:02:22] testing.WARNING: AI Provider priority [0] failed: Primary failed. Attempting next fallback provider.  
[2026-08-10 10:02:22] testing.WARNING: AI Provider priority [1] failed: Secondary failed. Attempting next fallback provider.  
[2026-08-10 10:02:25] testing.ERROR: syntax error, unexpected end of file, expecting "elseif" or "else" or "endif" (View: C:\Users\DELL\Downloads\Ascend AI\modules\AppAscend\Resources\views\livewire\ascend-module-viewer.blade.php) {"userId":1,"exception":"[object] (Illuminate\\View\\ViewException(code: 0): syntax error, unexpected end of file, expecting \"elseif\" or \"else\" or \"endif\" (View: C:\\Users\\DELL\\Downloads\\Ascend AI\\modules\\AppAscend\\Resources\\views\\livewire\\ascend-module-viewer.blade.php) at C:/Users/DELL/Downloads/Ascend AI/storage/framework/views/5b5888acc5448a1fad4ecad7d67325ba.php:3509)
[stacktrace]
#0 C:/Users/DELL/Downloads/Ascend AI/vendor/livewire/livewire/src/Mechanisms/ExtendBlade/ExtendedCompilerEngine.php(58): Illuminate/View/Engines/CompilerEngine->handleViewException(Object(ParseError), 2)
#1 C:/Users/DELL/Downloads/Ascend AI/vendor/livewire/livewire/src/Mechanisms/ExtendBlade/ExtendedCompilerEngine.php(40): Livewire/Mechanisms/ExtendBlade/ExtendedCompilerEngine->handleViewException(Object(ParseError), 2)
#2 C:/Users/DELL/Downloads/Ascend AI/vendor/laravel/framework/src/Illuminate/View/Engines/CompilerEngine.php(76): Livewire/Mechanisms/ExtendBlade/ExtendedCompilerEngine->evaluatePath('C://Users//DELL//D...', Array)
#3 C:/Users/DELL/Downloads/Ascend AI/vendor/livewire/livewire/src/Mechanisms/ExtendBlade/ExtendedCompilerEngine.php(16): Illuminate/View/Engines/CompilerEngine->get('C://Users//DELL//D...', Array)
#4 C:/Users/DELL/Downloads/Ascend AI/vendor/laravel/framework/src/Illuminate/View/View.php(208): Livewire/Mechanisms/ExtendBlade/ExtendedCompilerEngine->get('C://Users//DELL//D...', Array)
#5 C:/Users/DELL/Downloads/Ascend AI/vendor/laravel/framework/src/Illuminate/View/View.php(191): Illuminate/View/View->getContents()
#6 C:/Users/DELL/Downloads/Ascend AI/vendor/laravel/framework/src/Illuminate/View/View.php(160): Illuminate/View/View->renderContents()
#7 C:/Users/DELL/Downloads/Ascend AI/vendor/livewire/livewire/src/Mechanisms/HandleComponents/HandleComponents.php(410): Illuminate/View/View->render(Object(Closure))
#8 C:/Users/DELL/Downloads/Ascend AI/vendor/livewire/livewire/src/Mechanisms/HandleComponents/HandleComponents.php(461): Livewire/Mechanisms/HandleComponents/HandleComponents->Livewire/Mechanisms/HandleComponents/{closure}()
#9 C:/Users/DELL/Downloads/Ascend AI/vendor/livewire/livewire/src/Mechanisms/HandleComponents/HandleComponents.php(402): Livewire/Mechanisms/HandleComponents/HandleComponents->trackInRenderStack(Object(Modules/AppAscend/Livewire/AscendModuleViewer), Object(Closure))
#10 C:/Users/DELL/Downloads/Ascend AI/vendor/livewire/livewire/src/Mechanisms/HandleComponents/HandleComponents.php(81): Livewire/Mechanisms/HandleComponents/HandleComponents->render(Object(Modules/AppAscend/Livewire/AscendModuleViewer), '<div></div>')
#11 C:/Users/DELL/Downloads/Ascend AI/vendor/livewire/livewire/src/LivewireManager.php(102): Livewire/Mechanisms/HandleComponents/HandleComponents->mount('Modules//AppAsce...', Array, NULL, Array)
#12 C:/Users/DELL/Downloads/Ascend AI/vendor/livewire/livewire/src/Features/SupportPageComponents/HandlesPageComponents.php(19): Livewire/LivewireManager->mount('Modules//AppAsce...', Array)
#13 C:/Users/DELL/Downloads/Ascend AI/vendor/livewire/livewire/src/Features/SupportPageComponents/SupportPageComponents.php(118): Livewire/Component->Livewire/Features/SupportPageComponents/{closure}()
#14 C:/Users/DELL/Downloads/Ascend AI/vendor/livewire/livewire/src/Features/SupportPageComponents/HandlesPageComponents.php(14): Livewire/Features/SupportPageComponents/SupportPageComponents::interceptTheRenderOfTheComponentAndRetreiveTheLayoutConfiguration(Object(Closure))
#15 C:/Users/DELL/Downloads/Ascend AI/vendor/laravel/framework/src/Illuminate/Routing/ControllerDispatcher.php(46): Livewire/Component->__invoke('crm')
#16 C:/Users/DELL/Downloads/Ascend AI/vendor/laravel/framework/src/Illuminate/Routing/Route.php(269): Illuminate/Routing/ControllerDispatcher->dispatch(Object(Illuminate/Routing/Route), Object(Modules/AppAscend/Livewire/AscendModuleViewer), '__invoke')
#17 C:/Users/DELL/Downloads/Ascend AI/vendor/laravel/framework/src/Illuminate/Routing/Route.php(215): Illuminate/Routing/Route->runController()
#18 C:/Users/DELL/Downloads/Ascend AI/vendor/laravel/framework/src/Illuminate/Routing/Router.php(822): Illuminate/Routing/Route->run()
#19 C:/Users/DELL/Downloads/Ascend AI/vendor/laravel/framework/src/Illuminate/Pipeline/Pipeline.php(180): Illuminate/Routing/Router->Illuminate/Routing/{closure}(Object(Illuminate/Http/Request))
#20 C:/Users/DELL/Downloads/Ascend AI/vendor/laravel/framework/src/Illuminate/Auth/Middleware/EnsureEmailIsVerified.php(41): Illuminate/Pipeline/Pipeline->Illuminate/Pipeline/{closure}(Object(Illuminate/Http/Request))
#21 C:/Users/DELL/Downloads/Ascend AI/vendor/laravel/framework/src/Illuminate/Pipeline/Pipeline.php(219): Illuminate/Auth/Middleware/EnsureEmailIsVerified->handle(Object(Illuminate/Http/Request), Object(Closure))
#22 C:/Users/DELL/Downloads/Ascend AI/app/Http/Middleware/PreventDemoModeWriteOperations.php(64): Illuminate/Pipeline/Pipeline->Illuminate/Pipeline/{closure}(Object(Illuminate/Http/Request))
#23 C:/Users/DELL/Downloads/Ascend AI/vendor/laravel/framework/src/Illuminate/Pipeline/Pipeline.php(219): App/Http/Middleware/PreventDemoModeWriteOperations->handle(Object(Illuminate/Http/Request), Object(Closure))
#24 C:/Users/DELL/Downloads/Ascend AI/app/Http/Middleware/EnsureAdminAccess.php(14): Illuminate/Pipeline/Pipeline->Illuminate/Pipeline/{closure}(Object(Illuminate/Http/Request))
#25 C:/Users/DELL/Downloads/Ascend AI/vendor/laravel/framework/src/Illuminate/Pipeline/Pipeline.php(219): App/Http/Middleware/EnsureAdminAccess->handle(Object(Illuminate/Http/Request), Object(Closure))
#26 C:/Users/DELL/Downloads/Ascend AI/app/Http/Middleware/ResolveUserPlanState.php(24): Illuminate/Pipeline/Pipeline->Illuminate/Pipeline/{closure}(Object(Illuminate/Http/Request))
#27 C:/Users/DELL/Downloads/Ascend AI/vendor/laravel/framework/src/Illuminate/Pipeline/Pipeline.php(219): App/Http/Middleware/ResolveUserPlanState->handle(Object(Illuminate/Http/Request), Object(Closure))
#28 C:/Users/DELL/Downloads/Ascend AI/modules/AppAffiliate/Http/Middleware/CaptureAffiliateReferral.php(19): Illuminate/Pipeline/Pipeline->Illuminate/Pipeline/{closure}(Object(Illuminate/Http/Request))
#29 C:/Users/DELL/Downloads/Ascend AI/vendor/laravel/framework/src/Illuminate/Pipeline/Pipeline.php(219): Modules/AppAffiliate/Http/Middleware/CaptureAffiliateReferral->handle(Object(Illuminate/Http/Request), Object(Closure))
#30 C:/Users/DELL/Downloads/Ascend AI/modules/AdminThemes/Http/Middleware/SetThemeContext.php(64): Illuminate/Pipeline/Pipeline->Illuminate/Pipeline/{closure}(Object(Illuminate/Http/Request))
#31 C:/Users/DELL/Downloads/Ascend AI/vendor/laravel/framework/src/Illuminate/Pipeline/Pipeline.php(219): Modules/AdminThemes/Http/Middleware/SetThemeContext->handle(Object(Illuminate/Http/Request), Object(Closure))
#32 C:/Users/DELL/Downloads/Ascend AI/modules/AdminLanguages/Http/Middleware/SetLocale.php(25): Illuminate/Pipeline/Pipeline->Illuminate/Pipeline/{closure}(Object(Illuminate/Http/Request))
#33 C:/Users/DELL/Downloads/Ascend AI/vendor/laravel/framework/src/Illuminate/Pipeline/Pipeline.php(219): Modules/AdminLanguages/Http/Middleware/SetLocale->handle(Object(Illuminate/Http/Request), Object(Closure))
#34 C:/Users/DELL/Downloads/Ascend AI/vendor/laravel/framework/src/Illuminate/Routing/Middleware/SubstituteBindings.php(52): Illuminate/Pipeline/Pipeline->Illuminate/Pipeline/{closure}(Object(Illuminate/Http/Request))
#35 C:/Users/DELL/Downloads/Ascend AI/vendor/laravel/framework/src/Illuminate/Pipeline/Pipeline.php(219): Illuminate/Routing/Middleware/SubstituteBindings->handle(Object(Illuminate/Http/Request), Object(Closure))
#36 C:/Users/DELL/Downloads/Ascend AI/vendor/laravel/framework/src/Illuminate/Auth/Middleware/Authenticate.php(63): Illuminate/Pipeline/Pipeline->Illuminate/Pipeline/{closure}(Object(Illuminate/Http/Request))
#37 C:/Users/DELL/Downloads/Ascend AI/vendor/laravel/framework/src/Illuminate/Pipeline/Pipeline.php(219): Illuminate/Auth/Middleware/Authenticate->handle(Object(Illuminate/Http/Request), Object(Closure))
#38 C:/Users/DELL/Downloads/Ascend AI/vendor/laravel/framework/src/Illuminate/Foundation/Http/Middleware/PreventRequestForgery.php(104): Illuminate/Pipeline/Pipeline->Illuminate/Pipeline/{closure}(Object(Illuminate/Http/Request))
#39 C:/Users/DELL/Downloads/Ascend AI/vendor/laravel/framework/src/Illuminate/Pipeline/Pipeline.php(219): Illuminate/Foundation/Http/Middleware/PreventRequestForgery->handle(Object(Illuminate/Http/Request), Object(Closure))
#40 C:/Users/DELL/Downloads/Ascend AI/vendor/laravel/framework/src/Illuminate/View/Middleware/ShareErrorsFromSession.php(48): Illuminate/Pipeline/Pipeline->Illuminate/Pipeline/{closure}(Object(Illuminate/Http/Request))
#41 C:/Users/DELL/Downloads/Ascend AI/vendor/laravel/framework/src/Illuminate/Pipeline/Pipeline.php(219): Illuminate/View/Middleware/ShareErrorsFromSession->handle(Object(Illuminate/Http/Request), Object(Closure))
#42 C:/Users/DELL/Downloads/Ascend AI/vendor/laravel/framework/src/Illuminate/Session/Middleware/StartSession.php(120): Illuminate/Pipeline/Pipeline->Illuminate/Pipeline/{closure}(Object(Illuminate/Http/Request))
#43 C:/Users/DELL/Downloads/Ascend AI/vendor/laravel/framework/src/Illuminate/Session/Middleware/StartSession.php(63): Illuminate/Session/Middleware/StartSession->handleStatefulRequest(Object(Illuminate/Http/Request), Object(Illuminate/Session/Store), Object(Closure))
#44 C:/Users/DELL/Downloads/Ascend AI/vendor/laravel/framework/src/Illuminate/Pipeline/Pipeline.php(219): Illuminate/Session/Middleware/StartSession->handle(Object(Illuminate/Http/Request), Object(Closure))
#45 C:/Users/DELL/Downloads/Ascend AI/vendor/laravel/framework/src/Illuminate/Cookie/Middleware/AddQueuedCookiesToResponse.php(36): Illuminate/Pipeline/Pipeline->Illuminate/Pipeline/{closure}(Object(Illuminate/Http/Request))
#46 C:/Users/DELL/Downloads/Ascend AI/vendor/laravel/framework/src/Illuminate/Pipeline/Pipeline.php(219): Illuminate/Cookie/Middleware/AddQueuedCookiesToResponse->handle(Object(Illuminate/Http/Request), Object(Closure))
#47 C:/Users/DELL/Downloads/Ascend AI/vendor/laravel/framework/src/Illuminate/Cookie/Middleware/EncryptCookies.php(74): Illuminate/Pipeline/Pipeline->Illuminate/Pipeline/{closure}(Object(Illuminate/Http/Request))
#48 C:/Users/DELL/Downloads/Ascend AI/vendor/laravel/framework/src/Illuminate/Pipeline/Pipeline.php(219): Illuminate/Cookie/Middleware/EncryptCookies->handle(Object(Illuminate/Http/Request), Object(Closure))
#49 C:/Users/DELL/Downloads/Ascend AI/app/Installer/Http/Middleware/PrepareInstallation.php(29): Illuminate/Pipeline/Pipeline->Illuminate/Pipeline/{closure}(Object(Illuminate/Http/Request))
#50 C:/Users/DELL/Downloads/Ascend AI/vendor/laravel/framework/src/Illuminate/Pipeline/Pipeline.php(219): App/Installer/Http/Middleware/PrepareInstallation->handle(Object(Illuminate/Http/Request), Object(Closure))
#51 C:/Users/DELL/Downloads/Ascend AI/vendor/laravel/framework/src/Illuminate/Pipeline/Pipeline.php(137): Illuminate/Pipeline/Pipeline->Illuminate/Pipeline/{closure}(Object(Illuminate/Http/Request))
#52 C:/Users/DELL/Downloads/Ascend AI/vendor/laravel/framework/src/Illuminate/Routing/Router.php(821): Illuminate/Pipeline/Pipeline->then(Object(Closure))
#53 C:/Users/DELL/Downloads/Ascend AI/vendor/laravel/framework/src/Illuminate/Routing/Router.php(800): Illuminate/Routing/Router->runRouteWithinStack(Object(Illuminate/Routing/Route), Object(Illuminate/Http/Request))
#54 C:/Users/DELL/Downloads/Ascend AI/vendor/laravel/framework/src/Illuminate/Routing/Router.php(764): Illuminate/Routing/Router->runRoute(Object(Illuminate/Http/Request), Object(Illuminate/Routing/Route))
#55 C:/Users/DELL/Downloads/Ascend AI/vendor/laravel/framework/src/Illuminate/Routing/Router.php(753): Illuminate/Routing/Router->dispatchToRoute(Object(Illuminate/Http/Request))
#56 C:/Users/DELL/Downloads/Ascend AI/vendor/laravel/framework/src/Illuminate/Foundation/Http/Kernel.php(200): Illuminate/Routing/Router->dispatch(Object(Illuminate/Http/Request))
#57 C:/Users/DELL/Downloads/Ascend AI/vendor/laravel/framework/src/Illuminate/Pipeline/Pipeline.php(180): Illuminate/Foundation/Http/Kernel->Illuminate/Foundation/Http/{closure}(Object(Illuminate/Http/Request))
#58 C:/Users/DELL/Downloads/Ascend AI/vendor/livewire/livewire/src/Features/SupportDisablingBackButtonCache/DisableBackButtonCacheMiddleware.php(19): Illuminate/Pipeline/Pipeline->Illuminate/Pipeline/{closure}(Object(Illuminate/Http/Request))
#59 C:/Users/DELL/Downloads/Ascend AI/vendor/laravel/framework/src/Illuminate/Pipeline/Pipeline.php(219): Livewire/Features/SupportDisablingBackButtonCache/DisableBackButtonCacheMiddleware->handle(Object(Illuminate/Http/Request), Object(Closure))
#60 C:/Users/DELL/Downloads/Ascend AI/vendor/laravel/framework/src/Illuminate/Foundation/Http/Middleware/TransformsRequest.php(21): Illuminate/Pipeline/Pipeline->Illuminate/Pipeline/{closure}(Object(Illuminate/Http/Request))
#61 C:/Users/DELL/Downloads/Ascend AI/vendor/laravel/framework/src/Illuminate/Foundation/Http/Middleware/ConvertEmptyStringsToNull.php(31): Illuminate/Foundation/Http/Middleware/TransformsRequest->handle(Object(Illuminate/Http/Request), Object(Closure))
#62 C:/Users/DELL/Downloads/Ascend AI/vendor/laravel/framework/src/Illuminate/Pipeline/Pipeline.php(219): Illuminate/Foundation/Http/Middleware/ConvertEmptyStringsToNull->handle(Object(Illuminate/Http/Request), Object(Closure))
#63 C:/Users/DELL/Downloads/Ascend AI/vendor/laravel/framework/src/Illuminate/Foundation/Http/Middleware/TransformsRequest.php(21): Illuminate/Pipeline/Pipeline->Illuminate/Pipeline/{closure}(Object(Illuminate/Http/Request))
#64 C:/Users/DELL/Downloads/Ascend AI/vendor/laravel/framework/src/Illuminate/Foundation/Http/Middleware/TrimStrings.php(51): Illuminate/Foundation/Http/Middleware/TransformsRequest->handle(Object(Illuminate/Http/Request), Object(Closure))
#65 C:/Users/DELL/Downloads/Ascend AI/vendor/laravel/framework/src/Illuminate/Pipeline/Pipeline.php(219): Illuminate/Foundation/Http/Middleware/TrimStrings->handle(Object(Illuminate/Http/Request), Object(Closure))
#66 C:/Users/DELL/Downloads/Ascend AI/vendor/laravel/framework/src/Illuminate/Http/Middleware/ValidatePostSize.php(27): Illuminate/Pipeline/Pipeline->Illuminate/Pipeline/{closure}(Object(Illuminate/Http/Request))
#67 C:/Users/DELL/Downloads/Ascend AI/vendor/laravel/framework/src/Illuminate/Pipeline/Pipeline.php(219): Illuminate/Http/Middleware/ValidatePostSize->handle(Object(Illuminate/Http/Request), Object(Closure))
#68 C:/Users/DELL/Downloads/Ascend AI/vendor/laravel/framework/src/Illuminate/Foundation/Http/Middleware/PreventRequestsDuringMaintenance.php(109): Illuminate/Pipeline/Pipeline->Illuminate/Pipeline/{closure}(Object(Illuminate/Http/Request))
#69 C:/Users/DELL/Downloads/Ascend AI/vendor/laravel/framework/src/Illuminate/Pipeline/Pipeline.php(219): Illuminate/Foundation/Http/Middleware/PreventRequestsDuringMaintenance->handle(Object(Illuminate/Http/Request), Object(Closure))
#70 C:/Users/DELL/Downloads/Ascend AI/vendor/laravel/framework/src/Illuminate/Http/Middleware/HandleCors.php(61): Illuminate/Pipeline/Pipeline->Illuminate/Pipeline/{closure}(Object(Illuminate/Http/Request))
#71 C:/Users/DELL/Downloads/Ascend AI/vendor/laravel/framework/src/Illuminate/Pipeline/Pipeline.php(219): Illuminate/Http/Middleware/HandleCors->handle(Object(Illuminate/Http/Request), Object(Closure))
#72 C:/Users/DELL/Downloads/Ascend AI/vendor/laravel/framework/src/Illuminate/Http/Middleware/TrustProxies.php(58): Illuminate/Pipeline/Pipeline->Illuminate/Pipeline/{closure}(Object(Illuminate/Http/Request))
#73 C:/Users/DELL/Downloads/Ascend AI/vendor/laravel/framework/src/Illuminate/Pipeline/Pipeline.php(219): Illuminate/Http/Middleware/TrustProxies->handle(Object(Illuminate/Http/Request), Object(Closure))
#74 C:/Users/DELL/Downloads/Ascend AI/vendor/laravel/framework/src/Illuminate/Foundation/Http/Middleware/InvokeDeferredCallbacks.php(22): Illuminate/Pipeline/Pipeline->Illuminate/Pipeline/{closure}(Object(Illuminate/Http/Request))
#75 C:/Users/DELL/Downloads/Ascend AI/vendor/laravel/framework/src/Illuminate/Pipeline/Pipeline.php(219): Illuminate/Foundation/Http/Middleware/InvokeDeferredCallbacks->handle(Object(Illuminate/Http/Request), Object(Closure))
#76 C:/Users/DELL/Downloads/Ascend AI/vendor/laravel/framework/src/Illuminate/Http/Middleware/ValidatePathEncoding.php(28): Illuminate/Pipeline/Pipeline->Illuminate/Pipeline/{closure}(Object(Illuminate/Http/Request))
#77 C:/Users/DELL/Downloads/Ascend AI/vendor/laravel/framework/src/Illuminate/Pipeline/Pipeline.php(219): Illuminate/Http/Middleware/ValidatePathEncoding->handle(Object(Illuminate/Http/Request), Object(Closure))
#78 C:/Users/DELL/Downloads/Ascend AI/vendor/laravel/framework/src/Illuminate/Pipeline/Pipeline.php(137): Illuminate/Pipeline/Pipeline->Illuminate/Pipeline/{closure}(Object(Illuminate/Http/Request))
#79 C:/Users/DELL/Downloads/Ascend AI/vendor/laravel/framework/src/Illuminate/Foundation/Http/Kernel.php(175): Illuminate/Pipeline/Pipeline->then(Object(Closure))
#80 C:/Users/DELL/Downloads/Ascend AI/vendor/laravel/framework/src/Illuminate/Foundation/Http/Kernel.php(144): Illuminate/Foundation/Http/Kernel->sendRequestThroughRouter(Object(Illuminate/Http/Request))
#81 C:/Users/DELL/Downloads/Ascend AI/vendor/laravel/framework/src/Illuminate/Foundation/Testing/Concerns/MakesHttpRequests.php(607): Illuminate/Foundation/Http/Kernel->handle(Object(Illuminate/Http/Request))
#82 C:/Users/DELL/Downloads/Ascend AI/vendor/laravel/framework/src/Illuminate/Foundation/Testing/Concerns/MakesHttpRequests.php(368): Illuminate/Foundation/Testing/TestCase->call('GET', '/portal/ascend/...', Array, Array, Array, Array)
#83 C:/Users/DELL/Downloads/Ascend AI/tests/Feature/AscendEnterpriseModulesUiTest.php(17): Illuminate/Foundation/Testing/TestCase->get('/portal/ascend/...')
#84 C:/Users/DELL/Downloads/Ascend AI/vendor/pestphp/pest/src/Factories/TestCaseMethodFactory.php(172): P/Tests/Feature/AscendEnterpriseModulesUiTest->{closure}()
#85 [internal function]: P/Tests/Feature/AscendEnterpriseModulesUiTest->Pest/Factories/{closure}()
#86 C:/Users/DELL/Downloads/Ascend AI/vendor/pestphp/pest/src/Concerns/Testable.php(429): call_user_func_array(Object(Closure), Array)
#87 C:/Users/DELL/Downloads/Ascend AI/vendor/pestphp/pest/src/Support/ExceptionTrace.php(26): P/Tests/Feature/AscendEnterpriseModulesUiTest->Pest/Concerns/{closure}()
#88 C:/Users/DELL/Downloads/Ascend AI/vendor/pestphp/pest/src/Concerns/Testable.php(429): Pest/Support/ExceptionTrace::ensure(Object(Closure))
#89 C:/Users/DELL/Downloads/Ascend AI/vendor/pestphp/pest/src/Concerns/Testable.php(331): P/Tests/Feature/AscendEnterpriseModulesUiTest->__callClosure(Object(Closure), Array)
#90 C:/Users/DELL/Downloads/Ascend AI/vendor/pestphp/pest/src/Factories/TestCaseFactory.php(170) : eval()'d code(17): P/Tests/Feature/AscendEnterpriseModulesUiTest->__runTest(Object(Closure))
#91 C:/Users/DELL/Downloads/Ascend AI/vendor/phpunit/phpunit/src/Framework/TestCase.php(1332): P/Tests/Feature/AscendEnterpriseModulesUiTest->__pest_evaluable_renders_all_7_core_enterprise_modules_inside_full_app_shell_with_complete_sidebar_navigation()
#92 C:/Users/DELL/Downloads/Ascend AI/vendor/phpunit/phpunit/src/Framework/TestCase.php(519): PHPUnit/Framework/TestCase->runTest()
#93 C:/Users/DELL/Downloads/Ascend AI/vendor/phpunit/phpunit/src/Framework/TestRunner/TestRunner.php(99): PHPUnit/Framework/TestCase->runBare()
#94 C:/Users/DELL/Downloads/Ascend AI/vendor/phpunit/phpunit/src/Framework/TestCase.php(359): PHPUnit/Framework/TestRunner->run(Object(P/Tests/Feature/AscendEnterpriseModulesUiTest))
#95 C:/Users/DELL/Downloads/Ascend AI/vendor/phpunit/phpunit/src/Framework/TestSuite.php(374): PHPUnit/Framework/TestCase->run()
#96 C:/Users/DELL/Downloads/Ascend AI/vendor/phpunit/phpunit/src/Framework/TestSuite.php(374): PHPUnit/Framework/TestSuite->run()
#97 C:/Users/DELL/Downloads/Ascend AI/vendor/phpunit/phpunit/src/Framework/TestSuite.php(374): PHPUnit/Framework/TestSuite->run()
#98 C:/Users/DELL/Downloads/Ascend AI/vendor/phpunit/phpunit/src/TextUI/TestRunner.php(64): PHPUnit/Framework/TestSuite->run()
#99 C:/Users/DELL/Downloads/Ascend AI/vendor/phpunit/phpunit/src/TextUI/Application.php(229): PHPUnit/TextUI/TestRunner->run(Object(PHPUnit/TextUI/Configuration/Configuration), Object(PHPUnit/Runner/ResultCache/DefaultResultCache), Object(PHPUnit/Framework/TestSuite))
#100 C:/Users/DELL/Downloads/Ascend AI/vendor/pestphp/pest/src/Kernel.php(103): PHPUnit/TextUI/Application->run(Array)
#101 C:/Users/DELL/Downloads/Ascend AI/vendor/pestphp/pest/bin/pest(187): Pest/Kernel->handle(Array, Array)
#102 C:/Users/DELL/Downloads/Ascend AI/vendor/pestphp/pest/bin/pest(195): {closure}()
#103 C:/Users/DELL/Downloads/Ascend AI/vendor/bin/pest(119): include('C://Users//DELL//D...')
#104 {main}

[previous exception] [object] (ParseError(code: 0): syntax error, unexpected end of file, expecting \"elseif\" or \"else\" or \"endif\" at C:/Users/DELL/Downloads/Ascend AI/storage/framework/views/5b5888acc5448a1fad4ecad7d67325ba.php:3509)
[stacktrace]
#0 C:/Users/DELL/Downloads/Ascend AI/vendor/livewire/livewire/src/Mechanisms/ExtendBlade/ExtendedCompilerEngine.php(38): Modules/AppAscend/Livewire/AscendModuleViewer->Livewire/Mechanisms/ExtendBlade/{closure}()
#1 C:/Users/DELL/Downloads/Ascend AI/vendor/laravel/framework/src/Illuminate/View/Engines/CompilerEngine.php(76): Livewire/Mechanisms/ExtendBlade/ExtendedCompilerEngine->evaluatePath('C://Users//DELL//D...', Array)
#2 C:/Users/DELL/Downloads/Ascend AI/vendor/livewire/livewire/src/Mechanisms/ExtendBlade/ExtendedCompilerEngine.php(16): Illuminate/View/Engines/CompilerEngine->get('C://Users//DELL//D...', Array)
#3 C:/Users/DELL/Downloads/Ascend AI/vendor/laravel/framework/src/Illuminate/View/View.php(208): Livewire/Mechanisms/ExtendBlade/ExtendedCompilerEngine->get('C://Users//DELL//D...', Array)
#4 C:/Users/DELL/Downloads/Ascend AI/vendor/laravel/framework/src/Illuminate/View/View.php(191): Illuminate/View/View->getContents()
#5 C:/Users/DELL/Downloads/Ascend AI/vendor/laravel/framework/src/Illuminate/View/View.php(160): Illuminate/View/View->renderContents()
#6 C:/Users/DELL/Downloads/Ascend AI/vendor/livewire/livewire/src/Mechanisms/HandleComponents/HandleComponents.php(410): Illuminate/View/View->render(Object(Closure))
#7 C:/Users/DELL/Downloads/Ascend AI/vendor/livewire/livewire/src/Mechanisms/HandleComponents/HandleComponents.php(461): Livewire/Mechanisms/HandleComponents/HandleComponents->Livewire/Mechanisms/HandleComponents/{closure}()
#8 C:/Users/DELL/Downloads/Ascend AI/vendor/livewire/livewire/src/Mechanisms/HandleComponents/HandleComponents.php(402): Livewire/Mechanisms/HandleComponents/HandleComponents->trackInRenderStack(Object(Modules/AppAscend/Livewire/AscendModuleViewer), Object(Closure))
#9 C:/Users/DELL/Downloads/Ascend AI/vendor/livewire/livewire/src/Mechanisms/HandleComponents/HandleComponents.php(81): Livewire/Mechanisms/HandleComponents/HandleComponents->render(Object(Modules/AppAscend/Livewire/AscendModuleViewer), '<div></div>')
#10 C:/Users/DELL/Downloads/Ascend AI/vendor/livewire/livewire/src/LivewireManager.php(102): Livewire/Mechanisms/HandleComponents/HandleComponents->mount('Modules//AppAsce...', Array, NULL, Array)
#11 C:/Users/DELL/Downloads/Ascend AI/vendor/livewire/livewire/src/Features/SupportPageComponents/HandlesPageComponents.php(19): Livewire/LivewireManager->mount('Modules//AppAsce...', Array)
#12 C:/Users/DELL/Downloads/Ascend AI/vendor/livewire/livewire/src/Features/SupportPageComponents/SupportPageComponents.php(118): Livewire/Component->Livewire/Features/SupportPageComponents/{closure}()
#13 C:/Users/DELL/Downloads/Ascend AI/vendor/livewire/livewire/src/Features/SupportPageComponents/HandlesPageComponents.php(14): Livewire/Features/SupportPageComponents/SupportPageComponents::interceptTheRenderOfTheComponentAndRetreiveTheLayoutConfiguration(Object(Closure))
#14 C:/Users/DELL/Downloads/Ascend AI/vendor/laravel/framework/src/Illuminate/Routing/ControllerDispatcher.php(46): Livewire/Component->__invoke('crm')
#15 C:/Users/DELL/Downloads/Ascend AI/vendor/laravel/framework/src/Illuminate/Routing/Route.php(269): Illuminate/Routing/ControllerDispatcher->dispatch(Object(Illuminate/Routing/Route), Object(Modules/AppAscend/Livewire/AscendModuleViewer), '__invoke')
#16 C:/Users/DELL/Downloads/Ascend AI/vendor/laravel/framework/src/Illuminate/Routing/Route.php(215): Illuminate/Routing/Route->runController()
#17 C:/Users/DELL/Downloads/Ascend AI/vendor/laravel/framework/src/Illuminate/Routing/Router.php(822): Illuminate/Routing/Route->run()
#18 C:/Users/DELL/Downloads/Ascend AI/vendor/laravel/framework/src/Illuminate/Pipeline/Pipeline.php(180): Illuminate/Routing/Router->Illuminate/Routing/{closure}(Object(Illuminate/Http/Request))
#19 C:/Users/DELL/Downloads/Ascend AI/vendor/laravel/framework/src/Illuminate/Auth/Middleware/EnsureEmailIsVerified.php(41): Illuminate/Pipeline/Pipeline->Illuminate/Pipeline/{closure}(Object(Illuminate/Http/Request))
#20 C:/Users/DELL/Downloads/Ascend AI/vendor/laravel/framework/src/Illuminate/Pipeline/Pipeline.php(219): Illuminate/Auth/Middleware/EnsureEmailIsVerified->handle(Object(Illuminate/Http/Request), Object(Closure))
#21 C:/Users/DELL/Downloads/Ascend AI/app/Http/Middleware/PreventDemoModeWriteOperations.php(64): Illuminate/Pipeline/Pipeline->Illuminate/Pipeline/{closure}(Object(Illuminate/Http/Request))
#22 C:/Users/DELL/Downloads/Ascend AI/vendor/laravel/framework/src/Illuminate/Pipeline/Pipeline.php(219): App/Http/Middleware/PreventDemoModeWriteOperations->handle(Object(Illuminate/Http/Request), Object(Closure))
#23 C:/Users/DELL/Downloads/Ascend AI/app/Http/Middleware/EnsureAdminAccess.php(14): Illuminate/Pipeline/Pipeline->Illuminate/Pipeline/{closure}(Object(Illuminate/Http/Request))
#24 C:/Users/DELL/Downloads/Ascend AI/vendor/laravel/framework/src/Illuminate/Pipeline/Pipeline.php(219): App/Http/Middleware/EnsureAdminAccess->handle(Object(Illuminate/Http/Request), Object(Closure))
#25 C:/Users/DELL/Downloads/Ascend AI/app/Http/Middleware/ResolveUserPlanState.php(24): Illuminate/Pipeline/Pipeline->Illuminate/Pipeline/{closure}(Object(Illuminate/Http/Request))
#26 C:/Users/DELL/Downloads/Ascend AI/vendor/laravel/framework/src/Illuminate/Pipeline/Pipeline.php(219): App/Http/Middleware/ResolveUserPlanState->handle(Object(Illuminate/Http/Request), Object(Closure))
#27 C:/Users/DELL/Downloads/Ascend AI/modules/AppAffiliate/Http/Middleware/CaptureAffiliateReferral.php(19): Illuminate/Pipeline/Pipeline->Illuminate/Pipeline/{closure}(Object(Illuminate/Http/Request))
#28 C:/Users/DELL/Downloads/Ascend AI/vendor/laravel/framework/src/Illuminate/Pipeline/Pipeline.php(219): Modules/AppAffiliate/Http/Middleware/CaptureAffiliateReferral->handle(Object(Illuminate/Http/Request), Object(Closure))
#29 C:/Users/DELL/Downloads/Ascend AI/modules/AdminThemes/Http/Middleware/SetThemeContext.php(64): Illuminate/Pipeline/Pipeline->Illuminate/Pipeline/{closure}(Object(Illuminate/Http/Request))
#30 C:/Users/DELL/Downloads/Ascend AI/vendor/laravel/framework/src/Illuminate/Pipeline/Pipeline.php(219): Modules/AdminThemes/Http/Middleware/SetThemeContext->handle(Object(Illuminate/Http/Request), Object(Closure))
#31 C:/Users/DELL/Downloads/Ascend AI/modules/AdminLanguages/Http/Middleware/SetLocale.php(25): Illuminate/Pipeline/Pipeline->Illuminate/Pipeline/{closure}(Object(Illuminate/Http/Request))
#32 C:/Users/DELL/Downloads/Ascend AI/vendor/laravel/framework/src/Illuminate/Pipeline/Pipeline.php(219): Modules/AdminLanguages/Http/Middleware/SetLocale->handle(Object(Illuminate/Http/Request), Object(Closure))
#33 C:/Users/DELL/Downloads/Ascend AI/vendor/laravel/framework/src/Illuminate/Routing/Middleware/SubstituteBindings.php(52): Illuminate/Pipeline/Pipeline->Illuminate/Pipeline/{closure}(Object(Illuminate/Http/Request))
#34 C:/Users/DELL/Downloads/Ascend AI/vendor/laravel/framework/src/Illuminate/Pipeline/Pipeline.php(219): Illuminate/Routing/Middleware/SubstituteBindings->handle(Object(Illuminate/Http/Request), Object(Closure))
#35 C:/Users/DELL/Downloads/Ascend AI/vendor/laravel/framework/src/Illuminate/Auth/Middleware/Authenticate.php(63): Illuminate/Pipeline/Pipeline->Illuminate/Pipeline/{closure}(Object(Illuminate/Http/Request))
#36 C:/Users/DELL/Downloads/Ascend AI/vendor/laravel/framework/src/Illuminate/Pipeline/Pipeline.php(219): Illuminate/Auth/Middleware/Authenticate->handle(Object(Illuminate/Http/Request), Object(Closure))
#37 C:/Users/DELL/Downloads/Ascend AI/vendor/laravel/framework/src/Illuminate/Foundation/Http/Middleware/PreventRequestForgery.php(104): Illuminate/Pipeline/Pipeline->Illuminate/Pipeline/{closure}(Object(Illuminate/Http/Request))
#38 C:/Users/DELL/Downloads/Ascend AI/vendor/laravel/framework/src/Illuminate/Pipeline/Pipeline.php(219): Illuminate/Foundation/Http/Middleware/PreventRequestForgery->handle(Object(Illuminate/Http/Request), Object(Closure))
#39 C:/Users/DELL/Downloads/Ascend AI/vendor/laravel/framework/src/Illuminate/View/Middleware/ShareErrorsFromSession.php(48): Illuminate/Pipeline/Pipeline->Illuminate/Pipeline/{closure}(Object(Illuminate/Http/Request))
#40 C:/Users/DELL/Downloads/Ascend AI/vendor/laravel/framework/src/Illuminate/Pipeline/Pipeline.php(219): Illuminate/View/Middleware/ShareErrorsFromSession->handle(Object(Illuminate/Http/Request), Object(Closure))
#41 C:/Users/DELL/Downloads/Ascend AI/vendor/laravel/framework/src/Illuminate/Session/Middleware/StartSession.php(120): Illuminate/Pipeline/Pipeline->Illuminate/Pipeline/{closure}(Object(Illuminate/Http/Request))
#42 C:/Users/DELL/Downloads/Ascend AI/vendor/laravel/framework/src/Illuminate/Session/Middleware/StartSession.php(63): Illuminate/Session/Middleware/StartSession->handleStatefulRequest(Object(Illuminate/Http/Request), Object(Illuminate/Session/Store), Object(Closure))
#43 C:/Users/DELL/Downloads/Ascend AI/vendor/laravel/framework/src/Illuminate/Pipeline/Pipeline.php(219): Illuminate/Session/Middleware/StartSession->handle(Object(Illuminate/Http/Request), Object(Closure))
#44 C:/Users/DELL/Downloads/Ascend AI/vendor/laravel/framework/src/Illuminate/Cookie/Middleware/AddQueuedCookiesToResponse.php(36): Illuminate/Pipeline/Pipeline->Illuminate/Pipeline/{closure}(Object(Illuminate/Http/Request))
#45 C:/Users/DELL/Downloads/Ascend AI/vendor/laravel/framework/src/Illuminate/Pipeline/Pipeline.php(219): Illuminate/Cookie/Middleware/AddQueuedCookiesToResponse->handle(Object(Illuminate/Http/Request), Object(Closure))
#46 C:/Users/DELL/Downloads/Ascend AI/vendor/laravel/framework/src/Illuminate/Cookie/Middleware/EncryptCookies.php(74): Illuminate/Pipeline/Pipeline->Illuminate/Pipeline/{closure}(Object(Illuminate/Http/Request))
#47 C:/Users/DELL/Downloads/Ascend AI/vendor/laravel/framework/src/Illuminate/Pipeline/Pipeline.php(219): Illuminate/Cookie/Middleware/EncryptCookies->handle(Object(Illuminate/Http/Request), Object(Closure))
#48 C:/Users/DELL/Downloads/Ascend AI/app/Installer/Http/Middleware/PrepareInstallation.php(29): Illuminate/Pipeline/Pipeline->Illuminate/Pipeline/{closure}(Object(Illuminate/Http/Request))
#49 C:/Users/DELL/Downloads/Ascend AI/vendor/laravel/framework/src/Illuminate/Pipeline/Pipeline.php(219): App/Installer/Http/Middleware/PrepareInstallation->handle(Object(Illuminate/Http/Request), Object(Closure))
#50 C:/Users/DELL/Downloads/Ascend AI/vendor/laravel/framework/src/Illuminate/Pipeline/Pipeline.php(137): Illuminate/Pipeline/Pipeline->Illuminate/Pipeline/{closure}(Object(Illuminate/Http/Request))
#51 C:/Users/DELL/Downloads/Ascend AI/vendor/laravel/framework/src/Illuminate/Routing/Router.php(821): Illuminate/Pipeline/Pipeline->then(Object(Closure))
#52 C:/Users/DELL/Downloads/Ascend AI/vendor/laravel/framework/src/Illuminate/Routing/Router.php(800): Illuminate/Routing/Router->runRouteWithinStack(Object(Illuminate/Routing/Route), Object(Illuminate/Http/Request))
#53 C:/Users/DELL/Downloads/Ascend AI/vendor/laravel/framework/src/Illuminate/Routing/Router.php(764): Illuminate/Routing/Router->runRoute(Object(Illuminate/Http/Request), Object(Illuminate/Routing/Route))
#54 C:/Users/DELL/Downloads/Ascend AI/vendor/laravel/framework/src/Illuminate/Routing/Router.php(753): Illuminate/Routing/Router->dispatchToRoute(Object(Illuminate/Http/Request))
#55 C:/Users/DELL/Downloads/Ascend AI/vendor/laravel/framework/src/Illuminate/Foundation/Http/Kernel.php(200): Illuminate/Routing/Router->dispatch(Object(Illuminate/Http/Request))
#56 C:/Users/DELL/Downloads/Ascend AI/vendor/laravel/framework/src/Illuminate/Pipeline/Pipeline.php(180): Illuminate/Foundation/Http/Kernel->Illuminate/Foundation/Http/{closure}(Object(Illuminate/Http/Request))
#57 C:/Users/DELL/Downloads/Ascend AI/vendor/livewire/livewire/src/Features/SupportDisablingBackButtonCache/DisableBackButtonCacheMiddleware.php(19): Illuminate/Pipeline/Pipeline->Illuminate/Pipeline/{closure}(Object(Illuminate/Http/Request))
#58 C:/Users/DELL/Downloads/Ascend AI/vendor/laravel/framework/src/Illuminate/Pipeline/Pipeline.php(219): Livewire/Features/SupportDisablingBackButtonCache/DisableBackButtonCacheMiddleware->handle(Object(Illuminate/Http/Request), Object(Closure))
#59 C:/Users/DELL/Downloads/Ascend AI/vendor/laravel/framework/src/Illuminate/Foundation/Http/Middleware/TransformsRequest.php(21): Illuminate/Pipeline/Pipeline->Illuminate/Pipeline/{closure}(Object(Illuminate/Http/Request))
#60 C:/Users/DELL/Downloads/Ascend AI/vendor/laravel/framework/src/Illuminate/Foundation/Http/Middleware/ConvertEmptyStringsToNull.php(31): Illuminate/Foundation/Http/Middleware/TransformsRequest->handle(Object(Illuminate/Http/Request), Object(Closure))
#61 C:/Users/DELL/Downloads/Ascend AI/vendor/laravel/framework/src/Illuminate/Pipeline/Pipeline.php(219): Illuminate/Foundation/Http/Middleware/ConvertEmptyStringsToNull->handle(Object(Illuminate/Http/Request), Object(Closure))
#62 C:/Users/DELL/Downloads/Ascend AI/vendor/laravel/framework/src/Illuminate/Foundation/Http/Middleware/TransformsRequest.php(21): Illuminate/Pipeline/Pipeline->Illuminate/Pipeline/{closure}(Object(Illuminate/Http/Request))
#63 C:/Users/DELL/Downloads/Ascend AI/vendor/laravel/framework/src/Illuminate/Foundation/Http/Middleware/TrimStrings.php(51): Illuminate/Foundation/Http/Middleware/TransformsRequest->handle(Object(Illuminate/Http/Request), Object(Closure))
#64 C:/Users/DELL/Downloads/Ascend AI/vendor/laravel/framework/src/Illuminate/Pipeline/Pipeline.php(219): Illuminate/Foundation/Http/Middleware/TrimStrings->handle(Object(Illuminate/Http/Request), Object(Closure))
#65 C:/Users/DELL/Downloads/Ascend AI/vendor/laravel/framework/src/Illuminate/Http/Middleware/ValidatePostSize.php(27): Illuminate/Pipeline/Pipeline->Illuminate/Pipeline/{closure}(Object(Illuminate/Http/Request))
#66 C:/Users/DELL/Downloads/Ascend AI/vendor/laravel/framework/src/Illuminate/Pipeline/Pipeline.php(219): Illuminate/Http/Middleware/ValidatePostSize->handle(Object(Illuminate/Http/Request), Object(Closure))
#67 C:/Users/DELL/Downloads/Ascend AI/vendor/laravel/framework/src/Illuminate/Foundation/Http/Middleware/PreventRequestsDuringMaintenance.php(109): Illuminate/Pipeline/Pipeline->Illuminate/Pipeline/{closure}(Object(Illuminate/Http/Request))
#68 C:/Users/DELL/Downloads/Ascend AI/vendor/laravel/framework/src/Illuminate/Pipeline/Pipeline.php(219): Illuminate/Foundation/Http/Middleware/PreventRequestsDuringMaintenance->handle(Object(Illuminate/Http/Request), Object(Closure))
#69 C:/Users/DELL/Downloads/Ascend AI/vendor/laravel/framework/src/Illuminate/Http/Middleware/HandleCors.php(61): Illuminate/Pipeline/Pipeline->Illuminate/Pipeline/{closure}(Object(Illuminate/Http/Request))
#70 C:/Users/DELL/Downloads/Ascend AI/vendor/laravel/framework/src/Illuminate/Pipeline/Pipeline.php(219): Illuminate/Http/Middleware/HandleCors->handle(Object(Illuminate/Http/Request), Object(Closure))
#71 C:/Users/DELL/Downloads/Ascend AI/vendor/laravel/framework/src/Illuminate/Http/Middleware/TrustProxies.php(58): Illuminate/Pipeline/Pipeline->Illuminate/Pipeline/{closure}(Object(Illuminate/Http/Request))
#72 C:/Users/DELL/Downloads/Ascend AI/vendor/laravel/framework/src/Illuminate/Pipeline/Pipeline.php(219): Illuminate/Http/Middleware/TrustProxies->handle(Object(Illuminate/Http/Request), Object(Closure))
#73 C:/Users/DELL/Downloads/Ascend AI/vendor/laravel/framework/src/Illuminate/Foundation/Http/Middleware/InvokeDeferredCallbacks.php(22): Illuminate/Pipeline/Pipeline->Illuminate/Pipeline/{closure}(Object(Illuminate/Http/Request))
#74 C:/Users/DELL/Downloads/Ascend AI/vendor/laravel/framework/src/Illuminate/Pipeline/Pipeline.php(219): Illuminate/Foundation/Http/Middleware/InvokeDeferredCallbacks->handle(Object(Illuminate/Http/Request), Object(Closure))
#75 C:/Users/DELL/Downloads/Ascend AI/vendor/laravel/framework/src/Illuminate/Http/Middleware/ValidatePathEncoding.php(28): Illuminate/Pipeline/Pipeline->Illuminate/Pipeline/{closure}(Object(Illuminate/Http/Request))
#76 C:/Users/DELL/Downloads/Ascend AI/vendor/laravel/framework/src/Illuminate/Pipeline/Pipeline.php(219): Illuminate/Http/Middleware/ValidatePathEncoding->handle(Object(Illuminate/Http/Request), Object(Closure))
#77 C:/Users/DELL/Downloads/Ascend AI/vendor/laravel/framework/src/Illuminate/Pipeline/Pipeline.php(137): Illuminate/Pipeline/Pipeline->Illuminate/Pipeline/{closure}(Object(Illuminate/Http/Request))
#78 C:/Users/DELL/Downloads/Ascend AI/vendor/laravel/framework/src/Illuminate/Foundation/Http/Kernel.php(175): Illuminate/Pipeline/Pipeline->then(Object(Closure))
#79 C:/Users/DELL/Downloads/Ascend AI/vendor/laravel/framework/src/Illuminate/Foundation/Http/Kernel.php(144): Illuminate/Foundation/Http/Kernel->sendRequestThroughRouter(Object(Illuminate/Http/Request))
#80 C:/Users/DELL/Downloads/Ascend AI/vendor/laravel/framework/src/Illuminate/Foundation/Testing/Concerns/MakesHttpRequests.php(607): Illuminate/Foundation/Http/Kernel->handle(Object(Illuminate/Http/Request))
#81 C:/Users/DELL/Downloads/Ascend AI/vendor/laravel/framework/src/Illuminate/Foundation/Testing/Concerns/MakesHttpRequests.php(368): Illuminate/Foundation/Testing/TestCase->call('GET', '/portal/ascend/...', Array, Array, Array, Array)
#82 C:/Users/DELL/Downloads/Ascend AI/tests/Feature/AscendEnterpriseModulesUiTest.php(17): Illuminate/Foundation/Testing/TestCase->get('/portal/ascend/...')
#83 C:/Users/DELL/Downloads/Ascend AI/vendor/pestphp/pest/src/Factories/TestCaseMethodFactory.php(172): P/Tests/Feature/AscendEnterpriseModulesUiTest->{closure}()
#84 [internal function]: P/Tests/Feature/AscendEnterpriseModulesUiTest->Pest/Factories/{closure}()
#85 C:/Users/DELL/Downloads/Ascend AI/vendor/pestphp/pest/src/Concerns/Testable.php(429): call_user_func_array(Object(Closure), Array)
#86 C:/Users/DELL/Downloads/Ascend AI/vendor/pestphp/pest/src/Support/ExceptionTrace.php(26): P/Tests/Feature/AscendEnterpriseModulesUiTest->Pest/Concerns/{closure}()
#87 C:/Users/DELL/Downloads/Ascend AI/vendor/pestphp/pest/src/Concerns/Testable.php(429): Pest/Support/ExceptionTrace::ensure(Object(Closure))
#88 C:/Users/DELL/Downloads/Ascend AI/vendor/pestphp/pest/src/Concerns/Testable.php(331): P/Tests/Feature/AscendEnterpriseModulesUiTest->__callClosure(Object(Closure), Array)
#89 C:/Users/DELL/Downloads/Ascend AI/vendor/pestphp/pest/src/Factories/TestCaseFactory.php(170) : eval()'d code(17): P/Tests/Feature/AscendEnterpriseModulesUiTest->__runTest(Object(Closure))
#90 C:/Users/DELL/Downloads/Ascend AI/vendor/phpunit/phpunit/src/Framework/TestCase.php(1332): P/Tests/Feature/AscendEnterpriseModulesUiTest->__pest_evaluable_renders_all_7_core_enterprise_modules_inside_full_app_shell_with_complete_sidebar_navigation()
#91 C:/Users/DELL/Downloads/Ascend AI/vendor/phpunit/phpunit/src/Framework/TestCase.php(519): PHPUnit/Framework/TestCase->runTest()
#92 C:/Users/DELL/Downloads/Ascend AI/vendor/phpunit/phpunit/src/Framework/TestRunner/TestRunner.php(99): PHPUnit/Framework/TestCase->runBare()
#93 C:/Users/DELL/Downloads/Ascend AI/vendor/phpunit/phpunit/src/Framework/TestCase.php(359): PHPUnit/Framework/TestRunner->run(Object(P/Tests/Feature/AscendEnterpriseModulesUiTest))
#94 C:/Users/DELL/Downloads/Ascend AI/vendor/phpunit/phpunit/src/Framework/TestSuite.php(374): PHPUnit/Framework/TestCase->run()
#95 C:/Users/DELL/Downloads/Ascend AI/vendor/phpunit/phpunit/src/Framework/TestSuite.php(374): PHPUnit/Framework/TestSuite->run()
#96 C:/Users/DELL/Downloads/Ascend AI/vendor/phpunit/phpunit/src/Framework/TestSuite.php(374): PHPUnit/Framework/TestSuite->run()
#97 C:/Users/DELL/Downloads/Ascend AI/vendor/phpunit/phpunit/src/TextUI/TestRunner.php(64): PHPUnit/Framework/TestSuite->run()
#98 C:/Users/DELL/Downloads/Ascend AI/vendor/phpunit/phpunit/src/TextUI/Application.php(229): PHPUnit/TextUI/TestRunner->run(Object(PHPUnit/TextUI/Configuration/Configuration), Object(PHPUnit/Runner/ResultCache/DefaultResultCache), Object(PHPUnit/Framework/TestSuite))
#99 C:/Users/DELL/Downloads/Ascend AI/vendor/pestphp/pest/src/Kernel.php(103): PHPUnit/TextUI/Application->run(Array)
#100 C:/Users/DELL/Downloads/Ascend AI/vendor/pestphp/pest/bin/pest(187): Pest/Kernel->handle(Array, Array)
#101 C:/Users/DELL/Downloads/Ascend AI/vendor/pestphp/pest/bin/pest(195): {closure}()
#102 C:/Users/DELL/Downloads/Ascend AI/vendor/bin/pest(119): include('C://Users//DELL//D...')
#103 {main}
"} 
[2026-08-10 10:03:06] testing.WARNING: AI Provider priority [0] failed: Primary rate limited. Attempting next fallback provider.  
[2026-08-10 10:03:06] testing.WARNING: AI Provider priority [0] failed: Primary failed. Attempting next fallback provider.  
[2026-08-10 10:03:06] testing.WARNING: AI Provider priority [1] failed: Secondary failed. Attempting next fallback provider.  
[2026-08-10 10:03:08] testing.ERROR: syntax error, unexpected end of file, expecting "elseif" or "else" or "endif" (View: C:\Users\DELL\Downloads\Ascend AI\modules\AppAscend\Resources\views\livewire\ascend-module-viewer.blade.php) {"userId":1,"exception":"[object] (Illuminate\\View\\ViewException(code: 0): syntax error, unexpected end of file, expecting \"elseif\" or \"else\" or \"endif\" (View: C:\\Users\\DELL\\Downloads\\Ascend AI\\modules\\AppAscend\\Resources\\views\\livewire\\ascend-module-viewer.blade.php) at C:/Users/DELL/Downloads/Ascend AI/storage/framework/views/5b5888acc5448a1fad4ecad7d67325ba.php:3509)
[stacktrace]
#0 C:/Users/DELL/Downloads/Ascend AI/vendor/livewire/livewire/src/Mechanisms/ExtendBlade/ExtendedCompilerEngine.php(58): Illuminate/View/Engines/CompilerEngine->handleViewException(Object(ParseError), 2)
#1 C:/Users/DELL/Downloads/Ascend AI/vendor/livewire/livewire/src/Mechanisms/ExtendBlade/ExtendedCompilerEngine.php(40): Livewire/Mechanisms/ExtendBlade/ExtendedCompilerEngine->handleViewException(Object(ParseError), 2)
#2 C:/Users/DELL/Downloads/Ascend AI/vendor/laravel/framework/src/Illuminate/View/Engines/CompilerEngine.php(76): Livewire/Mechanisms/ExtendBlade/ExtendedCompilerEngine->evaluatePath('C://Users//DELL//D...', Array)
#3 C:/Users/DELL/Downloads/Ascend AI/vendor/livewire/livewire/src/Mechanisms/ExtendBlade/ExtendedCompilerEngine.php(16): Illuminate/View/Engines/CompilerEngine->get('C://Users//DELL//D...', Array)
#4 C:/Users/DELL/Downloads/Ascend AI/vendor/laravel/framework/src/Illuminate/View/View.php(208): Livewire/Mechanisms/ExtendBlade/ExtendedCompilerEngine->get('C://Users//DELL//D...', Array)
#5 C:/Users/DELL/Downloads/Ascend AI/vendor/laravel/framework/src/Illuminate/View/View.php(191): Illuminate/View/View->getContents()
#6 C:/Users/DELL/Downloads/Ascend AI/vendor/laravel/framework/src/Illuminate/View/View.php(160): Illuminate/View/View->renderContents()
#7 C:/Users/DELL/Downloads/Ascend AI/vendor/livewire/livewire/src/Mechanisms/HandleComponents/HandleComponents.php(410): Illuminate/View/View->render(Object(Closure))
#8 C:/Users/DELL/Downloads/Ascend AI/vendor/livewire/livewire/src/Mechanisms/HandleComponents/HandleComponents.php(461): Livewire/Mechanisms/HandleComponents/HandleComponents->Livewire/Mechanisms/HandleComponents/{closure}()
#9 C:/Users/DELL/Downloads/Ascend AI/vendor/livewire/livewire/src/Mechanisms/HandleComponents/HandleComponents.php(402): Livewire/Mechanisms/HandleComponents/HandleComponents->trackInRenderStack(Object(Modules/AppAscend/Livewire/AscendModuleViewer), Object(Closure))
#10 C:/Users/DELL/Downloads/Ascend AI/vendor/livewire/livewire/src/Mechanisms/HandleComponents/HandleComponents.php(81): Livewire/Mechanisms/HandleComponents/HandleComponents->render(Object(Modules/AppAscend/Livewire/AscendModuleViewer), '<div></div>')
#11 C:/Users/DELL/Downloads/Ascend AI/vendor/livewire/livewire/src/LivewireManager.php(102): Livewire/Mechanisms/HandleComponents/HandleComponents->mount('Modules//AppAsce...', Array, NULL, Array)
#12 C:/Users/DELL/Downloads/Ascend AI/vendor/livewire/livewire/src/Features/SupportPageComponents/HandlesPageComponents.php(19): Livewire/LivewireManager->mount('Modules//AppAsce...', Array)
#13 C:/Users/DELL/Downloads/Ascend AI/vendor/livewire/livewire/src/Features/SupportPageComponents/SupportPageComponents.php(118): Livewire/Component->Livewire/Features/SupportPageComponents/{closure}()
#14 C:/Users/DELL/Downloads/Ascend AI/vendor/livewire/livewire/src/Features/SupportPageComponents/HandlesPageComponents.php(14): Livewire/Features/SupportPageComponents/SupportPageComponents::interceptTheRenderOfTheComponentAndRetreiveTheLayoutConfiguration(Object(Closure))
#15 C:/Users/DELL/Downloads/Ascend AI/vendor/laravel/framework/src/Illuminate/Routing/ControllerDispatcher.php(46): Livewire/Component->__invoke('crm')
#16 C:/Users/DELL/Downloads/Ascend AI/vendor/laravel/framework/src/Illuminate/Routing/Route.php(269): Illuminate/Routing/ControllerDispatcher->dispatch(Object(Illuminate/Routing/Route), Object(Modules/AppAscend/Livewire/AscendModuleViewer), '__invoke')
#17 C:/Users/DELL/Downloads/Ascend AI/vendor/laravel/framework/src/Illuminate/Routing/Route.php(215): Illuminate/Routing/Route->runController()
#18 C:/Users/DELL/Downloads/Ascend AI/vendor/laravel/framework/src/Illuminate/Routing/Router.php(822): Illuminate/Routing/Route->run()
#19 C:/Users/DELL/Downloads/Ascend AI/vendor/laravel/framework/src/Illuminate/Pipeline/Pipeline.php(180): Illuminate/Routing/Router->Illuminate/Routing/{closure}(Object(Illuminate/Http/Request))
#20 C:/Users/DELL/Downloads/Ascend AI/vendor/laravel/framework/src/Illuminate/Auth/Middleware/EnsureEmailIsVerified.php(41): Illuminate/Pipeline/Pipeline->Illuminate/Pipeline/{closure}(Object(Illuminate/Http/Request))
#21 C:/Users/DELL/Downloads/Ascend AI/vendor/laravel/framework/src/Illuminate/Pipeline/Pipeline.php(219): Illuminate/Auth/Middleware/EnsureEmailIsVerified->handle(Object(Illuminate/Http/Request), Object(Closure))
#22 C:/Users/DELL/Downloads/Ascend AI/app/Http/Middleware/PreventDemoModeWriteOperations.php(64): Illuminate/Pipeline/Pipeline->Illuminate/Pipeline/{closure}(Object(Illuminate/Http/Request))
#23 C:/Users/DELL/Downloads/Ascend AI/vendor/laravel/framework/src/Illuminate/Pipeline/Pipeline.php(219): App/Http/Middleware/PreventDemoModeWriteOperations->handle(Object(Illuminate/Http/Request), Object(Closure))
#24 C:/Users/DELL/Downloads/Ascend AI/app/Http/Middleware/EnsureAdminAccess.php(14): Illuminate/Pipeline/Pipeline->Illuminate/Pipeline/{closure}(Object(Illuminate/Http/Request))
#25 C:/Users/DELL/Downloads/Ascend AI/vendor/laravel/framework/src/Illuminate/Pipeline/Pipeline.php(219): App/Http/Middleware/EnsureAdminAccess->handle(Object(Illuminate/Http/Request), Object(Closure))
#26 C:/Users/DELL/Downloads/Ascend AI/app/Http/Middleware/ResolveUserPlanState.php(24): Illuminate/Pipeline/Pipeline->Illuminate/Pipeline/{closure}(Object(Illuminate/Http/Request))
#27 C:/Users/DELL/Downloads/Ascend AI/vendor/laravel/framework/src/Illuminate/Pipeline/Pipeline.php(219): App/Http/Middleware/ResolveUserPlanState->handle(Object(Illuminate/Http/Request), Object(Closure))
#28 C:/Users/DELL/Downloads/Ascend AI/modules/AppAffiliate/Http/Middleware/CaptureAffiliateReferral.php(19): Illuminate/Pipeline/Pipeline->Illuminate/Pipeline/{closure}(Object(Illuminate/Http/Request))
#29 C:/Users/DELL/Downloads/Ascend AI/vendor/laravel/framework/src/Illuminate/Pipeline/Pipeline.php(219): Modules/AppAffiliate/Http/Middleware/CaptureAffiliateReferral->handle(Object(Illuminate/Http/Request), Object(Closure))
#30 C:/Users/DELL/Downloads/Ascend AI/modules/AdminThemes/Http/Middleware/SetThemeContext.php(64): Illuminate/Pipeline/Pipeline->Illuminate/Pipeline/{closure}(Object(Illuminate/Http/Request))
#31 C:/Users/DELL/Downloads/Ascend AI/vendor/laravel/framework/src/Illuminate/Pipeline/Pipeline.php(219): Modules/AdminThemes/Http/Middleware/SetThemeContext->handle(Object(Illuminate/Http/Request), Object(Closure))
#32 C:/Users/DELL/Downloads/Ascend AI/modules/AdminLanguages/Http/Middleware/SetLocale.php(25): Illuminate/Pipeline/Pipeline->Illuminate/Pipeline/{closure}(Object(Illuminate/Http/Request))
#33 C:/Users/DELL/Downloads/Ascend AI/vendor/laravel/framework/src/Illuminate/Pipeline/Pipeline.php(219): Modules/AdminLanguages/Http/Middleware/SetLocale->handle(Object(Illuminate/Http/Request), Object(Closure))
#34 C:/Users/DELL/Downloads/Ascend AI/vendor/laravel/framework/src/Illuminate/Routing/Middleware/SubstituteBindings.php(52): Illuminate/Pipeline/Pipeline->Illuminate/Pipeline/{closure}(Object(Illuminate/Http/Request))
#35 C:/Users/DELL/Downloads/Ascend AI/vendor/laravel/framework/src/Illuminate/Pipeline/Pipeline.php(219): Illuminate/Routing/Middleware/SubstituteBindings->handle(Object(Illuminate/Http/Request), Object(Closure))
#36 C:/Users/DELL/Downloads/Ascend AI/vendor/laravel/framework/src/Illuminate/Auth/Middleware/Authenticate.php(63): Illuminate/Pipeline/Pipeline->Illuminate/Pipeline/{closure}(Object(Illuminate/Http/Request))
#37 C:/Users/DELL/Downloads/Ascend AI/vendor/laravel/framework/src/Illuminate/Pipeline/Pipeline.php(219): Illuminate/Auth/Middleware/Authenticate->handle(Object(Illuminate/Http/Request), Object(Closure))
#38 C:/Users/DELL/Downloads/Ascend AI/vendor/laravel/framework/src/Illuminate/Foundation/Http/Middleware/PreventRequestForgery.php(104): Illuminate/Pipeline/Pipeline->Illuminate/Pipeline/{closure}(Object(Illuminate/Http/Request))
#39 C:/Users/DELL/Downloads/Ascend AI/vendor/laravel/framework/src/Illuminate/Pipeline/Pipeline.php(219): Illuminate/Foundation/Http/Middleware/PreventRequestForgery->handle(Object(Illuminate/Http/Request), Object(Closure))
#40 C:/Users/DELL/Downloads/Ascend AI/vendor/laravel/framework/src/Illuminate/View/Middleware/ShareErrorsFromSession.php(48): Illuminate/Pipeline/Pipeline->Illuminate/Pipeline/{closure}(Object(Illuminate/Http/Request))
#41 C:/Users/DELL/Downloads/Ascend AI/vendor/laravel/framework/src/Illuminate/Pipeline/Pipeline.php(219): Illuminate/View/Middleware/ShareErrorsFromSession->handle(Object(Illuminate/Http/Request), Object(Closure))
#42 C:/Users/DELL/Downloads/Ascend AI/vendor/laravel/framework/src/Illuminate/Session/Middleware/StartSession.php(120): Illuminate/Pipeline/Pipeline->Illuminate/Pipeline/{closure}(Object(Illuminate/Http/Request))
#43 C:/Users/DELL/Downloads/Ascend AI/vendor/laravel/framework/src/Illuminate/Session/Middleware/StartSession.php(63): Illuminate/Session/Middleware/StartSession->handleStatefulRequest(Object(Illuminate/Http/Request), Object(Illuminate/Session/Store), Object(Closure))
#44 C:/Users/DELL/Downloads/Ascend AI/vendor/laravel/framework/src/Illuminate/Pipeline/Pipeline.php(219): Illuminate/Session/Middleware/StartSession->handle(Object(Illuminate/Http/Request), Object(Closure))
#45 C:/Users/DELL/Downloads/Ascend AI/vendor/laravel/framework/src/Illuminate/Cookie/Middleware/AddQueuedCookiesToResponse.php(36): Illuminate/Pipeline/Pipeline->Illuminate/Pipeline/{closure}(Object(Illuminate/Http/Request))
#46 C:/Users/DELL/Downloads/Ascend AI/vendor/laravel/framework/src/Illuminate/Pipeline/Pipeline.php(219): Illuminate/Cookie/Middleware/AddQueuedCookiesToResponse->handle(Object(Illuminate/Http/Request), Object(Closure))
#47 C:/Users/DELL/Downloads/Ascend AI/vendor/laravel/framework/src/Illuminate/Cookie/Middleware/EncryptCookies.php(74): Illuminate/Pipeline/Pipeline->Illuminate/Pipeline/{closure}(Object(Illuminate/Http/Request))
#48 C:/Users/DELL/Downloads/Ascend AI/vendor/laravel/framework/src/Illuminate/Pipeline/Pipeline.php(219): Illuminate/Cookie/Middleware/EncryptCookies->handle(Object(Illuminate/Http/Request), Object(Closure))
#49 C:/Users/DELL/Downloads/Ascend AI/app/Installer/Http/Middleware/PrepareInstallation.php(29): Illuminate/Pipeline/Pipeline->Illuminate/Pipeline/{closure}(Object(Illuminate/Http/Request))
#50 C:/Users/DELL/Downloads/Ascend AI/vendor/laravel/framework/src/Illuminate/Pipeline/Pipeline.php(219): App/Installer/Http/Middleware/PrepareInstallation->handle(Object(Illuminate/Http/Request), Object(Closure))
#51 C:/Users/DELL/Downloads/Ascend AI/vendor/laravel/framework/src/Illuminate/Pipeline/Pipeline.php(137): Illuminate/Pipeline/Pipeline->Illuminate/Pipeline/{closure}(Object(Illuminate/Http/Request))
#52 C:/Users/DELL/Downloads/Ascend AI/vendor/laravel/framework/src/Illuminate/Routing/Router.php(821): Illuminate/Pipeline/Pipeline->then(Object(Closure))
#53 C:/Users/DELL/Downloads/Ascend AI/vendor/laravel/framework/src/Illuminate/Routing/Router.php(800): Illuminate/Routing/Router->runRouteWithinStack(Object(Illuminate/Routing/Route), Object(Illuminate/Http/Request))
#54 C:/Users/DELL/Downloads/Ascend AI/vendor/laravel/framework/src/Illuminate/Routing/Router.php(764): Illuminate/Routing/Router->runRoute(Object(Illuminate/Http/Request), Object(Illuminate/Routing/Route))
#55 C:/Users/DELL/Downloads/Ascend AI/vendor/laravel/framework/src/Illuminate/Routing/Router.php(753): Illuminate/Routing/Router->dispatchToRoute(Object(Illuminate/Http/Request))
#56 C:/Users/DELL/Downloads/Ascend AI/vendor/laravel/framework/src/Illuminate/Foundation/Http/Kernel.php(200): Illuminate/Routing/Router->dispatch(Object(Illuminate/Http/Request))
#57 C:/Users/DELL/Downloads/Ascend AI/vendor/laravel/framework/src/Illuminate/Pipeline/Pipeline.php(180): Illuminate/Foundation/Http/Kernel->Illuminate/Foundation/Http/{closure}(Object(Illuminate/Http/Request))
#58 C:/Users/DELL/Downloads/Ascend AI/vendor/livewire/livewire/src/Features/SupportDisablingBackButtonCache/DisableBackButtonCacheMiddleware.php(19): Illuminate/Pipeline/Pipeline->Illuminate/Pipeline/{closure}(Object(Illuminate/Http/Request))
#59 C:/Users/DELL/Downloads/Ascend AI/vendor/laravel/framework/src/Illuminate/Pipeline/Pipeline.php(219): Livewire/Features/SupportDisablingBackButtonCache/DisableBackButtonCacheMiddleware->handle(Object(Illuminate/Http/Request), Object(Closure))
#60 C:/Users/DELL/Downloads/Ascend AI/vendor/laravel/framework/src/Illuminate/Foundation/Http/Middleware/TransformsRequest.php(21): Illuminate/Pipeline/Pipeline->Illuminate/Pipeline/{closure}(Object(Illuminate/Http/Request))
#61 C:/Users/DELL/Downloads/Ascend AI/vendor/laravel/framework/src/Illuminate/Foundation/Http/Middleware/ConvertEmptyStringsToNull.php(31): Illuminate/Foundation/Http/Middleware/TransformsRequest->handle(Object(Illuminate/Http/Request), Object(Closure))
#62 C:/Users/DELL/Downloads/Ascend AI/vendor/laravel/framework/src/Illuminate/Pipeline/Pipeline.php(219): Illuminate/Foundation/Http/Middleware/ConvertEmptyStringsToNull->handle(Object(Illuminate/Http/Request), Object(Closure))
#63 C:/Users/DELL/Downloads/Ascend AI/vendor/laravel/framework/src/Illuminate/Foundation/Http/Middleware/TransformsRequest.php(21): Illuminate/Pipeline/Pipeline->Illuminate/Pipeline/{closure}(Object(Illuminate/Http/Request))
#64 C:/Users/DELL/Downloads/Ascend AI/vendor/laravel/framework/src/Illuminate/Foundation/Http/Middleware/TrimStrings.php(51): Illuminate/Foundation/Http/Middleware/TransformsRequest->handle(Object(Illuminate/Http/Request), Object(Closure))
#65 C:/Users/DELL/Downloads/Ascend AI/vendor/laravel/framework/src/Illuminate/Pipeline/Pipeline.php(219): Illuminate/Foundation/Http/Middleware/TrimStrings->handle(Object(Illuminate/Http/Request), Object(Closure))
#66 C:/Users/DELL/Downloads/Ascend AI/vendor/laravel/framework/src/Illuminate/Http/Middleware/ValidatePostSize.php(27): Illuminate/Pipeline/Pipeline->Illuminate/Pipeline/{closure}(Object(Illuminate/Http/Request))
#67 C:/Users/DELL/Downloads/Ascend AI/vendor/laravel/framework/src/Illuminate/Pipeline/Pipeline.php(219): Illuminate/Http/Middleware/ValidatePostSize->handle(Object(Illuminate/Http/Request), Object(Closure))
#68 C:/Users/DELL/Downloads/Ascend AI/vendor/laravel/framework/src/Illuminate/Foundation/Http/Middleware/PreventRequestsDuringMaintenance.php(109): Illuminate/Pipeline/Pipeline->Illuminate/Pipeline/{closure}(Object(Illuminate/Http/Request))
#69 C:/Users/DELL/Downloads/Ascend AI/vendor/laravel/framework/src/Illuminate/Pipeline/Pipeline.php(219): Illuminate/Foundation/Http/Middleware/PreventRequestsDuringMaintenance->handle(Object(Illuminate/Http/Request), Object(Closure))
#70 C:/Users/DELL/Downloads/Ascend AI/vendor/laravel/framework/src/Illuminate/Http/Middleware/HandleCors.php(61): Illuminate/Pipeline/Pipeline->Illuminate/Pipeline/{closure}(Object(Illuminate/Http/Request))
#71 C:/Users/DELL/Downloads/Ascend AI/vendor/laravel/framework/src/Illuminate/Pipeline/Pipeline.php(219): Illuminate/Http/Middleware/HandleCors->handle(Object(Illuminate/Http/Request), Object(Closure))
#72 C:/Users/DELL/Downloads/Ascend AI/vendor/laravel/framework/src/Illuminate/Http/Middleware/TrustProxies.php(58): Illuminate/Pipeline/Pipeline->Illuminate/Pipeline/{closure}(Object(Illuminate/Http/Request))
#73 C:/Users/DELL/Downloads/Ascend AI/vendor/laravel/framework/src/Illuminate/Pipeline/Pipeline.php(219): Illuminate/Http/Middleware/TrustProxies->handle(Object(Illuminate/Http/Request), Object(Closure))
#74 C:/Users/DELL/Downloads/Ascend AI/vendor/laravel/framework/src/Illuminate/Foundation/Http/Middleware/InvokeDeferredCallbacks.php(22): Illuminate/Pipeline/Pipeline->Illuminate/Pipeline/{closure}(Object(Illuminate/Http/Request))
#75 C:/Users/DELL/Downloads/Ascend AI/vendor/laravel/framework/src/Illuminate/Pipeline/Pipeline.php(219): Illuminate/Foundation/Http/Middleware/InvokeDeferredCallbacks->handle(Object(Illuminate/Http/Request), Object(Closure))
#76 C:/Users/DELL/Downloads/Ascend AI/vendor/laravel/framework/src/Illuminate/Http/Middleware/ValidatePathEncoding.php(28): Illuminate/Pipeline/Pipeline->Illuminate/Pipeline/{closure}(Object(Illuminate/Http/Request))
#77 C:/Users/DELL/Downloads/Ascend AI/vendor/laravel/framework/src/Illuminate/Pipeline/Pipeline.php(219): Illuminate/Http/Middleware/ValidatePathEncoding->handle(Object(Illuminate/Http/Request), Object(Closure))
#78 C:/Users/DELL/Downloads/Ascend AI/vendor/laravel/framework/src/Illuminate/Pipeline/Pipeline.php(137): Illuminate/Pipeline/Pipeline->Illuminate/Pipeline/{closure}(Object(Illuminate/Http/Request))
#79 C:/Users/DELL/Downloads/Ascend AI/vendor/laravel/framework/src/Illuminate/Foundation/Http/Kernel.php(175): Illuminate/Pipeline/Pipeline->then(Object(Closure))
#80 C:/Users/DELL/Downloads/Ascend AI/vendor/laravel/framework/src/Illuminate/Foundation/Http/Kernel.php(144): Illuminate/Foundation/Http/Kernel->sendRequestThroughRouter(Object(Illuminate/Http/Request))
#81 C:/Users/DELL/Downloads/Ascend AI/vendor/laravel/framework/src/Illuminate/Foundation/Testing/Concerns/MakesHttpRequests.php(607): Illuminate/Foundation/Http/Kernel->handle(Object(Illuminate/Http/Request))
#82 C:/Users/DELL/Downloads/Ascend AI/vendor/laravel/framework/src/Illuminate/Foundation/Testing/Concerns/MakesHttpRequests.php(368): Illuminate/Foundation/Testing/TestCase->call('GET', '/portal/ascend/...', Array, Array, Array, Array)
#83 C:/Users/DELL/Downloads/Ascend AI/tests/Feature/AscendEnterpriseModulesUiTest.php(17): Illuminate/Foundation/Testing/TestCase->get('/portal/ascend/...')
#84 C:/Users/DELL/Downloads/Ascend AI/vendor/pestphp/pest/src/Factories/TestCaseMethodFactory.php(172): P/Tests/Feature/AscendEnterpriseModulesUiTest->{closure}()
#85 [internal function]: P/Tests/Feature/AscendEnterpriseModulesUiTest->Pest/Factories/{closure}()
#86 C:/Users/DELL/Downloads/Ascend AI/vendor/pestphp/pest/src/Concerns/Testable.php(429): call_user_func_array(Object(Closure), Array)
#87 C:/Users/DELL/Downloads/Ascend AI/vendor/pestphp/pest/src/Support/ExceptionTrace.php(26): P/Tests/Feature/AscendEnterpriseModulesUiTest->Pest/Concerns/{closure}()
#88 C:/Users/DELL/Downloads/Ascend AI/vendor/pestphp/pest/src/Concerns/Testable.php(429): Pest/Support/ExceptionTrace::ensure(Object(Closure))
#89 C:/Users/DELL/Downloads/Ascend AI/vendor/pestphp/pest/src/Concerns/Testable.php(331): P/Tests/Feature/AscendEnterpriseModulesUiTest->__callClosure(Object(Closure), Array)
#90 C:/Users/DELL/Downloads/Ascend AI/vendor/pestphp/pest/src/Factories/TestCaseFactory.php(170) : eval()'d code(17): P/Tests/Feature/AscendEnterpriseModulesUiTest->__runTest(Object(Closure))
#91 C:/Users/DELL/Downloads/Ascend AI/vendor/phpunit/phpunit/src/Framework/TestCase.php(1332): P/Tests/Feature/AscendEnterpriseModulesUiTest->__pest_evaluable_renders_all_7_core_enterprise_modules_inside_full_app_shell_with_complete_sidebar_navigation()
#92 C:/Users/DELL/Downloads/Ascend AI/vendor/phpunit/phpunit/src/Framework/TestCase.php(519): PHPUnit/Framework/TestCase->runTest()
#93 C:/Users/DELL/Downloads/Ascend AI/vendor/phpunit/phpunit/src/Framework/TestRunner/TestRunner.php(99): PHPUnit/Framework/TestCase->runBare()
#94 C:/Users/DELL/Downloads/Ascend AI/vendor/phpunit/phpunit/src/Framework/TestCase.php(359): PHPUnit/Framework/TestRunner->run(Object(P/Tests/Feature/AscendEnterpriseModulesUiTest))
#95 C:/Users/DELL/Downloads/Ascend AI/vendor/phpunit/phpunit/src/Framework/TestSuite.php(374): PHPUnit/Framework/TestCase->run()
#96 C:/Users/DELL/Downloads/Ascend AI/vendor/phpunit/phpunit/src/Framework/TestSuite.php(374): PHPUnit/Framework/TestSuite->run()
#97 C:/Users/DELL/Downloads/Ascend AI/vendor/phpunit/phpunit/src/Framework/TestSuite.php(374): PHPUnit/Framework/TestSuite->run()
#98 C:/Users/DELL/Downloads/Ascend AI/vendor/phpunit/phpunit/src/TextUI/TestRunner.php(64): PHPUnit/Framework/TestSuite->run()
#99 C:/Users/DELL/Downloads/Ascend AI/vendor/phpunit/phpunit/src/TextUI/Application.php(229): PHPUnit/TextUI/TestRunner->run(Object(PHPUnit/TextUI/Configuration/Configuration), Object(PHPUnit/Runner/ResultCache/DefaultResultCache), Object(PHPUnit/Framework/TestSuite))
#100 C:/Users/DELL/Downloads/Ascend AI/vendor/pestphp/pest/src/Kernel.php(103): PHPUnit/TextUI/Application->run(Array)
#101 C:/Users/DELL/Downloads/Ascend AI/vendor/pestphp/pest/bin/pest(187): Pest/Kernel->handle(Array, Array)
#102 C:/Users/DELL/Downloads/Ascend AI/vendor/pestphp/pest/bin/pest(195): {closure}()
#103 C:/Users/DELL/Downloads/Ascend AI/vendor/bin/pest(119): include('C://Users//DELL//D...')
#104 {main}

[previous exception] [object] (ParseError(code: 0): syntax error, unexpected end of file, expecting \"elseif\" or \"else\" or \"endif\" at C:/Users/DELL/Downloads/Ascend AI/storage/framework/views/5b5888acc5448a1fad4ecad7d67325ba.php:3509)
[stacktrace]
#0 C:/Users/DELL/Downloads/Ascend AI/vendor/livewire/livewire/src/Mechanisms/ExtendBlade/ExtendedCompilerEngine.php(38): Modules/AppAscend/Livewire/AscendModuleViewer->Livewire/Mechanisms/ExtendBlade/{closure}()
#1 C:/Users/DELL/Downloads/Ascend AI/vendor/laravel/framework/src/Illuminate/View/Engines/CompilerEngine.php(76): Livewire/Mechanisms/ExtendBlade/ExtendedCompilerEngine->evaluatePath('C://Users//DELL//D...', Array)
#2 C:/Users/DELL/Downloads/Ascend AI/vendor/livewire/livewire/src/Mechanisms/ExtendBlade/ExtendedCompilerEngine.php(16): Illuminate/View/Engines/CompilerEngine->get('C://Users//DELL//D...', Array)
#3 C:/Users/DELL/Downloads/Ascend AI/vendor/laravel/framework/src/Illuminate/View/View.php(208): Livewire/Mechanisms/ExtendBlade/ExtendedCompilerEngine->get('C://Users//DELL//D...', Array)
#4 C:/Users/DELL/Downloads/Ascend AI/vendor/laravel/framework/src/Illuminate/View/View.php(191): Illuminate/View/View->getContents()
#5 C:/Users/DELL/Downloads/Ascend AI/vendor/laravel/framework/src/Illuminate/View/View.php(160): Illuminate/View/View->renderContents()
#6 C:/Users/DELL/Downloads/Ascend AI/vendor/livewire/livewire/src/Mechanisms/HandleComponents/HandleComponents.php(410): Illuminate/View/View->render(Object(Closure))
#7 C:/Users/DELL/Downloads/Ascend AI/vendor/livewire/livewire/src/Mechanisms/HandleComponents/HandleComponents.php(461): Livewire/Mechanisms/HandleComponents/HandleComponents->Livewire/Mechanisms/HandleComponents/{closure}()
#8 C:/Users/DELL/Downloads/Ascend AI/vendor/livewire/livewire/src/Mechanisms/HandleComponents/HandleComponents.php(402): Livewire/Mechanisms/HandleComponents/HandleComponents->trackInRenderStack(Object(Modules/AppAscend/Livewire/AscendModuleViewer), Object(Closure))
#9 C:/Users/DELL/Downloads/Ascend AI/vendor/livewire/livewire/src/Mechanisms/HandleComponents/HandleComponents.php(81): Livewire/Mechanisms/HandleComponents/HandleComponents->render(Object(Modules/AppAscend/Livewire/AscendModuleViewer), '<div></div>')
#10 C:/Users/DELL/Downloads/Ascend AI/vendor/livewire/livewire/src/LivewireManager.php(102): Livewire/Mechanisms/HandleComponents/HandleComponents->mount('Modules//AppAsce...', Array, NULL, Array)
#11 C:/Users/DELL/Downloads/Ascend AI/vendor/livewire/livewire/src/Features/SupportPageComponents/HandlesPageComponents.php(19): Livewire/LivewireManager->mount('Modules//AppAsce...', Array)
#12 C:/Users/DELL/Downloads/Ascend AI/vendor/livewire/livewire/src/Features/SupportPageComponents/SupportPageComponents.php(118): Livewire/Component->Livewire/Features/SupportPageComponents/{closure}()
#13 C:/Users/DELL/Downloads/Ascend AI/vendor/livewire/livewire/src/Features/SupportPageComponents/HandlesPageComponents.php(14): Livewire/Features/SupportPageComponents/SupportPageComponents::interceptTheRenderOfTheComponentAndRetreiveTheLayoutConfiguration(Object(Closure))
#14 C:/Users/DELL/Downloads/Ascend AI/vendor/laravel/framework/src/Illuminate/Routing/ControllerDispatcher.php(46): Livewire/Component->__invoke('crm')
#15 C:/Users/DELL/Downloads/Ascend AI/vendor/laravel/framework/src/Illuminate/Routing/Route.php(269): Illuminate/Routing/ControllerDispatcher->dispatch(Object(Illuminate/Routing/Route), Object(Modules/AppAscend/Livewire/AscendModuleViewer), '__invoke')
#16 C:/Users/DELL/Downloads/Ascend AI/vendor/laravel/framework/src/Illuminate/Routing/Route.php(215): Illuminate/Routing/Route->runController()
#17 C:/Users/DELL/Downloads/Ascend AI/vendor/laravel/framework/src/Illuminate/Routing/Router.php(822): Illuminate/Routing/Route->run()
#18 C:/Users/DELL/Downloads/Ascend AI/vendor/laravel/framework/src/Illuminate/Pipeline/Pipeline.php(180): Illuminate/Routing/Router->Illuminate/Routing/{closure}(Object(Illuminate/Http/Request))
#19 C:/Users/DELL/Downloads/Ascend AI/vendor/laravel/framework/src/Illuminate/Auth/Middleware/EnsureEmailIsVerified.php(41): Illuminate/Pipeline/Pipeline->Illuminate/Pipeline/{closure}(Object(Illuminate/Http/Request))
#20 C:/Users/DELL/Downloads/Ascend AI/vendor/laravel/framework/src/Illuminate/Pipeline/Pipeline.php(219): Illuminate/Auth/Middleware/EnsureEmailIsVerified->handle(Object(Illuminate/Http/Request), Object(Closure))
#21 C:/Users/DELL/Downloads/Ascend AI/app/Http/Middleware/PreventDemoModeWriteOperations.php(64): Illuminate/Pipeline/Pipeline->Illuminate/Pipeline/{closure}(Object(Illuminate/Http/Request))
#22 C:/Users/DELL/Downloads/Ascend AI/vendor/laravel/framework/src/Illuminate/Pipeline/Pipeline.php(219): App/Http/Middleware/PreventDemoModeWriteOperations->handle(Object(Illuminate/Http/Request), Object(Closure))
#23 C:/Users/DELL/Downloads/Ascend AI/app/Http/Middleware/EnsureAdminAccess.php(14): Illuminate/Pipeline/Pipeline->Illuminate/Pipeline/{closure}(Object(Illuminate/Http/Request))
#24 C:/Users/DELL/Downloads/Ascend AI/vendor/laravel/framework/src/Illuminate/Pipeline/Pipeline.php(219): App/Http/Middleware/EnsureAdminAccess->handle(Object(Illuminate/Http/Request), Object(Closure))
#25 C:/Users/DELL/Downloads/Ascend AI/app/Http/Middleware/ResolveUserPlanState.php(24): Illuminate/Pipeline/Pipeline->Illuminate/Pipeline/{closure}(Object(Illuminate/Http/Request))
#26 C:/Users/DELL/Downloads/Ascend AI/vendor/laravel/framework/src/Illuminate/Pipeline/Pipeline.php(219): App/Http/Middleware/ResolveUserPlanState->handle(Object(Illuminate/Http/Request), Object(Closure))
#27 C:/Users/DELL/Downloads/Ascend AI/modules/AppAffiliate/Http/Middleware/CaptureAffiliateReferral.php(19): Illuminate/Pipeline/Pipeline->Illuminate/Pipeline/{closure}(Object(Illuminate/Http/Request))
#28 C:/Users/DELL/Downloads/Ascend AI/vendor/laravel/framework/src/Illuminate/Pipeline/Pipeline.php(219): Modules/AppAffiliate/Http/Middleware/CaptureAffiliateReferral->handle(Object(Illuminate/Http/Request), Object(Closure))
#29 C:/Users/DELL/Downloads/Ascend AI/modules/AdminThemes/Http/Middleware/SetThemeContext.php(64): Illuminate/Pipeline/Pipeline->Illuminate/Pipeline/{closure}(Object(Illuminate/Http/Request))
#30 C:/Users/DELL/Downloads/Ascend AI/vendor/laravel/framework/src/Illuminate/Pipeline/Pipeline.php(219): Modules/AdminThemes/Http/Middleware/SetThemeContext->handle(Object(Illuminate/Http/Request), Object(Closure))
#31 C:/Users/DELL/Downloads/Ascend AI/modules/AdminLanguages/Http/Middleware/SetLocale.php(25): Illuminate/Pipeline/Pipeline->Illuminate/Pipeline/{closure}(Object(Illuminate/Http/Request))
#32 C:/Users/DELL/Downloads/Ascend AI/vendor/laravel/framework/src/Illuminate/Pipeline/Pipeline.php(219): Modules/AdminLanguages/Http/Middleware/SetLocale->handle(Object(Illuminate/Http/Request), Object(Closure))
#33 C:/Users/DELL/Downloads/Ascend AI/vendor/laravel/framework/src/Illuminate/Routing/Middleware/SubstituteBindings.php(52): Illuminate/Pipeline/Pipeline->Illuminate/Pipeline/{closure}(Object(Illuminate/Http/Request))
#34 C:/Users/DELL/Downloads/Ascend AI/vendor/laravel/framework/src/Illuminate/Pipeline/Pipeline.php(219): Illuminate/Routing/Middleware/SubstituteBindings->handle(Object(Illuminate/Http/Request), Object(Closure))
#35 C:/Users/DELL/Downloads/Ascend AI/vendor/laravel/framework/src/Illuminate/Auth/Middleware/Authenticate.php(63): Illuminate/Pipeline/Pipeline->Illuminate/Pipeline/{closure}(Object(Illuminate/Http/Request))
#36 C:/Users/DELL/Downloads/Ascend AI/vendor/laravel/framework/src/Illuminate/Pipeline/Pipeline.php(219): Illuminate/Auth/Middleware/Authenticate->handle(Object(Illuminate/Http/Request), Object(Closure))
#37 C:/Users/DELL/Downloads/Ascend AI/vendor/laravel/framework/src/Illuminate/Foundation/Http/Middleware/PreventRequestForgery.php(104): Illuminate/Pipeline/Pipeline->Illuminate/Pipeline/{closure}(Object(Illuminate/Http/Request))
#38 C:/Users/DELL/Downloads/Ascend AI/vendor/laravel/framework/src/Illuminate/Pipeline/Pipeline.php(219): Illuminate/Foundation/Http/Middleware/PreventRequestForgery->handle(Object(Illuminate/Http/Request), Object(Closure))
#39 C:/Users/DELL/Downloads/Ascend AI/vendor/laravel/framework/src/Illuminate/View/Middleware/ShareErrorsFromSession.php(48): Illuminate/Pipeline/Pipeline->Illuminate/Pipeline/{closure}(Object(Illuminate/Http/Request))
#40 C:/Users/DELL/Downloads/Ascend AI/vendor/laravel/framework/src/Illuminate/Pipeline/Pipeline.php(219): Illuminate/View/Middleware/ShareErrorsFromSession->handle(Object(Illuminate/Http/Request), Object(Closure))
#41 C:/Users/DELL/Downloads/Ascend AI/vendor/laravel/framework/src/Illuminate/Session/Middleware/StartSession.php(120): Illuminate/Pipeline/Pipeline->Illuminate/Pipeline/{closure}(Object(Illuminate/Http/Request))
#42 C:/Users/DELL/Downloads/Ascend AI/vendor/laravel/framework/src/Illuminate/Session/Middleware/StartSession.php(63): Illuminate/Session/Middleware/StartSession->handleStatefulRequest(Object(Illuminate/Http/Request), Object(Illuminate/Session/Store), Object(Closure))
#43 C:/Users/DELL/Downloads/Ascend AI/vendor/laravel/framework/src/Illuminate/Pipeline/Pipeline.php(219): Illuminate/Session/Middleware/StartSession->handle(Object(Illuminate/Http/Request), Object(Closure))
#44 C:/Users/DELL/Downloads/Ascend AI/vendor/laravel/framework/src/Illuminate/Cookie/Middleware/AddQueuedCookiesToResponse.php(36): Illuminate/Pipeline/Pipeline->Illuminate/Pipeline/{closure}(Object(Illuminate/Http/Request))
#45 C:/Users/DELL/Downloads/Ascend AI/vendor/laravel/framework/src/Illuminate/Pipeline/Pipeline.php(219): Illuminate/Cookie/Middleware/AddQueuedCookiesToResponse->handle(Object(Illuminate/Http/Request), Object(Closure))
#46 C:/Users/DELL/Downloads/Ascend AI/vendor/laravel/framework/src/Illuminate/Cookie/Middleware/EncryptCookies.php(74): Illuminate/Pipeline/Pipeline->Illuminate/Pipeline/{closure}(Object(Illuminate/Http/Request))
#47 C:/Users/DELL/Downloads/Ascend AI/vendor/laravel/framework/src/Illuminate/Pipeline/Pipeline.php(219): Illuminate/Cookie/Middleware/EncryptCookies->handle(Object(Illuminate/Http/Request), Object(Closure))
#48 C:/Users/DELL/Downloads/Ascend AI/app/Installer/Http/Middleware/PrepareInstallation.php(29): Illuminate/Pipeline/Pipeline->Illuminate/Pipeline/{closure}(Object(Illuminate/Http/Request))
#49 C:/Users/DELL/Downloads/Ascend AI/vendor/laravel/framework/src/Illuminate/Pipeline/Pipeline.php(219): App/Installer/Http/Middleware/PrepareInstallation->handle(Object(Illuminate/Http/Request), Object(Closure))
#50 C:/Users/DELL/Downloads/Ascend AI/vendor/laravel/framework/src/Illuminate/Pipeline/Pipeline.php(137): Illuminate/Pipeline/Pipeline->Illuminate/Pipeline/{closure}(Object(Illuminate/Http/Request))
#51 C:/Users/DELL/Downloads/Ascend AI/vendor/laravel/framework/src/Illuminate/Routing/Router.php(821): Illuminate/Pipeline/Pipeline->then(Object(Closure))
#52 C:/Users/DELL/Downloads/Ascend AI/vendor/laravel/framework/src/Illuminate/Routing/Router.php(800): Illuminate/Routing/Router->runRouteWithinStack(Object(Illuminate/Routing/Route), Object(Illuminate/Http/Request))
#53 C:/Users/DELL/Downloads/Ascend AI/vendor/laravel/framework/src/Illuminate/Routing/Router.php(764): Illuminate/Routing/Router->runRoute(Object(Illuminate/Http/Request), Object(Illuminate/Routing/Route))
#54 C:/Users/DELL/Downloads/Ascend AI/vendor/laravel/framework/src/Illuminate/Routing/Router.php(753): Illuminate/Routing/Router->dispatchToRoute(Object(Illuminate/Http/Request))
#55 C:/Users/DELL/Downloads/Ascend AI/vendor/laravel/framework/src/Illuminate/Foundation/Http/Kernel.php(200): Illuminate/Routing/Router->dispatch(Object(Illuminate/Http/Request))
#56 C:/Users/DELL/Downloads/Ascend AI/vendor/laravel/framework/src/Illuminate/Pipeline/Pipeline.php(180): Illuminate/Foundation/Http/Kernel->Illuminate/Foundation/Http/{closure}(Object(Illuminate/Http/Request))
#57 C:/Users/DELL/Downloads/Ascend AI/vendor/livewire/livewire/src/Features/SupportDisablingBackButtonCache/DisableBackButtonCacheMiddleware.php(19): Illuminate/Pipeline/Pipeline->Illuminate/Pipeline/{closure}(Object(Illuminate/Http/Request))
#58 C:/Users/DELL/Downloads/Ascend AI/vendor/laravel/framework/src/Illuminate/Pipeline/Pipeline.php(219): Livewire/Features/SupportDisablingBackButtonCache/DisableBackButtonCacheMiddleware->handle(Object(Illuminate/Http/Request), Object(Closure))
#59 C:/Users/DELL/Downloads/Ascend AI/vendor/laravel/framework/src/Illuminate/Foundation/Http/Middleware/TransformsRequest.php(21): Illuminate/Pipeline/Pipeline->Illuminate/Pipeline/{closure}(Object(Illuminate/Http/Request))
#60 C:/Users/DELL/Downloads/Ascend AI/vendor/laravel/framework/src/Illuminate/Foundation/Http/Middleware/ConvertEmptyStringsToNull.php(31): Illuminate/Foundation/Http/Middleware/TransformsRequest->handle(Object(Illuminate/Http/Request), Object(Closure))
#61 C:/Users/DELL/Downloads/Ascend AI/vendor/laravel/framework/src/Illuminate/Pipeline/Pipeline.php(219): Illuminate/Foundation/Http/Middleware/ConvertEmptyStringsToNull->handle(Object(Illuminate/Http/Request), Object(Closure))
#62 C:/Users/DELL/Downloads/Ascend AI/vendor/laravel/framework/src/Illuminate/Foundation/Http/Middleware/TransformsRequest.php(21): Illuminate/Pipeline/Pipeline->Illuminate/Pipeline/{closure}(Object(Illuminate/Http/Request))
#63 C:/Users/DELL/Downloads/Ascend AI/vendor/laravel/framework/src/Illuminate/Foundation/Http/Middleware/TrimStrings.php(51): Illuminate/Foundation/Http/Middleware/TransformsRequest->handle(Object(Illuminate/Http/Request), Object(Closure))
#64 C:/Users/DELL/Downloads/Ascend AI/vendor/laravel/framework/src/Illuminate/Pipeline/Pipeline.php(219): Illuminate/Foundation/Http/Middleware/TrimStrings->handle(Object(Illuminate/Http/Request), Object(Closure))
#65 C:/Users/DELL/Downloads/Ascend AI/vendor/laravel/framework/src/Illuminate/Http/Middleware/ValidatePostSize.php(27): Illuminate/Pipeline/Pipeline->Illuminate/Pipeline/{closure}(Object(Illuminate/Http/Request))
#66 C:/Users/DELL/Downloads/Ascend AI/vendor/laravel/framework/src/Illuminate/Pipeline/Pipeline.php(219): Illuminate/Http/Middleware/ValidatePostSize->handle(Object(Illuminate/Http/Request), Object(Closure))
#67 C:/Users/DELL/Downloads/Ascend AI/vendor/laravel/framework/src/Illuminate/Foundation/Http/Middleware/PreventRequestsDuringMaintenance.php(109): Illuminate/Pipeline/Pipeline->Illuminate/Pipeline/{closure}(Object(Illuminate/Http/Request))
#68 C:/Users/DELL/Downloads/Ascend AI/vendor/laravel/framework/src/Illuminate/Pipeline/Pipeline.php(219): Illuminate/Foundation/Http/Middleware/PreventRequestsDuringMaintenance->handle(Object(Illuminate/Http/Request), Object(Closure))
#69 C:/Users/DELL/Downloads/Ascend AI/vendor/laravel/framework/src/Illuminate/Http/Middleware/HandleCors.php(61): Illuminate/Pipeline/Pipeline->Illuminate/Pipeline/{closure}(Object(Illuminate/Http/Request))
#70 C:/Users/DELL/Downloads/Ascend AI/vendor/laravel/framework/src/Illuminate/Pipeline/Pipeline.php(219): Illuminate/Http/Middleware/HandleCors->handle(Object(Illuminate/Http/Request), Object(Closure))
#71 C:/Users/DELL/Downloads/Ascend AI/vendor/laravel/framework/src/Illuminate/Http/Middleware/TrustProxies.php(58): Illuminate/Pipeline/Pipeline->Illuminate/Pipeline/{closure}(Object(Illuminate/Http/Request))
#72 C:/Users/DELL/Downloads/Ascend AI/vendor/laravel/framework/src/Illuminate/Pipeline/Pipeline.php(219): Illuminate/Http/Middleware/TrustProxies->handle(Object(Illuminate/Http/Request), Object(Closure))
#73 C:/Users/DELL/Downloads/Ascend AI/vendor/laravel/framework/src/Illuminate/Foundation/Http/Middleware/InvokeDeferredCallbacks.php(22): Illuminate/Pipeline/Pipeline->Illuminate/Pipeline/{closure}(Object(Illuminate/Http/Request))
#74 C:/Users/DELL/Downloads/Ascend AI/vendor/laravel/framework/src/Illuminate/Pipeline/Pipeline.php(219): Illuminate/Foundation/Http/Middleware/InvokeDeferredCallbacks->handle(Object(Illuminate/Http/Request), Object(Closure))
#75 C:/Users/DELL/Downloads/Ascend AI/vendor/laravel/framework/src/Illuminate/Http/Middleware/ValidatePathEncoding.php(28): Illuminate/Pipeline/Pipeline->Illuminate/Pipeline/{closure}(Object(Illuminate/Http/Request))
#76 C:/Users/DELL/Downloads/Ascend AI/vendor/laravel/framework/src/Illuminate/Pipeline/Pipeline.php(219): Illuminate/Http/Middleware/ValidatePathEncoding->handle(Object(Illuminate/Http/Request), Object(Closure))
#77 C:/Users/DELL/Downloads/Ascend AI/vendor/laravel/framework/src/Illuminate/Pipeline/Pipeline.php(137): Illuminate/Pipeline/Pipeline->Illuminate/Pipeline/{closure}(Object(Illuminate/Http/Request))
#78 C:/Users/DELL/Downloads/Ascend AI/vendor/laravel/framework/src/Illuminate/Foundation/Http/Kernel.php(175): Illuminate/Pipeline/Pipeline->then(Object(Closure))
#79 C:/Users/DELL/Downloads/Ascend AI/vendor/laravel/framework/src/Illuminate/Foundation/Http/Kernel.php(144): Illuminate/Foundation/Http/Kernel->sendRequestThroughRouter(Object(Illuminate/Http/Request))
#80 C:/Users/DELL/Downloads/Ascend AI/vendor/laravel/framework/src/Illuminate/Foundation/Testing/Concerns/MakesHttpRequests.php(607): Illuminate/Foundation/Http/Kernel->handle(Object(Illuminate/Http/Request))
#81 C:/Users/DELL/Downloads/Ascend AI/vendor/laravel/framework/src/Illuminate/Foundation/Testing/Concerns/MakesHttpRequests.php(368): Illuminate/Foundation/Testing/TestCase->call('GET', '/portal/ascend/...', Array, Array, Array, Array)
#82 C:/Users/DELL/Downloads/Ascend AI/tests/Feature/AscendEnterpriseModulesUiTest.php(17): Illuminate/Foundation/Testing/TestCase->get('/portal/ascend/...')
#83 C:/Users/DELL/Downloads/Ascend AI/vendor/pestphp/pest/src/Factories/TestCaseMethodFactory.php(172): P/Tests/Feature/AscendEnterpriseModulesUiTest->{closure}()
#84 [internal function]: P/Tests/Feature/AscendEnterpriseModulesUiTest->Pest/Factories/{closure}()
#85 C:/Users/DELL/Downloads/Ascend AI/vendor/pestphp/pest/src/Concerns/Testable.php(429): call_user_func_array(Object(Closure), Array)
#86 C:/Users/DELL/Downloads/Ascend AI/vendor/pestphp/pest/src/Support/ExceptionTrace.php(26): P/Tests/Feature/AscendEnterpriseModulesUiTest->Pest/Concerns/{closure}()
#87 C:/Users/DELL/Downloads/Ascend AI/vendor/pestphp/pest/src/Concerns/Testable.php(429): Pest/Support/ExceptionTrace::ensure(Object(Closure))
#88 C:/Users/DELL/Downloads/Ascend AI/vendor/pestphp/pest/src/Concerns/Testable.php(331): P/Tests/Feature/AscendEnterpriseModulesUiTest->__callClosure(Object(Closure), Array)
#89 C:/Users/DELL/Downloads/Ascend AI/vendor/pestphp/pest/src/Factories/TestCaseFactory.php(170) : eval()'d code(17): P/Tests/Feature/AscendEnterpriseModulesUiTest->__runTest(Object(Closure))
#90 C:/Users/DELL/Downloads/Ascend AI/vendor/phpunit/phpunit/src/Framework/TestCase.php(1332): P/Tests/Feature/AscendEnterpriseModulesUiTest->__pest_evaluable_renders_all_7_core_enterprise_modules_inside_full_app_shell_with_complete_sidebar_navigation()
#91 C:/Users/DELL/Downloads/Ascend AI/vendor/phpunit/phpunit/src/Framework/TestCase.php(519): PHPUnit/Framework/TestCase->runTest()
#92 C:/Users/DELL/Downloads/Ascend AI/vendor/phpunit/phpunit/src/Framework/TestRunner/TestRunner.php(99): PHPUnit/Framework/TestCase->runBare()
#93 C:/Users/DELL/Downloads/Ascend AI/vendor/phpunit/phpunit/src/Framework/TestCase.php(359): PHPUnit/Framework/TestRunner->run(Object(P/Tests/Feature/AscendEnterpriseModulesUiTest))
#94 C:/Users/DELL/Downloads/Ascend AI/vendor/phpunit/phpunit/src/Framework/TestSuite.php(374): PHPUnit/Framework/TestCase->run()
#95 C:/Users/DELL/Downloads/Ascend AI/vendor/phpunit/phpunit/src/Framework/TestSuite.php(374): PHPUnit/Framework/TestSuite->run()
#96 C:/Users/DELL/Downloads/Ascend AI/vendor/phpunit/phpunit/src/Framework/TestSuite.php(374): PHPUnit/Framework/TestSuite->run()
#97 C:/Users/DELL/Downloads/Ascend AI/vendor/phpunit/phpunit/src/TextUI/TestRunner.php(64): PHPUnit/Framework/TestSuite->run()
#98 C:/Users/DELL/Downloads/Ascend AI/vendor/phpunit/phpunit/src/TextUI/Application.php(229): PHPUnit/TextUI/TestRunner->run(Object(PHPUnit/TextUI/Configuration/Configuration), Object(PHPUnit/Runner/ResultCache/DefaultResultCache), Object(PHPUnit/Framework/TestSuite))
#99 C:/Users/DELL/Downloads/Ascend AI/vendor/pestphp/pest/src/Kernel.php(103): PHPUnit/TextUI/Application->run(Array)
#100 C:/Users/DELL/Downloads/Ascend AI/vendor/pestphp/pest/bin/pest(187): Pest/Kernel->handle(Array, Array)
#101 C:/Users/DELL/Downloads/Ascend AI/vendor/pestphp/pest/bin/pest(195): {closure}()
#102 C:/Users/DELL/Downloads/Ascend AI/vendor/bin/pest(119): include('C://Users//DELL//D...')
#103 {main}
"} 
[2026-08-10 10:03:57] testing.WARNING: AI Provider priority [0] failed: Primary rate limited. Attempting next fallback provider.  
[2026-08-10 10:03:57] testing.WARNING: AI Provider priority [0] failed: Primary failed. Attempting next fallback provider.  
[2026-08-10 10:03:57] testing.WARNING: AI Provider priority [1] failed: Secondary failed. Attempting next fallback provider.  
[2026-08-10 10:06:27] testing.WARNING: AI Provider priority [0] failed: Primary rate limited. Attempting next fallback provider.  
[2026-08-10 10:06:27] testing.WARNING: AI Provider priority [0] failed: Primary failed. Attempting next fallback provider.  
[2026-08-10 10:06:27] testing.WARNING: AI Provider priority [1] failed: Secondary failed. Attempting next fallback provider.  
[2026-08-10 11:55:55] testing.WARNING: AI Provider priority [0] failed: Primary rate limited. Attempting next fallback provider.  
[2026-08-10 11:55:55] testing.WARNING: AI Provider priority [0] failed: Primary failed. Attempting next fallback provider.  
[2026-08-10 11:55:55] testing.WARNING: AI Provider priority [1] failed: Secondary failed. Attempting next fallback provider.  
[2026-08-10 11:56:21] testing.WARNING: AI Provider priority [0] failed: Primary rate limited. Attempting next fallback provider.  
[2026-08-10 11:56:21] testing.WARNING: AI Provider priority [0] failed: Primary failed. Attempting next fallback provider.  
[2026-08-10 11:56:21] testing.WARNING: AI Provider priority [1] failed: Secondary failed. Attempting next fallback provider.  
[2026-08-10 11:57:45] testing.WARNING: AI Provider priority [0] failed: Primary rate limited. Attempting next fallback provider.  
[2026-08-10 11:57:45] testing.WARNING: AI Provider priority [0] failed: Primary failed. Attempting next fallback provider.  
[2026-08-10 11:57:45] testing.WARNING: AI Provider priority [1] failed: Secondary failed. Attempting next fallback provider.  
[2026-08-10 12:00:04] testing.WARNING: AI Provider priority [0] failed: Primary rate limited. Attempting next fallback provider.  
[2026-08-10 12:00:04] testing.WARNING: AI Provider priority [0] failed: Primary failed. Attempting next fallback provider.  
[2026-08-10 12:00:04] testing.WARNING: AI Provider priority [1] failed: Secondary failed. Attempting next fallback provider.  
[2026-08-10 12:28:02] testing.WARNING: AI Provider priority [0] failed: Primary rate limited. Attempting next fallback provider.  
[2026-08-10 12:28:02] testing.WARNING: AI Provider priority [0] failed: Primary failed. Attempting next fallback provider.  
[2026-08-10 12:28:02] testing.WARNING: AI Provider priority [1] failed: Secondary failed. Attempting next fallback provider.  
[2026-08-10 12:28:56] testing.WARNING: AI Provider priority [0] failed: Primary rate limited. Attempting next fallback provider.  
[2026-08-10 12:28:56] testing.WARNING: AI Provider priority [0] failed: Primary failed. Attempting next fallback provider.  
[2026-08-10 12:28:56] testing.WARNING: AI Provider priority [1] failed: Secondary failed. Attempting next fallback provider.  
[2026-08-10 12:39:12] testing.WARNING: AI Provider priority [0] failed: Primary rate limited. Attempting next fallback provider.  
[2026-08-10 12:39:12] testing.WARNING: AI Provider priority [0] failed: Primary failed. Attempting next fallback provider.  
[2026-08-10 12:39:12] testing.WARNING: AI Provider priority [1] failed: Secondary failed. Attempting next fallback provider.  
[2026-08-10 12:44:13] testing.WARNING: AI Provider priority [0] failed: Primary rate limited. Attempting next fallback provider.  
[2026-08-10 12:44:13] testing.WARNING: AI Provider priority [0] failed: Primary failed. Attempting next fallback provider.  
[2026-08-10 12:44:13] testing.WARNING: AI Provider priority [1] failed: Secondary failed. Attempting next fallback provider.  
[2026-08-10 12:52:48] testing.WARNING: AI Provider priority [0] failed: Primary rate limited. Attempting next fallback provider.  
[2026-08-10 12:52:48] testing.WARNING: AI Provider priority [0] failed: Primary failed. Attempting next fallback provider.  
[2026-08-10 12:52:48] testing.WARNING: AI Provider priority [1] failed: Secondary failed. Attempting next fallback provider.  
[2026-08-10 12:53:08] testing.ERROR: The PHP GD extension is required, but is not installed. {"userId":1,"exception":"[object] (Exception(code: 0): The PHP GD extension is required, but is not installed. at C:/Users/DELL/Downloads/Ascend AI/vendor/dompdf/dompdf/lib/Cpdf.php:6226)
[stacktrace]
#0 C:/Users/DELL/Downloads/Ascend AI/vendor/dompdf/dompdf/src/Adapter/CPDF.php(674): Dompdf/Cpdf->addPngFromFile('C://Users//DELL//A...', 55.015748031496, 750.7880019685, 145.87012987013, 36.0)
#1 C:/Users/DELL/Downloads/Ascend AI/vendor/dompdf/dompdf/src/Renderer/Image.php(63): Dompdf/Adapter/CPDF->image('C://Users//DELL//A...', 55.015748031496, 55.101998031496, 145.87012987013, 36.0, 'normal')
#2 C:/Users/DELL/Downloads/Ascend AI/vendor/dompdf/dompdf/src/Renderer.php(305): Dompdf/Renderer/Image->render(Object(Dompdf/FrameDecorator/Image))
#3 C:/Users/DELL/Downloads/Ascend AI/vendor/dompdf/dompdf/src/Renderer.php(140): Dompdf/Renderer->_render_frame('image', Object(Dompdf/FrameDecorator/Image))
#4 C:/Users/DELL/Downloads/Ascend AI/vendor/dompdf/dompdf/src/Renderer.php(207): Dompdf/Renderer->render(Object(Dompdf/FrameDecorator/Image))
#5 C:/Users/DELL/Downloads/Ascend AI/vendor/dompdf/dompdf/src/Renderer.php(207): Dompdf/Renderer->render(Object(Dompdf/FrameDecorator/TableCell))
#6 C:/Users/DELL/Downloads/Ascend AI/vendor/dompdf/dompdf/src/Renderer.php(207): Dompdf/Renderer->render(Object(Dompdf/FrameDecorator/TableRow))
#7 C:/Users/DELL/Downloads/Ascend AI/vendor/dompdf/dompdf/src/Renderer.php(207): Dompdf/Renderer->render(Object(Dompdf/FrameDecorator/TableRowGroup))
#8 C:/Users/DELL/Downloads/Ascend AI/vendor/dompdf/dompdf/src/Renderer.php(207): Dompdf/Renderer->render(Object(Dompdf/FrameDecorator/Table))
#9 C:/Users/DELL/Downloads/Ascend AI/vendor/dompdf/dompdf/src/Renderer.php(207): Dompdf/Renderer->render(Object(Dompdf/FrameDecorator/Block))
#10 C:/Users/DELL/Downloads/Ascend AI/vendor/dompdf/dompdf/src/FrameReflower/Page.php(148): Dompdf/Renderer->render(Object(Dompdf/FrameDecorator/Block))
#11 C:/Users/DELL/Downloads/Ascend AI/vendor/dompdf/dompdf/src/FrameDecorator/AbstractFrameDecorator.php(915): Dompdf/FrameReflower/Page->reflow(NULL)
#12 C:/Users/DELL/Downloads/Ascend AI/vendor/dompdf/dompdf/src/Dompdf.php(817): Dompdf/FrameDecorator/AbstractFrameDecorator->reflow()
#13 C:/Users/DELL/Downloads/Ascend AI/vendor/barryvdh/laravel-dompdf/src/PDF.php(244): Dompdf/Dompdf->render()
#14 C:/Users/DELL/Downloads/Ascend AI/vendor/barryvdh/laravel-dompdf/src/PDF.php(188): Barryvdh/DomPDF/PDF->render()
#15 C:/Users/DELL/Downloads/Ascend AI/vendor/barryvdh/laravel-dompdf/src/PDF.php(214): Barryvdh/DomPDF/PDF->output()
#16 C:/Users/DELL/Downloads/Ascend AI/app/Http/Controllers/PdfExportController.php(55): Barryvdh/DomPDF/PDF->download('Invoice-INV-202...')
#17 C:/Users/DELL/Downloads/Ascend AI/vendor/laravel/framework/src/Illuminate/Routing/ControllerDispatcher.php(46): App/Http/Controllers/PdfExportController->downloadInvoice(Object(App/Models/Invoice))
#18 C:/Users/DELL/Downloads/Ascend AI/vendor/laravel/framework/src/Illuminate/Routing/Route.php(269): Illuminate/Routing/ControllerDispatcher->dispatch(Object(Illuminate/Routing/Route), Object(App/Http/Controllers/PdfExportController), 'downloadInvoice')
#19 C:/Users/DELL/Downloads/Ascend AI/vendor/laravel/framework/src/Illuminate/Routing/Route.php(215): Illuminate/Routing/Route->runController()
#20 C:/Users/DELL/Downloads/Ascend AI/vendor/laravel/framework/src/Illuminate/Routing/Router.php(822): Illuminate/Routing/Route->run()
#21 C:/Users/DELL/Downloads/Ascend AI/vendor/laravel/framework/src/Illuminate/Pipeline/Pipeline.php(180): Illuminate/Routing/Router->Illuminate/Routing/{closure}(Object(Illuminate/Http/Request))
#22 C:/Users/DELL/Downloads/Ascend AI/vendor/laravel/framework/src/Illuminate/Auth/Middleware/EnsureEmailIsVerified.php(41): Illuminate/Pipeline/Pipeline->Illuminate/Pipeline/{closure}(Object(Illuminate/Http/Request))
#23 C:/Users/DELL/Downloads/Ascend AI/vendor/laravel/framework/src/Illuminate/Pipeline/Pipeline.php(219): Illuminate/Auth/Middleware/EnsureEmailIsVerified->handle(Object(Illuminate/Http/Request), Object(Closure))
#24 C:/Users/DELL/Downloads/Ascend AI/app/Http/Middleware/PreventDemoModeWriteOperations.php(64): Illuminate/Pipeline/Pipeline->Illuminate/Pipeline/{closure}(Object(Illuminate/Http/Request))
#25 C:/Users/DELL/Downloads/Ascend AI/vendor/laravel/framework/src/Illuminate/Pipeline/Pipeline.php(219): App/Http/Middleware/PreventDemoModeWriteOperations->handle(Object(Illuminate/Http/Request), Object(Closure))
#26 C:/Users/DELL/Downloads/Ascend AI/app/Http/Middleware/EnsureAdminAccess.php(14): Illuminate/Pipeline/Pipeline->Illuminate/Pipeline/{closure}(Object(Illuminate/Http/Request))
#27 C:/Users/DELL/Downloads/Ascend AI/vendor/laravel/framework/src/Illuminate/Pipeline/Pipeline.php(219): App/Http/Middleware/EnsureAdminAccess->handle(Object(Illuminate/Http/Request), Object(Closure))
#28 C:/Users/DELL/Downloads/Ascend AI/app/Http/Middleware/ResolveUserPlanState.php(24): Illuminate/Pipeline/Pipeline->Illuminate/Pipeline/{closure}(Object(Illuminate/Http/Request))
#29 C:/Users/DELL/Downloads/Ascend AI/vendor/laravel/framework/src/Illuminate/Pipeline/Pipeline.php(219): App/Http/Middleware/ResolveUserPlanState->handle(Object(Illuminate/Http/Request), Object(Closure))
#30 C:/Users/DELL/Downloads/Ascend AI/modules/AppAffiliate/Http/Middleware/CaptureAffiliateReferral.php(19): Illuminate/Pipeline/Pipeline->Illuminate/Pipeline/{closure}(Object(Illuminate/Http/Request))
#31 C:/Users/DELL/Downloads/Ascend AI/vendor/laravel/framework/src/Illuminate/Pipeline/Pipeline.php(219): Modules/AppAffiliate/Http/Middleware/CaptureAffiliateReferral->handle(Object(Illuminate/Http/Request), Object(Closure))
#32 C:/Users/DELL/Downloads/Ascend AI/modules/AdminThemes/Http/Middleware/SetThemeContext.php(64): Illuminate/Pipeline/Pipeline->Illuminate/Pipeline/{closure}(Object(Illuminate/Http/Request))
#33 C:/Users/DELL/Downloads/Ascend AI/vendor/laravel/framework/src/Illuminate/Pipeline/Pipeline.php(219): Modules/AdminThemes/Http/Middleware/SetThemeContext->handle(Object(Illuminate/Http/Request), Object(Closure))
#34 C:/Users/DELL/Downloads/Ascend AI/modules/AdminLanguages/Http/Middleware/SetLocale.php(25): Illuminate/Pipeline/Pipeline->Illuminate/Pipeline/{closure}(Object(Illuminate/Http/Request))
#35 C:/Users/DELL/Downloads/Ascend AI/vendor/laravel/framework/src/Illuminate/Pipeline/Pipeline.php(219): Modules/AdminLanguages/Http/Middleware/SetLocale->handle(Object(Illuminate/Http/Request), Object(Closure))
#36 C:/Users/DELL/Downloads/Ascend AI/vendor/laravel/framework/src/Illuminate/Routing/Middleware/SubstituteBindings.php(52): Illuminate/Pipeline/Pipeline->Illuminate/Pipeline/{closure}(Object(Illuminate/Http/Request))
#37 C:/Users/DELL/Downloads/Ascend AI/vendor/laravel/framework/src/Illuminate/Pipeline/Pipeline.php(219): Illuminate/Routing/Middleware/SubstituteBindings->handle(Object(Illuminate/Http/Request), Object(Closure))
#38 C:/Users/DELL/Downloads/Ascend AI/vendor/laravel/framework/src/Illuminate/Auth/Middleware/Authenticate.php(63): Illuminate/Pipeline/Pipeline->Illuminate/Pipeline/{closure}(Object(Illuminate/Http/Request))
#39 C:/Users/DELL/Downloads/Ascend AI/vendor/laravel/framework/src/Illuminate/Pipeline/Pipeline.php(219): Illuminate/Auth/Middleware/Authenticate->handle(Object(Illuminate/Http/Request), Object(Closure))
#40 C:/Users/DELL/Downloads/Ascend AI/vendor/laravel/framework/src/Illuminate/Foundation/Http/Middleware/PreventRequestForgery.php(104): Illuminate/Pipeline/Pipeline->Illuminate/Pipeline/{closure}(Object(Illuminate/Http/Request))
#41 C:/Users/DELL/Downloads/Ascend AI/vendor/laravel/framework/src/Illuminate/Pipeline/Pipeline.php(219): Illuminate/Foundation/Http/Middleware/PreventRequestForgery->handle(Object(Illuminate/Http/Request), Object(Closure))
#42 C:/Users/DELL/Downloads/Ascend AI/vendor/laravel/framework/src/Illuminate/View/Middleware/ShareErrorsFromSession.php(48): Illuminate/Pipeline/Pipeline->Illuminate/Pipeline/{closure}(Object(Illuminate/Http/Request))
#43 C:/Users/DELL/Downloads/Ascend AI/vendor/laravel/framework/src/Illuminate/Pipeline/Pipeline.php(219): Illuminate/View/Middleware/ShareErrorsFromSession->handle(Object(Illuminate/Http/Request), Object(Closure))
#44 C:/Users/DELL/Downloads/Ascend AI/vendor/laravel/framework/src/Illuminate/Session/Middleware/StartSession.php(120): Illuminate/Pipeline/Pipeline->Illuminate/Pipeline/{closure}(Object(Illuminate/Http/Request))
#45 C:/Users/DELL/Downloads/Ascend AI/vendor/laravel/framework/src/Illuminate/Session/Middleware/StartSession.php(63): Illuminate/Session/Middleware/StartSession->handleStatefulRequest(Object(Illuminate/Http/Request), Object(Illuminate/Session/Store), Object(Closure))
#46 C:/Users/DELL/Downloads/Ascend AI/vendor/laravel/framework/src/Illuminate/Pipeline/Pipeline.php(219): Illuminate/Session/Middleware/StartSession->handle(Object(Illuminate/Http/Request), Object(Closure))
#47 C:/Users/DELL/Downloads/Ascend AI/vendor/laravel/framework/src/Illuminate/Cookie/Middleware/AddQueuedCookiesToResponse.php(36): Illuminate/Pipeline/Pipeline->Illuminate/Pipeline/{closure}(Object(Illuminate/Http/Request))
#48 C:/Users/DELL/Downloads/Ascend AI/vendor/laravel/framework/src/Illuminate/Pipeline/Pipeline.php(219): Illuminate/Cookie/Middleware/AddQueuedCookiesToResponse->handle(Object(Illuminate/Http/Request), Object(Closure))
#49 C:/Users/DELL/Downloads/Ascend AI/vendor/laravel/framework/src/Illuminate/Cookie/Middleware/EncryptCookies.php(74): Illuminate/Pipeline/Pipeline->Illuminate/Pipeline/{closure}(Object(Illuminate/Http/Request))
#50 C:/Users/DELL/Downloads/Ascend AI/vendor/laravel/framework/src/Illuminate/Pipeline/Pipeline.php(219): Illuminate/Cookie/Middleware/EncryptCookies->handle(Object(Illuminate/Http/Request), Object(Closure))
#51 C:/Users/DELL/Downloads/Ascend AI/app/Installer/Http/Middleware/PrepareInstallation.php(29): Illuminate/Pipeline/Pipeline->Illuminate/Pipeline/{closure}(Object(Illuminate/Http/Request))
#52 C:/Users/DELL/Downloads/Ascend AI/vendor/laravel/framework/src/Illuminate/Pipeline/Pipeline.php(219): App/Installer/Http/Middleware/PrepareInstallation->handle(Object(Illuminate/Http/Request), Object(Closure))
#53 C:/Users/DELL/Downloads/Ascend AI/vendor/laravel/framework/src/Illuminate/Pipeline/Pipeline.php(137): Illuminate/Pipeline/Pipeline->Illuminate/Pipeline/{closure}(Object(Illuminate/Http/Request))
#54 C:/Users/DELL/Downloads/Ascend AI/vendor/laravel/framework/src/Illuminate/Routing/Router.php(821): Illuminate/Pipeline/Pipeline->then(Object(Closure))
#55 C:/Users/DELL/Downloads/Ascend AI/vendor/laravel/framework/src/Illuminate/Routing/Router.php(800): Illuminate/Routing/Router->runRouteWithinStack(Object(Illuminate/Routing/Route), Object(Illuminate/Http/Request))
#56 C:/Users/DELL/Downloads/Ascend AI/vendor/laravel/framework/src/Illuminate/Routing/Router.php(764): Illuminate/Routing/Router->runRoute(Object(Illuminate/Http/Request), Object(Illuminate/Routing/Route))
#57 C:/Users/DELL/Downloads/Ascend AI/vendor/laravel/framework/src/Illuminate/Routing/Router.php(753): Illuminate/Routing/Router->dispatchToRoute(Object(Illuminate/Http/Request))
#58 C:/Users/DELL/Downloads/Ascend AI/vendor/laravel/framework/src/Illuminate/Foundation/Http/Kernel.php(200): Illuminate/Routing/Router->dispatch(Object(Illuminate/Http/Request))
#59 C:/Users/DELL/Downloads/Ascend AI/vendor/laravel/framework/src/Illuminate/Pipeline/Pipeline.php(180): Illuminate/Foundation/Http/Kernel->Illuminate/Foundation/Http/{closure}(Object(Illuminate/Http/Request))
#60 C:/Users/DELL/Downloads/Ascend AI/vendor/livewire/livewire/src/Features/SupportDisablingBackButtonCache/DisableBackButtonCacheMiddleware.php(19): Illuminate/Pipeline/Pipeline->Illuminate/Pipeline/{closure}(Object(Illuminate/Http/Request))
#61 C:/Users/DELL/Downloads/Ascend AI/vendor/laravel/framework/src/Illuminate/Pipeline/Pipeline.php(219): Livewire/Features/SupportDisablingBackButtonCache/DisableBackButtonCacheMiddleware->handle(Object(Illuminate/Http/Request), Object(Closure))
#62 C:/Users/DELL/Downloads/Ascend AI/vendor/laravel/framework/src/Illuminate/Foundation/Http/Middleware/TransformsRequest.php(21): Illuminate/Pipeline/Pipeline->Illuminate/Pipeline/{closure}(Object(Illuminate/Http/Request))
#63 C:/Users/DELL/Downloads/Ascend AI/vendor/laravel/framework/src/Illuminate/Foundation/Http/Middleware/ConvertEmptyStringsToNull.php(31): Illuminate/Foundation/Http/Middleware/TransformsRequest->handle(Object(Illuminate/Http/Request), Object(Closure))
#64 C:/Users/DELL/Downloads/Ascend AI/vendor/laravel/framework/src/Illuminate/Pipeline/Pipeline.php(219): Illuminate/Foundation/Http/Middleware/ConvertEmptyStringsToNull->handle(Object(Illuminate/Http/Request), Object(Closure))
#65 C:/Users/DELL/Downloads/Ascend AI/vendor/laravel/framework/src/Illuminate/Foundation/Http/Middleware/TransformsRequest.php(21): Illuminate/Pipeline/Pipeline->Illuminate/Pipeline/{closure}(Object(Illuminate/Http/Request))
#66 C:/Users/DELL/Downloads/Ascend AI/vendor/laravel/framework/src/Illuminate/Foundation/Http/Middleware/TrimStrings.php(51): Illuminate/Foundation/Http/Middleware/TransformsRequest->handle(Object(Illuminate/Http/Request), Object(Closure))
#67 C:/Users/DELL/Downloads/Ascend AI/vendor/laravel/framework/src/Illuminate/Pipeline/Pipeline.php(219): Illuminate/Foundation/Http/Middleware/TrimStrings->handle(Object(Illuminate/Http/Request), Object(Closure))
#68 C:/Users/DELL/Downloads/Ascend AI/vendor/laravel/framework/src/Illuminate/Http/Middleware/ValidatePostSize.php(27): Illuminate/Pipeline/Pipeline->Illuminate/Pipeline/{closure}(Object(Illuminate/Http/Request))
#69 C:/Users/DELL/Downloads/Ascend AI/vendor/laravel/framework/src/Illuminate/Pipeline/Pipeline.php(219): Illuminate/Http/Middleware/ValidatePostSize->handle(Object(Illuminate/Http/Request), Object(Closure))
#70 C:/Users/DELL/Downloads/Ascend AI/vendor/laravel/framework/src/Illuminate/Foundation/Http/Middleware/PreventRequestsDuringMaintenance.php(109): Illuminate/Pipeline/Pipeline->Illuminate/Pipeline/{closure}(Object(Illuminate/Http/Request))
#71 C:/Users/DELL/Downloads/Ascend AI/vendor/laravel/framework/src/Illuminate/Pipeline/Pipeline.php(219): Illuminate/Foundation/Http/Middleware/PreventRequestsDuringMaintenance->handle(Object(Illuminate/Http/Request), Object(Closure))
#72 C:/Users/DELL/Downloads/Ascend AI/vendor/laravel/framework/src/Illuminate/Http/Middleware/HandleCors.php(61): Illuminate/Pipeline/Pipeline->Illuminate/Pipeline/{closure}(Object(Illuminate/Http/Request))
#73 C:/Users/DELL/Downloads/Ascend AI/vendor/laravel/framework/src/Illuminate/Pipeline/Pipeline.php(219): Illuminate/Http/Middleware/HandleCors->handle(Object(Illuminate/Http/Request), Object(Closure))
#74 C:/Users/DELL/Downloads/Ascend AI/vendor/laravel/framework/src/Illuminate/Http/Middleware/TrustProxies.php(58): Illuminate/Pipeline/Pipeline->Illuminate/Pipeline/{closure}(Object(Illuminate/Http/Request))
#75 C:/Users/DELL/Downloads/Ascend AI/vendor/laravel/framework/src/Illuminate/Pipeline/Pipeline.php(219): Illuminate/Http/Middleware/TrustProxies->handle(Object(Illuminate/Http/Request), Object(Closure))
#76 C:/Users/DELL/Downloads/Ascend AI/vendor/laravel/framework/src/Illuminate/Foundation/Http/Middleware/InvokeDeferredCallbacks.php(22): Illuminate/Pipeline/Pipeline->Illuminate/Pipeline/{closure}(Object(Illuminate/Http/Request))
#77 C:/Users/DELL/Downloads/Ascend AI/vendor/laravel/framework/src/Illuminate/Pipeline/Pipeline.php(219): Illuminate/Foundation/Http/Middleware/InvokeDeferredCallbacks->handle(Object(Illuminate/Http/Request), Object(Closure))
#78 C:/Users/DELL/Downloads/Ascend AI/vendor/laravel/framework/src/Illuminate/Http/Middleware/ValidatePathEncoding.php(28): Illuminate/Pipeline/Pipeline->Illuminate/Pipeline/{closure}(Object(Illuminate/Http/Request))
#79 C:/Users/DELL/Downloads/Ascend AI/vendor/laravel/framework/src/Illuminate/Pipeline/Pipeline.php(219): Illuminate/Http/Middleware/ValidatePathEncoding->handle(Object(Illuminate/Http/Request), Object(Closure))
#80 C:/Users/DELL/Downloads/Ascend AI/vendor/laravel/framework/src/Illuminate/Pipeline/Pipeline.php(137): Illuminate/Pipeline/Pipeline->Illuminate/Pipeline/{closure}(Object(Illuminate/Http/Request))
#81 C:/Users/DELL/Downloads/Ascend AI/vendor/laravel/framework/src/Illuminate/Foundation/Http/Kernel.php(175): Illuminate/Pipeline/Pipeline->then(Object(Closure))
#82 C:/Users/DELL/Downloads/Ascend AI/vendor/laravel/framework/src/Illuminate/Foundation/Http/Kernel.php(144): Illuminate/Foundation/Http/Kernel->sendRequestThroughRouter(Object(Illuminate/Http/Request))
#83 C:/Users/DELL/Downloads/Ascend AI/vendor/laravel/framework/src/Illuminate/Foundation/Testing/Concerns/MakesHttpRequests.php(607): Illuminate/Foundation/Http/Kernel->handle(Object(Illuminate/Http/Request))
#84 C:/Users/DELL/Downloads/Ascend AI/vendor/laravel/framework/src/Illuminate/Foundation/Testing/Concerns/MakesHttpRequests.php(368): Illuminate/Foundation/Testing/TestCase->call('GET', 'http://127.0.0....', Array, Array, Array, Array)
#85 C:/Users/DELL/Downloads/Ascend AI/tests/Feature/InvoiceReceiptDeliveryNotePdfTest.php(23): Illuminate/Foundation/Testing/TestCase->get('http://127.0.0....')
#86 C:/Users/DELL/Downloads/Ascend AI/vendor/pestphp/pest/src/Factories/TestCaseMethodFactory.php(172): P/Tests/Feature/InvoiceReceiptDeliveryNotePdfTest->{closure}()
#87 [internal function]: P/Tests/Feature/InvoiceReceiptDeliveryNotePdfTest->Pest/Factories/{closure}()
#88 C:/Users/DELL/Downloads/Ascend AI/vendor/pestphp/pest/src/Concerns/Testable.php(429): call_user_func_array(Object(Closure), Array)
#89 C:/Users/DELL/Downloads/Ascend AI/vendor/pestphp/pest/src/Support/ExceptionTrace.php(26): P/Tests/Feature/InvoiceReceiptDeliveryNotePdfTest->Pest/Concerns/{closure}()
#90 C:/Users/DELL/Downloads/Ascend AI/vendor/pestphp/pest/src/Concerns/Testable.php(429): Pest/Support/ExceptionTrace::ensure(Object(Closure))
#91 C:/Users/DELL/Downloads/Ascend AI/vendor/pestphp/pest/src/Concerns/Testable.php(331): P/Tests/Feature/InvoiceReceiptDeliveryNotePdfTest->__callClosure(Object(Closure), Array)
#92 C:/Users/DELL/Downloads/Ascend AI/vendor/pestphp/pest/src/Factories/TestCaseFactory.php(170) : eval()'d code(17): P/Tests/Feature/InvoiceReceiptDeliveryNotePdfTest->__runTest(Object(Closure))
#93 C:/Users/DELL/Downloads/Ascend AI/vendor/phpunit/phpunit/src/Framework/TestCase.php(1332): P/Tests/Feature/InvoiceReceiptDeliveryNotePdfTest->__pest_evaluable_invoice_PDF_download_generates_clean_document_with_company_logo_and_info()
#94 C:/Users/DELL/Downloads/Ascend AI/vendor/phpunit/phpunit/src/Framework/TestCase.php(519): PHPUnit/Framework/TestCase->runTest()
#95 C:/Users/DELL/Downloads/Ascend AI/vendor/phpunit/phpunit/src/Framework/TestRunner/TestRunner.php(99): PHPUnit/Framework/TestCase->runBare()
#96 C:/Users/DELL/Downloads/Ascend AI/vendor/phpunit/phpunit/src/Framework/TestCase.php(359): PHPUnit/Framework/TestRunner->run(Object(P/Tests/Feature/InvoiceReceiptDeliveryNotePdfTest))
#97 C:/Users/DELL/Downloads/Ascend AI/vendor/phpunit/phpunit/src/Framework/TestSuite.php(374): PHPUnit/Framework/TestCase->run()
#98 C:/Users/DELL/Downloads/Ascend AI/vendor/phpunit/phpunit/src/Framework/TestSuite.php(374): PHPUnit/Framework/TestSuite->run()
#99 C:/Users/DELL/Downloads/Ascend AI/vendor/phpunit/phpunit/src/Framework/TestSuite.php(374): PHPUnit/Framework/TestSuite->run()
#100 C:/Users/DELL/Downloads/Ascend AI/vendor/phpunit/phpunit/src/TextUI/TestRunner.php(64): PHPUnit/Framework/TestSuite->run()
#101 C:/Users/DELL/Downloads/Ascend AI/vendor/phpunit/phpunit/src/TextUI/Application.php(229): PHPUnit/TextUI/TestRunner->run(Object(PHPUnit/TextUI/Configuration/Configuration), Object(PHPUnit/Runner/ResultCache/DefaultResultCache), Object(PHPUnit/Framework/TestSuite))
#102 C:/Users/DELL/Downloads/Ascend AI/vendor/pestphp/pest/src/Kernel.php(103): PHPUnit/TextUI/Application->run(Array)
#103 C:/Users/DELL/Downloads/Ascend AI/vendor/pestphp/pest/bin/pest(187): Pest/Kernel->handle(Array, Array)
#104 C:/Users/DELL/Downloads/Ascend AI/vendor/pestphp/pest/bin/pest(195): {closure}()
#105 C:/Users/DELL/Downloads/Ascend AI/vendor/bin/pest(119): include('C://Users//DELL//D...')
#106 {main}
"} 
[2026-08-10 12:53:16] testing.ERROR: The PHP GD extension is required, but is not installed. {"userId":1,"exception":"[object] (Exception(code: 0): The PHP GD extension is required, but is not installed. at C:/Users/DELL/Downloads/Ascend AI/vendor/dompdf/dompdf/lib/Cpdf.php:6226)
[stacktrace]
#0 C:/Users/DELL/Downloads/Ascend AI/vendor/dompdf/dompdf/src/Adapter/CPDF.php(674): Dompdf/Cpdf->addPngFromFile('C://Users//DELL//A...', 96.986527252275, 766.6242519685, 121.55844155844, 30.0)
#1 C:/Users/DELL/Downloads/Ascend AI/vendor/dompdf/dompdf/src/Renderer/Image.php(63): Dompdf/Adapter/CPDF->image('C://Users//DELL//A...', 96.986527252275, 45.265748031496, 121.55844155844, 30.0, 'normal')
#2 C:/Users/DELL/Downloads/Ascend AI/vendor/dompdf/dompdf/src/Renderer.php(305): Dompdf/Renderer/Image->render(Object(Dompdf/FrameDecorator/Image))
#3 C:/Users/DELL/Downloads/Ascend AI/vendor/dompdf/dompdf/src/Renderer.php(140): Dompdf/Renderer->_render_frame('image', Object(Dompdf/FrameDecorator/Image))
#4 C:/Users/DELL/Downloads/Ascend AI/vendor/dompdf/dompdf/src/Renderer.php(207): Dompdf/Renderer->render(Object(Dompdf/FrameDecorator/Image))
#5 C:/Users/DELL/Downloads/Ascend AI/vendor/dompdf/dompdf/src/Renderer.php(207): Dompdf/Renderer->render(Object(Dompdf/FrameDecorator/Block))
#6 C:/Users/DELL/Downloads/Ascend AI/vendor/dompdf/dompdf/src/FrameReflower/Page.php(148): Dompdf/Renderer->render(Object(Dompdf/FrameDecorator/Block))
#7 C:/Users/DELL/Downloads/Ascend AI/vendor/dompdf/dompdf/src/FrameDecorator/AbstractFrameDecorator.php(915): Dompdf/FrameReflower/Page->reflow(NULL)
#8 C:/Users/DELL/Downloads/Ascend AI/vendor/dompdf/dompdf/src/Dompdf.php(817): Dompdf/FrameDecorator/AbstractFrameDecorator->reflow()
#9 C:/Users/DELL/Downloads/Ascend AI/vendor/barryvdh/laravel-dompdf/src/PDF.php(244): Dompdf/Dompdf->render()
#10 C:/Users/DELL/Downloads/Ascend AI/vendor/barryvdh/laravel-dompdf/src/PDF.php(188): Barryvdh/DomPDF/PDF->render()
#11 C:/Users/DELL/Downloads/Ascend AI/vendor/barryvdh/laravel-dompdf/src/PDF.php(214): Barryvdh/DomPDF/PDF->output()
#12 C:/Users/DELL/Downloads/Ascend AI/app/Http/Controllers/PdfExportController.php(64): Barryvdh/DomPDF/PDF->download('Receipt-REC-202...')
#13 C:/Users/DELL/Downloads/Ascend AI/vendor/laravel/framework/src/Illuminate/Routing/ControllerDispatcher.php(46): App/Http/Controllers/PdfExportController->downloadReceipt(Object(App/Models/PosReceipt))
#14 C:/Users/DELL/Downloads/Ascend AI/vendor/laravel/framework/src/Illuminate/Routing/Route.php(269): Illuminate/Routing/ControllerDispatcher->dispatch(Object(Illuminate/Routing/Route), Object(App/Http/Controllers/PdfExportController), 'downloadReceipt')
#15 C:/Users/DELL/Downloads/Ascend AI/vendor/laravel/framework/src/Illuminate/Routing/Route.php(215): Illuminate/Routing/Route->runController()
#16 C:/Users/DELL/Downloads/Ascend AI/vendor/laravel/framework/src/Illuminate/Routing/Router.php(822): Illuminate/Routing/Route->run()
#17 C:/Users/DELL/Downloads/Ascend AI/vendor/laravel/framework/src/Illuminate/Pipeline/Pipeline.php(180): Illuminate/Routing/Router->Illuminate/Routing/{closure}(Object(Illuminate/Http/Request))
#18 C:/Users/DELL/Downloads/Ascend AI/vendor/laravel/framework/src/Illuminate/Auth/Middleware/EnsureEmailIsVerified.php(41): Illuminate/Pipeline/Pipeline->Illuminate/Pipeline/{closure}(Object(Illuminate/Http/Request))
#19 C:/Users/DELL/Downloads/Ascend AI/vendor/laravel/framework/src/Illuminate/Pipeline/Pipeline.php(219): Illuminate/Auth/Middleware/EnsureEmailIsVerified->handle(Object(Illuminate/Http/Request), Object(Closure))
#20 C:/Users/DELL/Downloads/Ascend AI/app/Http/Middleware/PreventDemoModeWriteOperations.php(64): Illuminate/Pipeline/Pipeline->Illuminate/Pipeline/{closure}(Object(Illuminate/Http/Request))
#21 C:/Users/DELL/Downloads/Ascend AI/vendor/laravel/framework/src/Illuminate/Pipeline/Pipeline.php(219): App/Http/Middleware/PreventDemoModeWriteOperations->handle(Object(Illuminate/Http/Request), Object(Closure))
#22 C:/Users/DELL/Downloads/Ascend AI/app/Http/Middleware/EnsureAdminAccess.php(14): Illuminate/Pipeline/Pipeline->Illuminate/Pipeline/{closure}(Object(Illuminate/Http/Request))
#23 C:/Users/DELL/Downloads/Ascend AI/vendor/laravel/framework/src/Illuminate/Pipeline/Pipeline.php(219): App/Http/Middleware/EnsureAdminAccess->handle(Object(Illuminate/Http/Request), Object(Closure))
#24 C:/Users/DELL/Downloads/Ascend AI/app/Http/Middleware/ResolveUserPlanState.php(24): Illuminate/Pipeline/Pipeline->Illuminate/Pipeline/{closure}(Object(Illuminate/Http/Request))
#25 C:/Users/DELL/Downloads/Ascend AI/vendor/laravel/framework/src/Illuminate/Pipeline/Pipeline.php(219): App/Http/Middleware/ResolveUserPlanState->handle(Object(Illuminate/Http/Request), Object(Closure))
#26 C:/Users/DELL/Downloads/Ascend AI/modules/AppAffiliate/Http/Middleware/CaptureAffiliateReferral.php(19): Illuminate/Pipeline/Pipeline->Illuminate/Pipeline/{closure}(Object(Illuminate/Http/Request))
#27 C:/Users/DELL/Downloads/Ascend AI/vendor/laravel/framework/src/Illuminate/Pipeline/Pipeline.php(219): Modules/AppAffiliate/Http/Middleware/CaptureAffiliateReferral->handle(Object(Illuminate/Http/Request), Object(Closure))
#28 C:/Users/DELL/Downloads/Ascend AI/modules/AdminThemes/Http/Middleware/SetThemeContext.php(64): Illuminate/Pipeline/Pipeline->Illuminate/Pipeline/{closure}(Object(Illuminate/Http/Request))
#29 C:/Users/DELL/Downloads/Ascend AI/vendor/laravel/framework/src/Illuminate/Pipeline/Pipeline.php(219): Modules/AdminThemes/Http/Middleware/SetThemeContext->handle(Object(Illuminate/Http/Request), Object(Closure))
#30 C:/Users/DELL/Downloads/Ascend AI/modules/AdminLanguages/Http/Middleware/SetLocale.php(25): Illuminate/Pipeline/Pipeline->Illuminate/Pipeline/{closure}(Object(Illuminate/Http/Request))
#31 C:/Users/DELL/Downloads/Ascend AI/vendor/laravel/framework/src/Illuminate/Pipeline/Pipeline.php(219): Modules/AdminLanguages/Http/Middleware/SetLocale->handle(Object(Illuminate/Http/Request), Object(Closure))
#32 C:/Users/DELL/Downloads/Ascend AI/vendor/laravel/framework/src/Illuminate/Routing/Middleware/SubstituteBindings.php(52): Illuminate/Pipeline/Pipeline->Illuminate/Pipeline/{closure}(Object(Illuminate/Http/Request))
#33 C:/Users/DELL/Downloads/Ascend AI/vendor/laravel/framework/src/Illuminate/Pipeline/Pipeline.php(219): Illuminate/Routing/Middleware/SubstituteBindings->handle(Object(Illuminate/Http/Request), Object(Closure))
#34 C:/Users/DELL/Downloads/Ascend AI/vendor/laravel/framework/src/Illuminate/Auth/Middleware/Authenticate.php(63): Illuminate/Pipeline/Pipeline->Illuminate/Pipeline/{closure}(Object(Illuminate/Http/Request))
#35 C:/Users/DELL/Downloads/Ascend AI/vendor/laravel/framework/src/Illuminate/Pipeline/Pipeline.php(219): Illuminate/Auth/Middleware/Authenticate->handle(Object(Illuminate/Http/Request), Object(Closure))
#36 C:/Users/DELL/Downloads/Ascend AI/vendor/laravel/framework/src/Illuminate/Foundation/Http/Middleware/PreventRequestForgery.php(104): Illuminate/Pipeline/Pipeline->Illuminate/Pipeline/{closure}(Object(Illuminate/Http/Request))
#37 C:/Users/DELL/Downloads/Ascend AI/vendor/laravel/framework/src/Illuminate/Pipeline/Pipeline.php(219): Illuminate/Foundation/Http/Middleware/PreventRequestForgery->handle(Object(Illuminate/Http/Request), Object(Closure))
#38 C:/Users/DELL/Downloads/Ascend AI/vendor/laravel/framework/src/Illuminate/View/Middleware/ShareErrorsFromSession.php(48): Illuminate/Pipeline/Pipeline->Illuminate/Pipeline/{closure}(Object(Illuminate/Http/Request))
#39 C:/Users/DELL/Downloads/Ascend AI/vendor/laravel/framework/src/Illuminate/Pipeline/Pipeline.php(219): Illuminate/View/Middleware/ShareErrorsFromSession->handle(Object(Illuminate/Http/Request), Object(Closure))
#40 C:/Users/DELL/Downloads/Ascend AI/vendor/laravel/framework/src/Illuminate/Session/Middleware/StartSession.php(120): Illuminate/Pipeline/Pipeline->Illuminate/Pipeline/{closure}(Object(Illuminate/Http/Request))
#41 C:/Users/DELL/Downloads/Ascend AI/vendor/laravel/framework/src/Illuminate/Session/Middleware/StartSession.php(63): Illuminate/Session/Middleware/StartSession->handleStatefulRequest(Object(Illuminate/Http/Request), Object(Illuminate/Session/Store), Object(Closure))
#42 C:/Users/DELL/Downloads/Ascend AI/vendor/laravel/framework/src/Illuminate/Pipeline/Pipeline.php(219): Illuminate/Session/Middleware/StartSession->handle(Object(Illuminate/Http/Request), Object(Closure))
#43 C:/Users/DELL/Downloads/Ascend AI/vendor/laravel/framework/src/Illuminate/Cookie/Middleware/AddQueuedCookiesToResponse.php(36): Illuminate/Pipeline/Pipeline->Illuminate/Pipeline/{closure}(Object(Illuminate/Http/Request))
#44 C:/Users/DELL/Downloads/Ascend AI/vendor/laravel/framework/src/Illuminate/Pipeline/Pipeline.php(219): Illuminate/Cookie/Middleware/AddQueuedCookiesToResponse->handle(Object(Illuminate/Http/Request), Object(Closure))
#45 C:/Users/DELL/Downloads/Ascend AI/vendor/laravel/framework/src/Illuminate/Cookie/Middleware/EncryptCookies.php(74): Illuminate/Pipeline/Pipeline->Illuminate/Pipeline/{closure}(Object(Illuminate/Http/Request))
#46 C:/Users/DELL/Downloads/Ascend AI/vendor/laravel/framework/src/Illuminate/Pipeline/Pipeline.php(219): Illuminate/Cookie/Middleware/EncryptCookies->handle(Object(Illuminate/Http/Request), Object(Closure))
#47 C:/Users/DELL/Downloads/Ascend AI/app/Installer/Http/Middleware/PrepareInstallation.php(29): Illuminate/Pipeline/Pipeline->Illuminate/Pipeline/{closure}(Object(Illuminate/Http/Request))
#48 C:/Users/DELL/Downloads/Ascend AI/vendor/laravel/framework/src/Illuminate/Pipeline/Pipeline.php(219): App/Installer/Http/Middleware/PrepareInstallation->handle(Object(Illuminate/Http/Request), Object(Closure))
#49 C:/Users/DELL/Downloads/Ascend AI/vendor/laravel/framework/src/Illuminate/Pipeline/Pipeline.php(137): Illuminate/Pipeline/Pipeline->Illuminate/Pipeline/{closure}(Object(Illuminate/Http/Request))
#50 C:/Users/DELL/Downloads/Ascend AI/vendor/laravel/framework/src/Illuminate/Routing/Router.php(821): Illuminate/Pipeline/Pipeline->then(Object(Closure))
#51 C:/Users/DELL/Downloads/Ascend AI/vendor/laravel/framework/src/Illuminate/Routing/Router.php(800): Illuminate/Routing/Router->runRouteWithinStack(Object(Illuminate/Routing/Route), Object(Illuminate/Http/Request))
#52 C:/Users/DELL/Downloads/Ascend AI/vendor/laravel/framework/src/Illuminate/Routing/Router.php(764): Illuminate/Routing/Router->runRoute(Object(Illuminate/Http/Request), Object(Illuminate/Routing/Route))
#53 C:/Users/DELL/Downloads/Ascend AI/vendor/laravel/framework/src/Illuminate/Routing/Router.php(753): Illuminate/Routing/Router->dispatchToRoute(Object(Illuminate/Http/Request))
#54 C:/Users/DELL/Downloads/Ascend AI/vendor/laravel/framework/src/Illuminate/Foundation/Http/Kernel.php(200): Illuminate/Routing/Router->dispatch(Object(Illuminate/Http/Request))
#55 C:/Users/DELL/Downloads/Ascend AI/vendor/laravel/framework/src/Illuminate/Pipeline/Pipeline.php(180): Illuminate/Foundation/Http/Kernel->Illuminate/Foundation/Http/{closure}(Object(Illuminate/Http/Request))
#56 C:/Users/DELL/Downloads/Ascend AI/vendor/livewire/livewire/src/Features/SupportDisablingBackButtonCache/DisableBackButtonCacheMiddleware.php(19): Illuminate/Pipeline/Pipeline->Illuminate/Pipeline/{closure}(Object(Illuminate/Http/Request))
#57 C:/Users/DELL/Downloads/Ascend AI/vendor/laravel/framework/src/Illuminate/Pipeline/Pipeline.php(219): Livewire/Features/SupportDisablingBackButtonCache/DisableBackButtonCacheMiddleware->handle(Object(Illuminate/Http/Request), Object(Closure))
#58 C:/Users/DELL/Downloads/Ascend AI/vendor/laravel/framework/src/Illuminate/Foundation/Http/Middleware/TransformsRequest.php(21): Illuminate/Pipeline/Pipeline->Illuminate/Pipeline/{closure}(Object(Illuminate/Http/Request))
#59 C:/Users/DELL/Downloads/Ascend AI/vendor/laravel/framework/src/Illuminate/Foundation/Http/Middleware/ConvertEmptyStringsToNull.php(31): Illuminate/Foundation/Http/Middleware/TransformsRequest->handle(Object(Illuminate/Http/Request), Object(Closure))
#60 C:/Users/DELL/Downloads/Ascend AI/vendor/laravel/framework/src/Illuminate/Pipeline/Pipeline.php(219): Illuminate/Foundation/Http/Middleware/ConvertEmptyStringsToNull->handle(Object(Illuminate/Http/Request), Object(Closure))
#61 C:/Users/DELL/Downloads/Ascend AI/vendor/laravel/framework/src/Illuminate/Foundation/Http/Middleware/TransformsRequest.php(21): Illuminate/Pipeline/Pipeline->Illuminate/Pipeline/{closure}(Object(Illuminate/Http/Request))
#62 C:/Users/DELL/Downloads/Ascend AI/vendor/laravel/framework/src/Illuminate/Foundation/Http/Middleware/TrimStrings.php(51): Illuminate/Foundation/Http/Middleware/TransformsRequest->handle(Object(Illuminate/Http/Request), Object(Closure))
#63 C:/Users/DELL/Downloads/Ascend AI/vendor/laravel/framework/src/Illuminate/Pipeline/Pipeline.php(219): Illuminate/Foundation/Http/Middleware/TrimStrings->handle(Object(Illuminate/Http/Request), Object(Closure))
#64 C:/Users/DELL/Downloads/Ascend AI/vendor/laravel/framework/src/Illuminate/Http/Middleware/ValidatePostSize.php(27): Illuminate/Pipeline/Pipeline->Illuminate/Pipeline/{closure}(Object(Illuminate/Http/Request))
#65 C:/Users/DELL/Downloads/Ascend AI/vendor/laravel/framework/src/Illuminate/Pipeline/Pipeline.php(219): Illuminate/Http/Middleware/ValidatePostSize->handle(Object(Illuminate/Http/Request), Object(Closure))
#66 C:/Users/DELL/Downloads/Ascend AI/vendor/laravel/framework/src/Illuminate/Foundation/Http/Middleware/PreventRequestsDuringMaintenance.php(109): Illuminate/Pipeline/Pipeline->Illuminate/Pipeline/{closure}(Object(Illuminate/Http/Request))
#67 C:/Users/DELL/Downloads/Ascend AI/vendor/laravel/framework/src/Illuminate/Pipeline/Pipeline.php(219): Illuminate/Foundation/Http/Middleware/PreventRequestsDuringMaintenance->handle(Object(Illuminate/Http/Request), Object(Closure))
#68 C:/Users/DELL/Downloads/Ascend AI/vendor/laravel/framework/src/Illuminate/Http/Middleware/HandleCors.php(61): Illuminate/Pipeline/Pipeline->Illuminate/Pipeline/{closure}(Object(Illuminate/Http/Request))
#69 C:/Users/DELL/Downloads/Ascend AI/vendor/laravel/framework/src/Illuminate/Pipeline/Pipeline.php(219): Illuminate/Http/Middleware/HandleCors->handle(Object(Illuminate/Http/Request), Object(Closure))
#70 C:/Users/DELL/Downloads/Ascend AI/vendor/laravel/framework/src/Illuminate/Http/Middleware/TrustProxies.php(58): Illuminate/Pipeline/Pipeline->Illuminate/Pipeline/{closure}(Object(Illuminate/Http/Request))
#71 C:/Users/DELL/Downloads/Ascend AI/vendor/laravel/framework/src/Illuminate/Pipeline/Pipeline.php(219): Illuminate/Http/Middleware/TrustProxies->handle(Object(Illuminate/Http/Request), Object(Closure))
#72 C:/Users/DELL/Downloads/Ascend AI/vendor/laravel/framework/src/Illuminate/Foundation/Http/Middleware/InvokeDeferredCallbacks.php(22): Illuminate/Pipeline/Pipeline->Illuminate/Pipeline/{closure}(Object(Illuminate/Http/Request))
#73 C:/Users/DELL/Downloads/Ascend AI/vendor/laravel/framework/src/Illuminate/Pipeline/Pipeline.php(219): Illuminate/Foundation/Http/Middleware/InvokeDeferredCallbacks->handle(Object(Illuminate/Http/Request), Object(Closure))
#74 C:/Users/DELL/Downloads/Ascend AI/vendor/laravel/framework/src/Illuminate/Http/Middleware/ValidatePathEncoding.php(28): Illuminate/Pipeline/Pipeline->Illuminate/Pipeline/{closure}(Object(Illuminate/Http/Request))
#75 C:/Users/DELL/Downloads/Ascend AI/vendor/laravel/framework/src/Illuminate/Pipeline/Pipeline.php(219): Illuminate/Http/Middleware/ValidatePathEncoding->handle(Object(Illuminate/Http/Request), Object(Closure))
#76 C:/Users/DELL/Downloads/Ascend AI/vendor/laravel/framework/src/Illuminate/Pipeline/Pipeline.php(137): Illuminate/Pipeline/Pipeline->Illuminate/Pipeline/{closure}(Object(Illuminate/Http/Request))
#77 C:/Users/DELL/Downloads/Ascend AI/vendor/laravel/framework/src/Illuminate/Foundation/Http/Kernel.php(175): Illuminate/Pipeline/Pipeline->then(Object(Closure))
#78 C:/Users/DELL/Downloads/Ascend AI/vendor/laravel/framework/src/Illuminate/Foundation/Http/Kernel.php(144): Illuminate/Foundation/Http/Kernel->sendRequestThroughRouter(Object(Illuminate/Http/Request))
#79 C:/Users/DELL/Downloads/Ascend AI/vendor/laravel/framework/src/Illuminate/Foundation/Testing/Concerns/MakesHttpRequests.php(607): Illuminate/Foundation/Http/Kernel->handle(Object(Illuminate/Http/Request))
#80 C:/Users/DELL/Downloads/Ascend AI/vendor/laravel/framework/src/Illuminate/Foundation/Testing/Concerns/MakesHttpRequests.php(368): Illuminate/Foundation/Testing/TestCase->call('GET', 'http://127.0.0....', Array, Array, Array, Array)
#81 C:/Users/DELL/Downloads/Ascend AI/tests/Feature/InvoiceReceiptDeliveryNotePdfTest.php(43): Illuminate/Foundation/Testing/TestCase->get('http://127.0.0....')
#82 C:/Users/DELL/Downloads/Ascend AI/vendor/pestphp/pest/src/Factories/TestCaseMethodFactory.php(172): P/Tests/Feature/InvoiceReceiptDeliveryNotePdfTest->{closure}()
#83 [internal function]: P/Tests/Feature/InvoiceReceiptDeliveryNotePdfTest->Pest/Factories/{closure}()
#84 C:/Users/DELL/Downloads/Ascend AI/vendor/pestphp/pest/src/Concerns/Testable.php(429): call_user_func_array(Object(Closure), Array)
#85 C:/Users/DELL/Downloads/Ascend AI/vendor/pestphp/pest/src/Support/ExceptionTrace.php(26): P/Tests/Feature/InvoiceReceiptDeliveryNotePdfTest->Pest/Concerns/{closure}()
#86 C:/Users/DELL/Downloads/Ascend AI/vendor/pestphp/pest/src/Concerns/Testable.php(429): Pest/Support/ExceptionTrace::ensure(Object(Closure))
#87 C:/Users/DELL/Downloads/Ascend AI/vendor/pestphp/pest/src/Concerns/Testable.php(331): P/Tests/Feature/InvoiceReceiptDeliveryNotePdfTest->__callClosure(Object(Closure), Array)
#88 C:/Users/DELL/Downloads/Ascend AI/vendor/pestphp/pest/src/Factories/TestCaseFactory.php(170) : eval()'d code(26): P/Tests/Feature/InvoiceReceiptDeliveryNotePdfTest->__runTest(Object(Closure))
#89 C:/Users/DELL/Downloads/Ascend AI/vendor/phpunit/phpunit/src/Framework/TestCase.php(1332): P/Tests/Feature/InvoiceReceiptDeliveryNotePdfTest->__pest_evaluable_pos_receipt_PDF_download_generates_thermal_receipt_document_with_company_info()
#90 C:/Users/DELL/Downloads/Ascend AI/vendor/phpunit/phpunit/src/Framework/TestCase.php(519): PHPUnit/Framework/TestCase->runTest()
#91 C:/Users/DELL/Downloads/Ascend AI/vendor/phpunit/phpunit/src/Framework/TestRunner/TestRunner.php(99): PHPUnit/Framework/TestCase->runBare()
#92 C:/Users/DELL/Downloads/Ascend AI/vendor/phpunit/phpunit/src/Framework/TestCase.php(359): PHPUnit/Framework/TestRunner->run(Object(P/Tests/Feature/InvoiceReceiptDeliveryNotePdfTest))
#93 C:/Users/DELL/Downloads/Ascend AI/vendor/phpunit/phpunit/src/Framework/TestSuite.php(374): PHPUnit/Framework/TestCase->run()
#94 C:/Users/DELL/Downloads/Ascend AI/vendor/phpunit/phpunit/src/Framework/TestSuite.php(374): PHPUnit/Framework/TestSuite->run()
#95 C:/Users/DELL/Downloads/Ascend AI/vendor/phpunit/phpunit/src/Framework/TestSuite.php(374): PHPUnit/Framework/TestSuite->run()
#96 C:/Users/DELL/Downloads/Ascend AI/vendor/phpunit/phpunit/src/TextUI/TestRunner.php(64): PHPUnit/Framework/TestSuite->run()
#97 C:/Users/DELL/Downloads/Ascend AI/vendor/phpunit/phpunit/src/TextUI/Application.php(229): PHPUnit/TextUI/TestRunner->run(Object(PHPUnit/TextUI/Configuration/Configuration), Object(PHPUnit/Runner/ResultCache/DefaultResultCache), Object(PHPUnit/Framework/TestSuite))
#98 C:/Users/DELL/Downloads/Ascend AI/vendor/pestphp/pest/src/Kernel.php(103): PHPUnit/TextUI/Application->run(Array)
#99 C:/Users/DELL/Downloads/Ascend AI/vendor/pestphp/pest/bin/pest(187): Pest/Kernel->handle(Array, Array)
#100 C:/Users/DELL/Downloads/Ascend AI/vendor/pestphp/pest/bin/pest(195): {closure}()
#101 C:/Users/DELL/Downloads/Ascend AI/vendor/bin/pest(119): include('C://Users//DELL//D...')
#102 {main}
"} 
[2026-08-10 12:53:22] testing.ERROR: The PHP GD extension is required, but is not installed. {"userId":1,"exception":"[object] (Exception(code: 0): The PHP GD extension is required, but is not installed. at C:/Users/DELL/Downloads/Ascend AI/vendor/dompdf/dompdf/lib/Cpdf.php:6226)
[stacktrace]
#0 C:/Users/DELL/Downloads/Ascend AI/vendor/dompdf/dompdf/src/Adapter/CPDF.php(674): Dompdf/Cpdf->addPngFromFile('C://Users//DELL//A...', 55.015748031496, 750.8742519685, 145.87012987013, 36.0)
#1 C:/Users/DELL/Downloads/Ascend AI/vendor/dompdf/dompdf/src/Renderer/Image.php(63): Dompdf/Adapter/CPDF->image('C://Users//DELL//A...', 55.015748031496, 55.015748031496, 145.87012987013, 36.0, 'normal')
#2 C:/Users/DELL/Downloads/Ascend AI/vendor/dompdf/dompdf/src/Renderer.php(305): Dompdf/Renderer/Image->render(Object(Dompdf/FrameDecorator/Image))
#3 C:/Users/DELL/Downloads/Ascend AI/vendor/dompdf/dompdf/src/Renderer.php(140): Dompdf/Renderer->_render_frame('image', Object(Dompdf/FrameDecorator/Image))
#4 C:/Users/DELL/Downloads/Ascend AI/vendor/dompdf/dompdf/src/Renderer.php(207): Dompdf/Renderer->render(Object(Dompdf/FrameDecorator/Image))
#5 C:/Users/DELL/Downloads/Ascend AI/vendor/dompdf/dompdf/src/Renderer.php(207): Dompdf/Renderer->render(Object(Dompdf/FrameDecorator/TableCell))
#6 C:/Users/DELL/Downloads/Ascend AI/vendor/dompdf/dompdf/src/Renderer.php(207): Dompdf/Renderer->render(Object(Dompdf/FrameDecorator/TableRow))
#7 C:/Users/DELL/Downloads/Ascend AI/vendor/dompdf/dompdf/src/Renderer.php(207): Dompdf/Renderer->render(Object(Dompdf/FrameDecorator/TableRowGroup))
#8 C:/Users/DELL/Downloads/Ascend AI/vendor/dompdf/dompdf/src/Renderer.php(207): Dompdf/Renderer->render(Object(Dompdf/FrameDecorator/Table))
#9 C:/Users/DELL/Downloads/Ascend AI/vendor/dompdf/dompdf/src/Renderer.php(207): Dompdf/Renderer->render(Object(Dompdf/FrameDecorator/Block))
#10 C:/Users/DELL/Downloads/Ascend AI/vendor/dompdf/dompdf/src/FrameReflower/Page.php(148): Dompdf/Renderer->render(Object(Dompdf/FrameDecorator/Block))
#11 C:/Users/DELL/Downloads/Ascend AI/vendor/dompdf/dompdf/src/FrameDecorator/AbstractFrameDecorator.php(915): Dompdf/FrameReflower/Page->reflow(NULL)
#12 C:/Users/DELL/Downloads/Ascend AI/vendor/dompdf/dompdf/src/Dompdf.php(817): Dompdf/FrameDecorator/AbstractFrameDecorator->reflow()
#13 C:/Users/DELL/Downloads/Ascend AI/vendor/barryvdh/laravel-dompdf/src/PDF.php(244): Dompdf/Dompdf->render()
#14 C:/Users/DELL/Downloads/Ascend AI/vendor/barryvdh/laravel-dompdf/src/PDF.php(188): Barryvdh/DomPDF/PDF->render()
#15 C:/Users/DELL/Downloads/Ascend AI/vendor/barryvdh/laravel-dompdf/src/PDF.php(214): Barryvdh/DomPDF/PDF->output()
#16 C:/Users/DELL/Downloads/Ascend AI/app/Http/Controllers/PdfExportController.php(73): Barryvdh/DomPDF/PDF->download('DeliveryNote-IN...')
#17 C:/Users/DELL/Downloads/Ascend AI/vendor/laravel/framework/src/Illuminate/Routing/ControllerDispatcher.php(46): App/Http/Controllers/PdfExportController->downloadDeliveryNote(Object(App/Models/Invoice))
#18 C:/Users/DELL/Downloads/Ascend AI/vendor/laravel/framework/src/Illuminate/Routing/Route.php(269): Illuminate/Routing/ControllerDispatcher->dispatch(Object(Illuminate/Routing/Route), Object(App/Http/Controllers/PdfExportController), 'downloadDeliver...')
#19 C:/Users/DELL/Downloads/Ascend AI/vendor/laravel/framework/src/Illuminate/Routing/Route.php(215): Illuminate/Routing/Route->runController()
#20 C:/Users/DELL/Downloads/Ascend AI/vendor/laravel/framework/src/Illuminate/Routing/Router.php(822): Illuminate/Routing/Route->run()
#21 C:/Users/DELL/Downloads/Ascend AI/vendor/laravel/framework/src/Illuminate/Pipeline/Pipeline.php(180): Illuminate/Routing/Router->Illuminate/Routing/{closure}(Object(Illuminate/Http/Request))
#22 C:/Users/DELL/Downloads/Ascend AI/vendor/laravel/framework/src/Illuminate/Auth/Middleware/EnsureEmailIsVerified.php(41): Illuminate/Pipeline/Pipeline->Illuminate/Pipeline/{closure}(Object(Illuminate/Http/Request))
#23 C:/Users/DELL/Downloads/Ascend AI/vendor/laravel/framework/src/Illuminate/Pipeline/Pipeline.php(219): Illuminate/Auth/Middleware/EnsureEmailIsVerified->handle(Object(Illuminate/Http/Request), Object(Closure))
#24 C:/Users/DELL/Downloads/Ascend AI/app/Http/Middleware/PreventDemoModeWriteOperations.php(64): Illuminate/Pipeline/Pipeline->Illuminate/Pipeline/{closure}(Object(Illuminate/Http/Request))
#25 C:/Users/DELL/Downloads/Ascend AI/vendor/laravel/framework/src/Illuminate/Pipeline/Pipeline.php(219): App/Http/Middleware/PreventDemoModeWriteOperations->handle(Object(Illuminate/Http/Request), Object(Closure))
#26 C:/Users/DELL/Downloads/Ascend AI/app/Http/Middleware/EnsureAdminAccess.php(14): Illuminate/Pipeline/Pipeline->Illuminate/Pipeline/{closure}(Object(Illuminate/Http/Request))
#27 C:/Users/DELL/Downloads/Ascend AI/vendor/laravel/framework/src/Illuminate/Pipeline/Pipeline.php(219): App/Http/Middleware/EnsureAdminAccess->handle(Object(Illuminate/Http/Request), Object(Closure))
#28 C:/Users/DELL/Downloads/Ascend AI/app/Http/Middleware/ResolveUserPlanState.php(24): Illuminate/Pipeline/Pipeline->Illuminate/Pipeline/{closure}(Object(Illuminate/Http/Request))
#29 C:/Users/DELL/Downloads/Ascend AI/vendor/laravel/framework/src/Illuminate/Pipeline/Pipeline.php(219): App/Http/Middleware/ResolveUserPlanState->handle(Object(Illuminate/Http/Request), Object(Closure))
#30 C:/Users/DELL/Downloads/Ascend AI/modules/AppAffiliate/Http/Middleware/CaptureAffiliateReferral.php(19): Illuminate/Pipeline/Pipeline->Illuminate/Pipeline/{closure}(Object(Illuminate/Http/Request))
#31 C:/Users/DELL/Downloads/Ascend AI/vendor/laravel/framework/src/Illuminate/Pipeline/Pipeline.php(219): Modules/AppAffiliate/Http/Middleware/CaptureAffiliateReferral->handle(Object(Illuminate/Http/Request), Object(Closure))
#32 C:/Users/DELL/Downloads/Ascend AI/modules/AdminThemes/Http/Middleware/SetThemeContext.php(64): Illuminate/Pipeline/Pipeline->Illuminate/Pipeline/{closure}(Object(Illuminate/Http/Request))
#33 C:/Users/DELL/Downloads/Ascend AI/vendor/laravel/framework/src/Illuminate/Pipeline/Pipeline.php(219): Modules/AdminThemes/Http/Middleware/SetThemeContext->handle(Object(Illuminate/Http/Request), Object(Closure))
#34 C:/Users/DELL/Downloads/Ascend AI/modules/AdminLanguages/Http/Middleware/SetLocale.php(25): Illuminate/Pipeline/Pipeline->Illuminate/Pipeline/{closure}(Object(Illuminate/Http/Request))
#35 C:/Users/DELL/Downloads/Ascend AI/vendor/laravel/framework/src/Illuminate/Pipeline/Pipeline.php(219): Modules/AdminLanguages/Http/Middleware/SetLocale->handle(Object(Illuminate/Http/Request), Object(Closure))
#36 C:/Users/DELL/Downloads/Ascend AI/vendor/laravel/framework/src/Illuminate/Routing/Middleware/SubstituteBindings.php(52): Illuminate/Pipeline/Pipeline->Illuminate/Pipeline/{closure}(Object(Illuminate/Http/Request))
#37 C:/Users/DELL/Downloads/Ascend AI/vendor/laravel/framework/src/Illuminate/Pipeline/Pipeline.php(219): Illuminate/Routing/Middleware/SubstituteBindings->handle(Object(Illuminate/Http/Request), Object(Closure))
#38 C:/Users/DELL/Downloads/Ascend AI/vendor/laravel/framework/src/Illuminate/Auth/Middleware/Authenticate.php(63): Illuminate/Pipeline/Pipeline->Illuminate/Pipeline/{closure}(Object(Illuminate/Http/Request))
#39 C:/Users/DELL/Downloads/Ascend AI/vendor/laravel/framework/src/Illuminate/Pipeline/Pipeline.php(219): Illuminate/Auth/Middleware/Authenticate->handle(Object(Illuminate/Http/Request), Object(Closure))
#40 C:/Users/DELL/Downloads/Ascend AI/vendor/laravel/framework/src/Illuminate/Foundation/Http/Middleware/PreventRequestForgery.php(104): Illuminate/Pipeline/Pipeline->Illuminate/Pipeline/{closure}(Object(Illuminate/Http/Request))
#41 C:/Users/DELL/Downloads/Ascend AI/vendor/laravel/framework/src/Illuminate/Pipeline/Pipeline.php(219): Illuminate/Foundation/Http/Middleware/PreventRequestForgery->handle(Object(Illuminate/Http/Request), Object(Closure))
#42 C:/Users/DELL/Downloads/Ascend AI/vendor/laravel/framework/src/Illuminate/View/Middleware/ShareErrorsFromSession.php(48): Illuminate/Pipeline/Pipeline->Illuminate/Pipeline/{closure}(Object(Illuminate/Http/Request))
#43 C:/Users/DELL/Downloads/Ascend AI/vendor/laravel/framework/src/Illuminate/Pipeline/Pipeline.php(219): Illuminate/View/Middleware/ShareErrorsFromSession->handle(Object(Illuminate/Http/Request), Object(Closure))
#44 C:/Users/DELL/Downloads/Ascend AI/vendor/laravel/framework/src/Illuminate/Session/Middleware/StartSession.php(120): Illuminate/Pipeline/Pipeline->Illuminate/Pipeline/{closure}(Object(Illuminate/Http/Request))
#45 C:/Users/DELL/Downloads/Ascend AI/vendor/laravel/framework/src/Illuminate/Session/Middleware/StartSession.php(63): Illuminate/Session/Middleware/StartSession->handleStatefulRequest(Object(Illuminate/Http/Request), Object(Illuminate/Session/Store), Object(Closure))
#46 C:/Users/DELL/Downloads/Ascend AI/vendor/laravel/framework/src/Illuminate/Pipeline/Pipeline.php(219): Illuminate/Session/Middleware/StartSession->handle(Object(Illuminate/Http/Request), Object(Closure))
#47 C:/Users/DELL/Downloads/Ascend AI/vendor/laravel/framework/src/Illuminate/Cookie/Middleware/AddQueuedCookiesToResponse.php(36): Illuminate/Pipeline/Pipeline->Illuminate/Pipeline/{closure}(Object(Illuminate/Http/Request))
#48 C:/Users/DELL/Downloads/Ascend AI/vendor/laravel/framework/src/Illuminate/Pipeline/Pipeline.php(219): Illuminate/Cookie/Middleware/AddQueuedCookiesToResponse->handle(Object(Illuminate/Http/Request), Object(Closure))
#49 C:/Users/DELL/Downloads/Ascend AI/vendor/laravel/framework/src/Illuminate/Cookie/Middleware/EncryptCookies.php(74): Illuminate/Pipeline/Pipeline->Illuminate/Pipeline/{closure}(Object(Illuminate/Http/Request))
#50 C:/Users/DELL/Downloads/Ascend AI/vendor/laravel/framework/src/Illuminate/Pipeline/Pipeline.php(219): Illuminate/Cookie/Middleware/EncryptCookies->handle(Object(Illuminate/Http/Request), Object(Closure))
#51 C:/Users/DELL/Downloads/Ascend AI/app/Installer/Http/Middleware/PrepareInstallation.php(29): Illuminate/Pipeline/Pipeline->Illuminate/Pipeline/{closure}(Object(Illuminate/Http/Request))
#52 C:/Users/DELL/Downloads/Ascend AI/vendor/laravel/framework/src/Illuminate/Pipeline/Pipeline.php(219): App/Installer/Http/Middleware/PrepareInstallation->handle(Object(Illuminate/Http/Request), Object(Closure))
#53 C:/Users/DELL/Downloads/Ascend AI/vendor/laravel/framework/src/Illuminate/Pipeline/Pipeline.php(137): Illuminate/Pipeline/Pipeline->Illuminate/Pipeline/{closure}(Object(Illuminate/Http/Request))
#54 C:/Users/DELL/Downloads/Ascend AI/vendor/laravel/framework/src/Illuminate/Routing/Router.php(821): Illuminate/Pipeline/Pipeline->then(Object(Closure))
#55 C:/Users/DELL/Downloads/Ascend AI/vendor/laravel/framework/src/Illuminate/Routing/Router.php(800): Illuminate/Routing/Router->runRouteWithinStack(Object(Illuminate/Routing/Route), Object(Illuminate/Http/Request))
#56 C:/Users/DELL/Downloads/Ascend AI/vendor/laravel/framework/src/Illuminate/Routing/Router.php(764): Illuminate/Routing/Router->runRoute(Object(Illuminate/Http/Request), Object(Illuminate/Routing/Route))
#57 C:/Users/DELL/Downloads/Ascend AI/vendor/laravel/framework/src/Illuminate/Routing/Router.php(753): Illuminate/Routing/Router->dispatchToRoute(Object(Illuminate/Http/Request))
#58 C:/Users/DELL/Downloads/Ascend AI/vendor/laravel/framework/src/Illuminate/Foundation/Http/Kernel.php(200): Illuminate/Routing/Router->dispatch(Object(Illuminate/Http/Request))
#59 C:/Users/DELL/Downloads/Ascend AI/vendor/laravel/framework/src/Illuminate/Pipeline/Pipeline.php(180): Illuminate/Foundation/Http/Kernel->Illuminate/Foundation/Http/{closure}(Object(Illuminate/Http/Request))
#60 C:/Users/DELL/Downloads/Ascend AI/vendor/livewire/livewire/src/Features/SupportDisablingBackButtonCache/DisableBackButtonCacheMiddleware.php(19): Illuminate/Pipeline/Pipeline->Illuminate/Pipeline/{closure}(Object(Illuminate/Http/Request))
#61 C:/Users/DELL/Downloads/Ascend AI/vendor/laravel/framework/src/Illuminate/Pipeline/Pipeline.php(219): Livewire/Features/SupportDisablingBackButtonCache/DisableBackButtonCacheMiddleware->handle(Object(Illuminate/Http/Request), Object(Closure))
#62 C:/Users/DELL/Downloads/Ascend AI/vendor/laravel/framework/src/Illuminate/Foundation/Http/Middleware/TransformsRequest.php(21): Illuminate/Pipeline/Pipeline->Illuminate/Pipeline/{closure}(Object(Illuminate/Http/Request))
#63 C:/Users/DELL/Downloads/Ascend AI/vendor/laravel/framework/src/Illuminate/Foundation/Http/Middleware/ConvertEmptyStringsToNull.php(31): Illuminate/Foundation/Http/Middleware/TransformsRequest->handle(Object(Illuminate/Http/Request), Object(Closure))
#64 C:/Users/DELL/Downloads/Ascend AI/vendor/laravel/framework/src/Illuminate/Pipeline/Pipeline.php(219): Illuminate/Foundation/Http/Middleware/ConvertEmptyStringsToNull->handle(Object(Illuminate/Http/Request), Object(Closure))
#65 C:/Users/DELL/Downloads/Ascend AI/vendor/laravel/framework/src/Illuminate/Foundation/Http/Middleware/TransformsRequest.php(21): Illuminate/Pipeline/Pipeline->Illuminate/Pipeline/{closure}(Object(Illuminate/Http/Request))
#66 C:/Users/DELL/Downloads/Ascend AI/vendor/laravel/framework/src/Illuminate/Foundation/Http/Middleware/TrimStrings.php(51): Illuminate/Foundation/Http/Middleware/TransformsRequest->handle(Object(Illuminate/Http/Request), Object(Closure))
#67 C:/Users/DELL/Downloads/Ascend AI/vendor/laravel/framework/src/Illuminate/Pipeline/Pipeline.php(219): Illuminate/Foundation/Http/Middleware/TrimStrings->handle(Object(Illuminate/Http/Request), Object(Closure))
#68 C:/Users/DELL/Downloads/Ascend AI/vendor/laravel/framework/src/Illuminate/Http/Middleware/ValidatePostSize.php(27): Illuminate/Pipeline/Pipeline->Illuminate/Pipeline/{closure}(Object(Illuminate/Http/Request))
#69 C:/Users/DELL/Downloads/Ascend AI/vendor/laravel/framework/src/Illuminate/Pipeline/Pipeline.php(219): Illuminate/Http/Middleware/ValidatePostSize->handle(Object(Illuminate/Http/Request), Object(Closure))
#70 C:/Users/DELL/Downloads/Ascend AI/vendor/laravel/framework/src/Illuminate/Foundation/Http/Middleware/PreventRequestsDuringMaintenance.php(109): Illuminate/Pipeline/Pipeline->Illuminate/Pipeline/{closure}(Object(Illuminate/Http/Request))
#71 C:/Users/DELL/Downloads/Ascend AI/vendor/laravel/framework/src/Illuminate/Pipeline/Pipeline.php(219): Illuminate/Foundation/Http/Middleware/PreventRequestsDuringMaintenance->handle(Object(Illuminate/Http/Request), Object(Closure))
#72 C:/Users/DELL/Downloads/Ascend AI/vendor/laravel/framework/src/Illuminate/Http/Middleware/HandleCors.php(61): Illuminate/Pipeline/Pipeline->Illuminate/Pipeline/{closure}(Object(Illuminate/Http/Request))
#73 C:/Users/DELL/Downloads/Ascend AI/vendor/laravel/framework/src/Illuminate/Pipeline/Pipeline.php(219): Illuminate/Http/Middleware/HandleCors->handle(Object(Illuminate/Http/Request), Object(Closure))
#74 C:/Users/DELL/Downloads/Ascend AI/vendor/laravel/framework/src/Illuminate/Http/Middleware/TrustProxies.php(58): Illuminate/Pipeline/Pipeline->Illuminate/Pipeline/{closure}(Object(Illuminate/Http/Request))
#75 C:/Users/DELL/Downloads/Ascend AI/vendor/laravel/framework/src/Illuminate/Pipeline/Pipeline.php(219): Illuminate/Http/Middleware/TrustProxies->handle(Object(Illuminate/Http/Request), Object(Closure))
#76 C:/Users/DELL/Downloads/Ascend AI/vendor/laravel/framework/src/Illuminate/Foundation/Http/Middleware/InvokeDeferredCallbacks.php(22): Illuminate/Pipeline/Pipeline->Illuminate/Pipeline/{closure}(Object(Illuminate/Http/Request))
#77 C:/Users/DELL/Downloads/Ascend AI/vendor/laravel/framework/src/Illuminate/Pipeline/Pipeline.php(219): Illuminate/Foundation/Http/Middleware/InvokeDeferredCallbacks->handle(Object(Illuminate/Http/Request), Object(Closure))
#78 C:/Users/DELL/Downloads/Ascend AI/vendor/laravel/framework/src/Illuminate/Http/Middleware/ValidatePathEncoding.php(28): Illuminate/Pipeline/Pipeline->Illuminate/Pipeline/{closure}(Object(Illuminate/Http/Request))
#79 C:/Users/DELL/Downloads/Ascend AI/vendor/laravel/framework/src/Illuminate/Pipeline/Pipeline.php(219): Illuminate/Http/Middleware/ValidatePathEncoding->handle(Object(Illuminate/Http/Request), Object(Closure))
#80 C:/Users/DELL/Downloads/Ascend AI/vendor/laravel/framework/src/Illuminate/Pipeline/Pipeline.php(137): Illuminate/Pipeline/Pipeline->Illuminate/Pipeline/{closure}(Object(Illuminate/Http/Request))
#81 C:/Users/DELL/Downloads/Ascend AI/vendor/laravel/framework/src/Illuminate/Foundation/Http/Kernel.php(175): Illuminate/Pipeline/Pipeline->then(Object(Closure))
#82 C:/Users/DELL/Downloads/Ascend AI/vendor/laravel/framework/src/Illuminate/Foundation/Http/Kernel.php(144): Illuminate/Foundation/Http/Kernel->sendRequestThroughRouter(Object(Illuminate/Http/Request))
#83 C:/Users/DELL/Downloads/Ascend AI/vendor/laravel/framework/src/Illuminate/Foundation/Testing/Concerns/MakesHttpRequests.php(607): Illuminate/Foundation/Http/Kernel->handle(Object(Illuminate/Http/Request))
#84 C:/Users/DELL/Downloads/Ascend AI/vendor/laravel/framework/src/Illuminate/Foundation/Testing/Concerns/MakesHttpRequests.php(368): Illuminate/Foundation/Testing/TestCase->call('GET', 'http://127.0.0....', Array, Array, Array, Array)
#85 C:/Users/DELL/Downloads/Ascend AI/tests/Feature/InvoiceReceiptDeliveryNotePdfTest.php(63): Illuminate/Foundation/Testing/TestCase->get('http://127.0.0....')
#86 C:/Users/DELL/Downloads/Ascend AI/vendor/pestphp/pest/src/Factories/TestCaseMethodFactory.php(172): P/Tests/Feature/InvoiceReceiptDeliveryNotePdfTest->{closure}()
#87 [internal function]: P/Tests/Feature/InvoiceReceiptDeliveryNotePdfTest->Pest/Factories/{closure}()
#88 C:/Users/DELL/Downloads/Ascend AI/vendor/pestphp/pest/src/Concerns/Testable.php(429): call_user_func_array(Object(Closure), Array)
#89 C:/Users/DELL/Downloads/Ascend AI/vendor/pestphp/pest/src/Support/ExceptionTrace.php(26): P/Tests/Feature/InvoiceReceiptDeliveryNotePdfTest->Pest/Concerns/{closure}()
#90 C:/Users/DELL/Downloads/Ascend AI/vendor/pestphp/pest/src/Concerns/Testable.php(429): Pest/Support/ExceptionTrace::ensure(Object(Closure))
#91 C:/Users/DELL/Downloads/Ascend AI/vendor/pestphp/pest/src/Concerns/Testable.php(331): P/Tests/Feature/InvoiceReceiptDeliveryNotePdfTest->__callClosure(Object(Closure), Array)
#92 C:/Users/DELL/Downloads/Ascend AI/vendor/pestphp/pest/src/Factories/TestCaseFactory.php(170) : eval()'d code(35): P/Tests/Feature/InvoiceReceiptDeliveryNotePdfTest->__runTest(Object(Closure))
#93 C:/Users/DELL/Downloads/Ascend AI/vendor/phpunit/phpunit/src/Framework/TestCase.php(1332): P/Tests/Feature/InvoiceReceiptDeliveryNotePdfTest->__pest_evaluable_delivery_note_PDF_download_generates_official_dispatch_document_with_company_info()
#94 C:/Users/DELL/Downloads/Ascend AI/vendor/phpunit/phpunit/src/Framework/TestCase.php(519): PHPUnit/Framework/TestCase->runTest()
#95 C:/Users/DELL/Downloads/Ascend AI/vendor/phpunit/phpunit/src/Framework/TestRunner/TestRunner.php(99): PHPUnit/Framework/TestCase->runBare()
#96 C:/Users/DELL/Downloads/Ascend AI/vendor/phpunit/phpunit/src/Framework/TestCase.php(359): PHPUnit/Framework/TestRunner->run(Object(P/Tests/Feature/InvoiceReceiptDeliveryNotePdfTest))
#97 C:/Users/DELL/Downloads/Ascend AI/vendor/phpunit/phpunit/src/Framework/TestSuite.php(374): PHPUnit/Framework/TestCase->run()
#98 C:/Users/DELL/Downloads/Ascend AI/vendor/phpunit/phpunit/src/Framework/TestSuite.php(374): PHPUnit/Framework/TestSuite->run()
#99 C:/Users/DELL/Downloads/Ascend AI/vendor/phpunit/phpunit/src/Framework/TestSuite.php(374): PHPUnit/Framework/TestSuite->run()
#100 C:/Users/DELL/Downloads/Ascend AI/vendor/phpunit/phpunit/src/TextUI/TestRunner.php(64): PHPUnit/Framework/TestSuite->run()
#101 C:/Users/DELL/Downloads/Ascend AI/vendor/phpunit/phpunit/src/TextUI/Application.php(229): PHPUnit/TextUI/TestRunner->run(Object(PHPUnit/TextUI/Configuration/Configuration), Object(PHPUnit/Runner/ResultCache/DefaultResultCache), Object(PHPUnit/Framework/TestSuite))
#102 C:/Users/DELL/Downloads/Ascend AI/vendor/pestphp/pest/src/Kernel.php(103): PHPUnit/TextUI/Application->run(Array)
#103 C:/Users/DELL/Downloads/Ascend AI/vendor/pestphp/pest/bin/pest(187): Pest/Kernel->handle(Array, Array)
#104 C:/Users/DELL/Downloads/Ascend AI/vendor/pestphp/pest/bin/pest(195): {closure}()
#105 C:/Users/DELL/Downloads/Ascend AI/vendor/bin/pest(119): include('C://Users//DELL//D...')
#106 {main}
"} 
[2026-08-10 12:53:32] testing.ERROR: The PHP GD extension is required, but is not installed. {"userId":1,"exception":"[object] (Exception(code: 0): The PHP GD extension is required, but is not installed. at C:/Users/DELL/Downloads/Ascend AI/vendor/dompdf/dompdf/lib/Cpdf.php:6226)
[stacktrace]
#0 C:/Users/DELL/Downloads/Ascend AI/vendor/dompdf/dompdf/src/Adapter/CPDF.php(674): Dompdf/Cpdf->addPngFromFile('C://Users//DELL//A...', 55.015748031496, 750.7880019685, 145.87012987013, 36.0)
#1 C:/Users/DELL/Downloads/Ascend AI/vendor/dompdf/dompdf/src/Renderer/Image.php(63): Dompdf/Adapter/CPDF->image('C://Users//DELL//A...', 55.015748031496, 55.101998031496, 145.87012987013, 36.0, 'normal')
#2 C:/Users/DELL/Downloads/Ascend AI/vendor/dompdf/dompdf/src/Renderer.php(305): Dompdf/Renderer/Image->render(Object(Dompdf/FrameDecorator/Image))
#3 C:/Users/DELL/Downloads/Ascend AI/vendor/dompdf/dompdf/src/Renderer.php(140): Dompdf/Renderer->_render_frame('image', Object(Dompdf/FrameDecorator/Image))
#4 C:/Users/DELL/Downloads/Ascend AI/vendor/dompdf/dompdf/src/Renderer.php(207): Dompdf/Renderer->render(Object(Dompdf/FrameDecorator/Image))
#5 C:/Users/DELL/Downloads/Ascend AI/vendor/dompdf/dompdf/src/Renderer.php(207): Dompdf/Renderer->render(Object(Dompdf/FrameDecorator/TableCell))
#6 C:/Users/DELL/Downloads/Ascend AI/vendor/dompdf/dompdf/src/Renderer.php(207): Dompdf/Renderer->render(Object(Dompdf/FrameDecorator/TableRow))
#7 C:/Users/DELL/Downloads/Ascend AI/vendor/dompdf/dompdf/src/Renderer.php(207): Dompdf/Renderer->render(Object(Dompdf/FrameDecorator/TableRowGroup))
#8 C:/Users/DELL/Downloads/Ascend AI/vendor/dompdf/dompdf/src/Renderer.php(207): Dompdf/Renderer->render(Object(Dompdf/FrameDecorator/Table))
#9 C:/Users/DELL/Downloads/Ascend AI/vendor/dompdf/dompdf/src/Renderer.php(207): Dompdf/Renderer->render(Object(Dompdf/FrameDecorator/Block))
#10 C:/Users/DELL/Downloads/Ascend AI/vendor/dompdf/dompdf/src/FrameReflower/Page.php(148): Dompdf/Renderer->render(Object(Dompdf/FrameDecorator/Block))
#11 C:/Users/DELL/Downloads/Ascend AI/vendor/dompdf/dompdf/src/FrameDecorator/AbstractFrameDecorator.php(915): Dompdf/FrameReflower/Page->reflow(NULL)
#12 C:/Users/DELL/Downloads/Ascend AI/vendor/dompdf/dompdf/src/Dompdf.php(817): Dompdf/FrameDecorator/AbstractFrameDecorator->reflow()
#13 C:/Users/DELL/Downloads/Ascend AI/vendor/barryvdh/laravel-dompdf/src/PDF.php(244): Dompdf/Dompdf->render()
#14 C:/Users/DELL/Downloads/Ascend AI/vendor/barryvdh/laravel-dompdf/src/PDF.php(188): Barryvdh/DomPDF/PDF->render()
#15 C:/Users/DELL/Downloads/Ascend AI/vendor/barryvdh/laravel-dompdf/src/PDF.php(214): Barryvdh/DomPDF/PDF->output()
#16 C:/Users/DELL/Downloads/Ascend AI/app/Http/Controllers/PdfExportController.php(55): Barryvdh/DomPDF/PDF->download('Invoice-INV-202...')
#17 C:/Users/DELL/Downloads/Ascend AI/vendor/laravel/framework/src/Illuminate/Routing/ControllerDispatcher.php(46): App/Http/Controllers/PdfExportController->downloadInvoice(Object(App/Models/Invoice))
#18 C:/Users/DELL/Downloads/Ascend AI/vendor/laravel/framework/src/Illuminate/Routing/Route.php(269): Illuminate/Routing/ControllerDispatcher->dispatch(Object(Illuminate/Routing/Route), Object(App/Http/Controllers/PdfExportController), 'downloadInvoice')
#19 C:/Users/DELL/Downloads/Ascend AI/vendor/laravel/framework/src/Illuminate/Routing/Route.php(215): Illuminate/Routing/Route->runController()
#20 C:/Users/DELL/Downloads/Ascend AI/vendor/laravel/framework/src/Illuminate/Routing/Router.php(822): Illuminate/Routing/Route->run()
#21 C:/Users/DELL/Downloads/Ascend AI/vendor/laravel/framework/src/Illuminate/Pipeline/Pipeline.php(180): Illuminate/Routing/Router->Illuminate/Routing/{closure}(Object(Illuminate/Http/Request))
#22 C:/Users/DELL/Downloads/Ascend AI/vendor/laravel/framework/src/Illuminate/Auth/Middleware/EnsureEmailIsVerified.php(41): Illuminate/Pipeline/Pipeline->Illuminate/Pipeline/{closure}(Object(Illuminate/Http/Request))
#23 C:/Users/DELL/Downloads/Ascend AI/vendor/laravel/framework/src/Illuminate/Pipeline/Pipeline.php(219): Illuminate/Auth/Middleware/EnsureEmailIsVerified->handle(Object(Illuminate/Http/Request), Object(Closure))
#24 C:/Users/DELL/Downloads/Ascend AI/app/Http/Middleware/PreventDemoModeWriteOperations.php(64): Illuminate/Pipeline/Pipeline->Illuminate/Pipeline/{closure}(Object(Illuminate/Http/Request))
#25 C:/Users/DELL/Downloads/Ascend AI/vendor/laravel/framework/src/Illuminate/Pipeline/Pipeline.php(219): App/Http/Middleware/PreventDemoModeWriteOperations->handle(Object(Illuminate/Http/Request), Object(Closure))
#26 C:/Users/DELL/Downloads/Ascend AI/app/Http/Middleware/EnsureAdminAccess.php(14): Illuminate/Pipeline/Pipeline->Illuminate/Pipeline/{closure}(Object(Illuminate/Http/Request))
#27 C:/Users/DELL/Downloads/Ascend AI/vendor/laravel/framework/src/Illuminate/Pipeline/Pipeline.php(219): App/Http/Middleware/EnsureAdminAccess->handle(Object(Illuminate/Http/Request), Object(Closure))
#28 C:/Users/DELL/Downloads/Ascend AI/app/Http/Middleware/ResolveUserPlanState.php(24): Illuminate/Pipeline/Pipeline->Illuminate/Pipeline/{closure}(Object(Illuminate/Http/Request))
#29 C:/Users/DELL/Downloads/Ascend AI/vendor/laravel/framework/src/Illuminate/Pipeline/Pipeline.php(219): App/Http/Middleware/ResolveUserPlanState->handle(Object(Illuminate/Http/Request), Object(Closure))
#30 C:/Users/DELL/Downloads/Ascend AI/modules/AppAffiliate/Http/Middleware/CaptureAffiliateReferral.php(19): Illuminate/Pipeline/Pipeline->Illuminate/Pipeline/{closure}(Object(Illuminate/Http/Request))
#31 C:/Users/DELL/Downloads/Ascend AI/vendor/laravel/framework/src/Illuminate/Pipeline/Pipeline.php(219): Modules/AppAffiliate/Http/Middleware/CaptureAffiliateReferral->handle(Object(Illuminate/Http/Request), Object(Closure))
#32 C:/Users/DELL/Downloads/Ascend AI/modules/AdminThemes/Http/Middleware/SetThemeContext.php(64): Illuminate/Pipeline/Pipeline->Illuminate/Pipeline/{closure}(Object(Illuminate/Http/Request))
#33 C:/Users/DELL/Downloads/Ascend AI/vendor/laravel/framework/src/Illuminate/Pipeline/Pipeline.php(219): Modules/AdminThemes/Http/Middleware/SetThemeContext->handle(Object(Illuminate/Http/Request), Object(Closure))
#34 C:/Users/DELL/Downloads/Ascend AI/modules/AdminLanguages/Http/Middleware/SetLocale.php(25): Illuminate/Pipeline/Pipeline->Illuminate/Pipeline/{closure}(Object(Illuminate/Http/Request))
#35 C:/Users/DELL/Downloads/Ascend AI/vendor/laravel/framework/src/Illuminate/Pipeline/Pipeline.php(219): Modules/AdminLanguages/Http/Middleware/SetLocale->handle(Object(Illuminate/Http/Request), Object(Closure))
#36 C:/Users/DELL/Downloads/Ascend AI/vendor/laravel/framework/src/Illuminate/Routing/Middleware/SubstituteBindings.php(52): Illuminate/Pipeline/Pipeline->Illuminate/Pipeline/{closure}(Object(Illuminate/Http/Request))
#37 C:/Users/DELL/Downloads/Ascend AI/vendor/laravel/framework/src/Illuminate/Pipeline/Pipeline.php(219): Illuminate/Routing/Middleware/SubstituteBindings->handle(Object(Illuminate/Http/Request), Object(Closure))
#38 C:/Users/DELL/Downloads/Ascend AI/vendor/laravel/framework/src/Illuminate/Auth/Middleware/Authenticate.php(63): Illuminate/Pipeline/Pipeline->Illuminate/Pipeline/{closure}(Object(Illuminate/Http/Request))
#39 C:/Users/DELL/Downloads/Ascend AI/vendor/laravel/framework/src/Illuminate/Pipeline/Pipeline.php(219): Illuminate/Auth/Middleware/Authenticate->handle(Object(Illuminate/Http/Request), Object(Closure))
#40 C:/Users/DELL/Downloads/Ascend AI/vendor/laravel/framework/src/Illuminate/Foundation/Http/Middleware/PreventRequestForgery.php(104): Illuminate/Pipeline/Pipeline->Illuminate/Pipeline/{closure}(Object(Illuminate/Http/Request))
#41 C:/Users/DELL/Downloads/Ascend AI/vendor/laravel/framework/src/Illuminate/Pipeline/Pipeline.php(219): Illuminate/Foundation/Http/Middleware/PreventRequestForgery->handle(Object(Illuminate/Http/Request), Object(Closure))
#42 C:/Users/DELL/Downloads/Ascend AI/vendor/laravel/framework/src/Illuminate/View/Middleware/ShareErrorsFromSession.php(48): Illuminate/Pipeline/Pipeline->Illuminate/Pipeline/{closure}(Object(Illuminate/Http/Request))
#43 C:/Users/DELL/Downloads/Ascend AI/vendor/laravel/framework/src/Illuminate/Pipeline/Pipeline.php(219): Illuminate/View/Middleware/ShareErrorsFromSession->handle(Object(Illuminate/Http/Request), Object(Closure))
#44 C:/Users/DELL/Downloads/Ascend AI/vendor/laravel/framework/src/Illuminate/Session/Middleware/StartSession.php(120): Illuminate/Pipeline/Pipeline->Illuminate/Pipeline/{closure}(Object(Illuminate/Http/Request))
#45 C:/Users/DELL/Downloads/Ascend AI/vendor/laravel/framework/src/Illuminate/Session/Middleware/StartSession.php(63): Illuminate/Session/Middleware/StartSession->handleStatefulRequest(Object(Illuminate/Http/Request), Object(Illuminate/Session/Store), Object(Closure))
#46 C:/Users/DELL/Downloads/Ascend AI/vendor/laravel/framework/src/Illuminate/Pipeline/Pipeline.php(219): Illuminate/Session/Middleware/StartSession->handle(Object(Illuminate/Http/Request), Object(Closure))
#47 C:/Users/DELL/Downloads/Ascend AI/vendor/laravel/framework/src/Illuminate/Cookie/Middleware/AddQueuedCookiesToResponse.php(36): Illuminate/Pipeline/Pipeline->Illuminate/Pipeline/{closure}(Object(Illuminate/Http/Request))
#48 C:/Users/DELL/Downloads/Ascend AI/vendor/laravel/framework/src/Illuminate/Pipeline/Pipeline.php(219): Illuminate/Cookie/Middleware/AddQueuedCookiesToResponse->handle(Object(Illuminate/Http/Request), Object(Closure))
#49 C:/Users/DELL/Downloads/Ascend AI/vendor/laravel/framework/src/Illuminate/Cookie/Middleware/EncryptCookies.php(74): Illuminate/Pipeline/Pipeline->Illuminate/Pipeline/{closure}(Object(Illuminate/Http/Request))
#50 C:/Users/DELL/Downloads/Ascend AI/vendor/laravel/framework/src/Illuminate/Pipeline/Pipeline.php(219): Illuminate/Cookie/Middleware/EncryptCookies->handle(Object(Illuminate/Http/Request), Object(Closure))
#51 C:/Users/DELL/Downloads/Ascend AI/app/Installer/Http/Middleware/PrepareInstallation.php(29): Illuminate/Pipeline/Pipeline->Illuminate/Pipeline/{closure}(Object(Illuminate/Http/Request))
#52 C:/Users/DELL/Downloads/Ascend AI/vendor/laravel/framework/src/Illuminate/Pipeline/Pipeline.php(219): App/Installer/Http/Middleware/PrepareInstallation->handle(Object(Illuminate/Http/Request), Object(Closure))
#53 C:/Users/DELL/Downloads/Ascend AI/vendor/laravel/framework/src/Illuminate/Pipeline/Pipeline.php(137): Illuminate/Pipeline/Pipeline->Illuminate/Pipeline/{closure}(Object(Illuminate/Http/Request))
#54 C:/Users/DELL/Downloads/Ascend AI/vendor/laravel/framework/src/Illuminate/Routing/Router.php(821): Illuminate/Pipeline/Pipeline->then(Object(Closure))
#55 C:/Users/DELL/Downloads/Ascend AI/vendor/laravel/framework/src/Illuminate/Routing/Router.php(800): Illuminate/Routing/Router->runRouteWithinStack(Object(Illuminate/Routing/Route), Object(Illuminate/Http/Request))
#56 C:/Users/DELL/Downloads/Ascend AI/vendor/laravel/framework/src/Illuminate/Routing/Router.php(764): Illuminate/Routing/Router->runRoute(Object(Illuminate/Http/Request), Object(Illuminate/Routing/Route))
#57 C:/Users/DELL/Downloads/Ascend AI/vendor/laravel/framework/src/Illuminate/Routing/Router.php(753): Illuminate/Routing/Router->dispatchToRoute(Object(Illuminate/Http/Request))
#58 C:/Users/DELL/Downloads/Ascend AI/vendor/laravel/framework/src/Illuminate/Foundation/Http/Kernel.php(200): Illuminate/Routing/Router->dispatch(Object(Illuminate/Http/Request))
#59 C:/Users/DELL/Downloads/Ascend AI/vendor/laravel/framework/src/Illuminate/Pipeline/Pipeline.php(180): Illuminate/Foundation/Http/Kernel->Illuminate/Foundation/Http/{closure}(Object(Illuminate/Http/Request))
#60 C:/Users/DELL/Downloads/Ascend AI/vendor/livewire/livewire/src/Features/SupportDisablingBackButtonCache/DisableBackButtonCacheMiddleware.php(19): Illuminate/Pipeline/Pipeline->Illuminate/Pipeline/{closure}(Object(Illuminate/Http/Request))
#61 C:/Users/DELL/Downloads/Ascend AI/vendor/laravel/framework/src/Illuminate/Pipeline/Pipeline.php(219): Livewire/Features/SupportDisablingBackButtonCache/DisableBackButtonCacheMiddleware->handle(Object(Illuminate/Http/Request), Object(Closure))
#62 C:/Users/DELL/Downloads/Ascend AI/vendor/laravel/framework/src/Illuminate/Foundation/Http/Middleware/TransformsRequest.php(21): Illuminate/Pipeline/Pipeline->Illuminate/Pipeline/{closure}(Object(Illuminate/Http/Request))
#63 C:/Users/DELL/Downloads/Ascend AI/vendor/laravel/framework/src/Illuminate/Foundation/Http/Middleware/ConvertEmptyStringsToNull.php(31): Illuminate/Foundation/Http/Middleware/TransformsRequest->handle(Object(Illuminate/Http/Request), Object(Closure))
#64 C:/Users/DELL/Downloads/Ascend AI/vendor/laravel/framework/src/Illuminate/Pipeline/Pipeline.php(219): Illuminate/Foundation/Http/Middleware/ConvertEmptyStringsToNull->handle(Object(Illuminate/Http/Request), Object(Closure))
#65 C:/Users/DELL/Downloads/Ascend AI/vendor/laravel/framework/src/Illuminate/Foundation/Http/Middleware/TransformsRequest.php(21): Illuminate/Pipeline/Pipeline->Illuminate/Pipeline/{closure}(Object(Illuminate/Http/Request))
#66 C:/Users/DELL/Downloads/Ascend AI/vendor/laravel/framework/src/Illuminate/Foundation/Http/Middleware/TrimStrings.php(51): Illuminate/Foundation/Http/Middleware/TransformsRequest->handle(Object(Illuminate/Http/Request), Object(Closure))
#67 C:/Users/DELL/Downloads/Ascend AI/vendor/laravel/framework/src/Illuminate/Pipeline/Pipeline.php(219): Illuminate/Foundation/Http/Middleware/TrimStrings->handle(Object(Illuminate/Http/Request), Object(Closure))
#68 C:/Users/DELL/Downloads/Ascend AI/vendor/laravel/framework/src/Illuminate/Http/Middleware/ValidatePostSize.php(27): Illuminate/Pipeline/Pipeline->Illuminate/Pipeline/{closure}(Object(Illuminate/Http/Request))
#69 C:/Users/DELL/Downloads/Ascend AI/vendor/laravel/framework/src/Illuminate/Pipeline/Pipeline.php(219): Illuminate/Http/Middleware/ValidatePostSize->handle(Object(Illuminate/Http/Request), Object(Closure))
#70 C:/Users/DELL/Downloads/Ascend AI/vendor/laravel/framework/src/Illuminate/Foundation/Http/Middleware/PreventRequestsDuringMaintenance.php(109): Illuminate/Pipeline/Pipeline->Illuminate/Pipeline/{closure}(Object(Illuminate/Http/Request))
#71 C:/Users/DELL/Downloads/Ascend AI/vendor/laravel/framework/src/Illuminate/Pipeline/Pipeline.php(219): Illuminate/Foundation/Http/Middleware/PreventRequestsDuringMaintenance->handle(Object(Illuminate/Http/Request), Object(Closure))
#72 C:/Users/DELL/Downloads/Ascend AI/vendor/laravel/framework/src/Illuminate/Http/Middleware/HandleCors.php(61): Illuminate/Pipeline/Pipeline->Illuminate/Pipeline/{closure}(Object(Illuminate/Http/Request))
#73 C:/Users/DELL/Downloads/Ascend AI/vendor/laravel/framework/src/Illuminate/Pipeline/Pipeline.php(219): Illuminate/Http/Middleware/HandleCors->handle(Object(Illuminate/Http/Request), Object(Closure))
#74 C:/Users/DELL/Downloads/Ascend AI/vendor/laravel/framework/src/Illuminate/Http/Middleware/TrustProxies.php(58): Illuminate/Pipeline/Pipeline->Illuminate/Pipeline/{closure}(Object(Illuminate/Http/Request))
#75 C:/Users/DELL/Downloads/Ascend AI/vendor/laravel/framework/src/Illuminate/Pipeline/Pipeline.php(219): Illuminate/Http/Middleware/TrustProxies->handle(Object(Illuminate/Http/Request), Object(Closure))
#76 C:/Users/DELL/Downloads/Ascend AI/vendor/laravel/framework/src/Illuminate/Foundation/Http/Middleware/InvokeDeferredCallbacks.php(22): Illuminate/Pipeline/Pipeline->Illuminate/Pipeline/{closure}(Object(Illuminate/Http/Request))
#77 C:/Users/DELL/Downloads/Ascend AI/vendor/laravel/framework/src/Illuminate/Pipeline/Pipeline.php(219): Illuminate/Foundation/Http/Middleware/InvokeDeferredCallbacks->handle(Object(Illuminate/Http/Request), Object(Closure))
#78 C:/Users/DELL/Downloads/Ascend AI/vendor/laravel/framework/src/Illuminate/Http/Middleware/ValidatePathEncoding.php(28): Illuminate/Pipeline/Pipeline->Illuminate/Pipeline/{closure}(Object(Illuminate/Http/Request))
#79 C:/Users/DELL/Downloads/Ascend AI/vendor/laravel/framework/src/Illuminate/Pipeline/Pipeline.php(219): Illuminate/Http/Middleware/ValidatePathEncoding->handle(Object(Illuminate/Http/Request), Object(Closure))
#80 C:/Users/DELL/Downloads/Ascend AI/vendor/laravel/framework/src/Illuminate/Pipeline/Pipeline.php(137): Illuminate/Pipeline/Pipeline->Illuminate/Pipeline/{closure}(Object(Illuminate/Http/Request))
#81 C:/Users/DELL/Downloads/Ascend AI/vendor/laravel/framework/src/Illuminate/Foundation/Http/Kernel.php(175): Illuminate/Pipeline/Pipeline->then(Object(Closure))
#82 C:/Users/DELL/Downloads/Ascend AI/vendor/laravel/framework/src/Illuminate/Foundation/Http/Kernel.php(144): Illuminate/Foundation/Http/Kernel->sendRequestThroughRouter(Object(Illuminate/Http/Request))
#83 C:/Users/DELL/Downloads/Ascend AI/vendor/laravel/framework/src/Illuminate/Foundation/Testing/Concerns/MakesHttpRequests.php(607): Illuminate/Foundation/Http/Kernel->handle(Object(Illuminate/Http/Request))
#84 C:/Users/DELL/Downloads/Ascend AI/vendor/laravel/framework/src/Illuminate/Foundation/Testing/Concerns/MakesHttpRequests.php(368): Illuminate/Foundation/Testing/TestCase->call('GET', 'http://127.0.0....', Array, Array, Array, Array)
#85 C:/Users/DELL/Downloads/Ascend AI/tests/Feature/InvoiceReceiptDeliveryNotePdfTest.php(23): Illuminate/Foundation/Testing/TestCase->get('http://127.0.0....')
#86 C:/Users/DELL/Downloads/Ascend AI/vendor/pestphp/pest/src/Factories/TestCaseMethodFactory.php(172): P/Tests/Feature/InvoiceReceiptDeliveryNotePdfTest->{closure}()
#87 [internal function]: P/Tests/Feature/InvoiceReceiptDeliveryNotePdfTest->Pest/Factories/{closure}()
#88 C:/Users/DELL/Downloads/Ascend AI/vendor/pestphp/pest/src/Concerns/Testable.php(429): call_user_func_array(Object(Closure), Array)
#89 C:/Users/DELL/Downloads/Ascend AI/vendor/pestphp/pest/src/Support/ExceptionTrace.php(26): P/Tests/Feature/InvoiceReceiptDeliveryNotePdfTest->Pest/Concerns/{closure}()
#90 C:/Users/DELL/Downloads/Ascend AI/vendor/pestphp/pest/src/Concerns/Testable.php(429): Pest/Support/ExceptionTrace::ensure(Object(Closure))
#91 C:/Users/DELL/Downloads/Ascend AI/vendor/pestphp/pest/src/Concerns/Testable.php(331): P/Tests/Feature/InvoiceReceiptDeliveryNotePdfTest->__callClosure(Object(Closure), Array)
#92 C:/Users/DELL/Downloads/Ascend AI/vendor/pestphp/pest/src/Factories/TestCaseFactory.php(170) : eval()'d code(17): P/Tests/Feature/InvoiceReceiptDeliveryNotePdfTest->__runTest(Object(Closure))
#93 C:/Users/DELL/Downloads/Ascend AI/vendor/phpunit/phpunit/src/Framework/TestCase.php(1332): P/Tests/Feature/InvoiceReceiptDeliveryNotePdfTest->__pest_evaluable_invoice_PDF_download_generates_clean_document_with_company_logo_and_info()
#94 C:/Users/DELL/Downloads/Ascend AI/vendor/phpunit/phpunit/src/Framework/TestCase.php(519): PHPUnit/Framework/TestCase->runTest()
#95 C:/Users/DELL/Downloads/Ascend AI/vendor/phpunit/phpunit/src/Framework/TestRunner/TestRunner.php(99): PHPUnit/Framework/TestCase->runBare()
#96 C:/Users/DELL/Downloads/Ascend AI/vendor/phpunit/phpunit/src/Framework/TestCase.php(359): PHPUnit/Framework/TestRunner->run(Object(P/Tests/Feature/InvoiceReceiptDeliveryNotePdfTest))
#97 C:/Users/DELL/Downloads/Ascend AI/vendor/phpunit/phpunit/src/Framework/TestSuite.php(374): PHPUnit/Framework/TestCase->run()
#98 C:/Users/DELL/Downloads/Ascend AI/vendor/phpunit/phpunit/src/TextUI/TestRunner.php(64): PHPUnit/Framework/TestSuite->run()
#99 C:/Users/DELL/Downloads/Ascend AI/vendor/phpunit/phpunit/src/TextUI/Application.php(229): PHPUnit/TextUI/TestRunner->run(Object(PHPUnit/TextUI/Configuration/Configuration), Object(PHPUnit/Runner/ResultCache/DefaultResultCache), Object(PHPUnit/Framework/TestSuite))
#100 C:/Users/DELL/Downloads/Ascend AI/vendor/pestphp/pest/src/Kernel.php(103): PHPUnit/TextUI/Application->run(Array)
#101 C:/Users/DELL/Downloads/Ascend AI/vendor/pestphp/pest/bin/pest(187): Pest/Kernel->handle(Array, Array)
#102 C:/Users/DELL/Downloads/Ascend AI/vendor/pestphp/pest/bin/pest(195): {closure}()
#103 C:/Users/DELL/Downloads/Ascend AI/vendor/bin/pest(119): include('C://Users//DELL//D...')
#104 {main}
"} 
[2026-08-10 12:53:38] testing.ERROR: The PHP GD extension is required, but is not installed. {"userId":1,"exception":"[object] (Exception(code: 0): The PHP GD extension is required, but is not installed. at C:/Users/DELL/Downloads/Ascend AI/vendor/dompdf/dompdf/lib/Cpdf.php:6226)
[stacktrace]
#0 C:/Users/DELL/Downloads/Ascend AI/vendor/dompdf/dompdf/src/Adapter/CPDF.php(674): Dompdf/Cpdf->addPngFromFile('C://Users//DELL//A...', 96.986527252275, 766.6242519685, 121.55844155844, 30.0)
#1 C:/Users/DELL/Downloads/Ascend AI/vendor/dompdf/dompdf/src/Renderer/Image.php(63): Dompdf/Adapter/CPDF->image('C://Users//DELL//A...', 96.986527252275, 45.265748031496, 121.55844155844, 30.0, 'normal')
#2 C:/Users/DELL/Downloads/Ascend AI/vendor/dompdf/dompdf/src/Renderer.php(305): Dompdf/Renderer/Image->render(Object(Dompdf/FrameDecorator/Image))
#3 C:/Users/DELL/Downloads/Ascend AI/vendor/dompdf/dompdf/src/Renderer.php(140): Dompdf/Renderer->_render_frame('image', Object(Dompdf/FrameDecorator/Image))
#4 C:/Users/DELL/Downloads/Ascend AI/vendor/dompdf/dompdf/src/Renderer.php(207): Dompdf/Renderer->render(Object(Dompdf/FrameDecorator/Image))
#5 C:/Users/DELL/Downloads/Ascend AI/vendor/dompdf/dompdf/src/Renderer.php(207): Dompdf/Renderer->render(Object(Dompdf/FrameDecorator/Block))
#6 C:/Users/DELL/Downloads/Ascend AI/vendor/dompdf/dompdf/src/FrameReflower/Page.php(148): Dompdf/Renderer->render(Object(Dompdf/FrameDecorator/Block))
#7 C:/Users/DELL/Downloads/Ascend AI/vendor/dompdf/dompdf/src/FrameDecorator/AbstractFrameDecorator.php(915): Dompdf/FrameReflower/Page->reflow(NULL)
#8 C:/Users/DELL/Downloads/Ascend AI/vendor/dompdf/dompdf/src/Dompdf.php(817): Dompdf/FrameDecorator/AbstractFrameDecorator->reflow()
#9 C:/Users/DELL/Downloads/Ascend AI/vendor/barryvdh/laravel-dompdf/src/PDF.php(244): Dompdf/Dompdf->render()
#10 C:/Users/DELL/Downloads/Ascend AI/vendor/barryvdh/laravel-dompdf/src/PDF.php(188): Barryvdh/DomPDF/PDF->render()
#11 C:/Users/DELL/Downloads/Ascend AI/vendor/barryvdh/laravel-dompdf/src/PDF.php(214): Barryvdh/DomPDF/PDF->output()
#12 C:/Users/DELL/Downloads/Ascend AI/app/Http/Controllers/PdfExportController.php(64): Barryvdh/DomPDF/PDF->download('Receipt-REC-202...')
#13 C:/Users/DELL/Downloads/Ascend AI/vendor/laravel/framework/src/Illuminate/Routing/ControllerDispatcher.php(46): App/Http/Controllers/PdfExportController->downloadReceipt(Object(App/Models/PosReceipt))
#14 C:/Users/DELL/Downloads/Ascend AI/vendor/laravel/framework/src/Illuminate/Routing/Route.php(269): Illuminate/Routing/ControllerDispatcher->dispatch(Object(Illuminate/Routing/Route), Object(App/Http/Controllers/PdfExportController), 'downloadReceipt')
#15 C:/Users/DELL/Downloads/Ascend AI/vendor/laravel/framework/src/Illuminate/Routing/Route.php(215): Illuminate/Routing/Route->runController()
#16 C:/Users/DELL/Downloads/Ascend AI/vendor/laravel/framework/src/Illuminate/Routing/Router.php(822): Illuminate/Routing/Route->run()
#17 C:/Users/DELL/Downloads/Ascend AI/vendor/laravel/framework/src/Illuminate/Pipeline/Pipeline.php(180): Illuminate/Routing/Router->Illuminate/Routing/{closure}(Object(Illuminate/Http/Request))
#18 C:/Users/DELL/Downloads/Ascend AI/vendor/laravel/framework/src/Illuminate/Auth/Middleware/EnsureEmailIsVerified.php(41): Illuminate/Pipeline/Pipeline->Illuminate/Pipeline/{closure}(Object(Illuminate/Http/Request))
#19 C:/Users/DELL/Downloads/Ascend AI/vendor/laravel/framework/src/Illuminate/Pipeline/Pipeline.php(219): Illuminate/Auth/Middleware/EnsureEmailIsVerified->handle(Object(Illuminate/Http/Request), Object(Closure))
#20 C:/Users/DELL/Downloads/Ascend AI/app/Http/Middleware/PreventDemoModeWriteOperations.php(64): Illuminate/Pipeline/Pipeline->Illuminate/Pipeline/{closure}(Object(Illuminate/Http/Request))
#21 C:/Users/DELL/Downloads/Ascend AI/vendor/laravel/framework/src/Illuminate/Pipeline/Pipeline.php(219): App/Http/Middleware/PreventDemoModeWriteOperations->handle(Object(Illuminate/Http/Request), Object(Closure))
#22 C:/Users/DELL/Downloads/Ascend AI/app/Http/Middleware/EnsureAdminAccess.php(14): Illuminate/Pipeline/Pipeline->Illuminate/Pipeline/{closure}(Object(Illuminate/Http/Request))
#23 C:/Users/DELL/Downloads/Ascend AI/vendor/laravel/framework/src/Illuminate/Pipeline/Pipeline.php(219): App/Http/Middleware/EnsureAdminAccess->handle(Object(Illuminate/Http/Request), Object(Closure))
#24 C:/Users/DELL/Downloads/Ascend AI/app/Http/Middleware/ResolveUserPlanState.php(24): Illuminate/Pipeline/Pipeline->Illuminate/Pipeline/{closure}(Object(Illuminate/Http/Request))
#25 C:/Users/DELL/Downloads/Ascend AI/vendor/laravel/framework/src/Illuminate/Pipeline/Pipeline.php(219): App/Http/Middleware/ResolveUserPlanState->handle(Object(Illuminate/Http/Request), Object(Closure))
#26 C:/Users/DELL/Downloads/Ascend AI/modules/AppAffiliate/Http/Middleware/CaptureAffiliateReferral.php(19): Illuminate/Pipeline/Pipeline->Illuminate/Pipeline/{closure}(Object(Illuminate/Http/Request))
#27 C:/Users/DELL/Downloads/Ascend AI/vendor/laravel/framework/src/Illuminate/Pipeline/Pipeline.php(219): Modules/AppAffiliate/Http/Middleware/CaptureAffiliateReferral->handle(Object(Illuminate/Http/Request), Object(Closure))
#28 C:/Users/DELL/Downloads/Ascend AI/modules/AdminThemes/Http/Middleware/SetThemeContext.php(64): Illuminate/Pipeline/Pipeline->Illuminate/Pipeline/{closure}(Object(Illuminate/Http/Request))
#29 C:/Users/DELL/Downloads/Ascend AI/vendor/laravel/framework/src/Illuminate/Pipeline/Pipeline.php(219): Modules/AdminThemes/Http/Middleware/SetThemeContext->handle(Object(Illuminate/Http/Request), Object(Closure))
#30 C:/Users/DELL/Downloads/Ascend AI/modules/AdminLanguages/Http/Middleware/SetLocale.php(25): Illuminate/Pipeline/Pipeline->Illuminate/Pipeline/{closure}(Object(Illuminate/Http/Request))
#31 C:/Users/DELL/Downloads/Ascend AI/vendor/laravel/framework/src/Illuminate/Pipeline/Pipeline.php(219): Modules/AdminLanguages/Http/Middleware/SetLocale->handle(Object(Illuminate/Http/Request), Object(Closure))
#32 C:/Users/DELL/Downloads/Ascend AI/vendor/laravel/framework/src/Illuminate/Routing/Middleware/SubstituteBindings.php(52): Illuminate/Pipeline/Pipeline->Illuminate/Pipeline/{closure}(Object(Illuminate/Http/Request))
#33 C:/Users/DELL/Downloads/Ascend AI/vendor/laravel/framework/src/Illuminate/Pipeline/Pipeline.php(219): Illuminate/Routing/Middleware/SubstituteBindings->handle(Object(Illuminate/Http/Request), Object(Closure))
#34 C:/Users/DELL/Downloads/Ascend AI/vendor/laravel/framework/src/Illuminate/Auth/Middleware/Authenticate.php(63): Illuminate/Pipeline/Pipeline->Illuminate/Pipeline/{closure}(Object(Illuminate/Http/Request))
#35 C:/Users/DELL/Downloads/Ascend AI/vendor/laravel/framework/src/Illuminate/Pipeline/Pipeline.php(219): Illuminate/Auth/Middleware/Authenticate->handle(Object(Illuminate/Http/Request), Object(Closure))
#36 C:/Users/DELL/Downloads/Ascend AI/vendor/laravel/framework/src/Illuminate/Foundation/Http/Middleware/PreventRequestForgery.php(104): Illuminate/Pipeline/Pipeline->Illuminate/Pipeline/{closure}(Object(Illuminate/Http/Request))
#37 C:/Users/DELL/Downloads/Ascend AI/vendor/laravel/framework/src/Illuminate/Pipeline/Pipeline.php(219): Illuminate/Foundation/Http/Middleware/PreventRequestForgery->handle(Object(Illuminate/Http/Request), Object(Closure))
#38 C:/Users/DELL/Downloads/Ascend AI/vendor/laravel/framework/src/Illuminate/View/Middleware/ShareErrorsFromSession.php(48): Illuminate/Pipeline/Pipeline->Illuminate/Pipeline/{closure}(Object(Illuminate/Http/Request))
#39 C:/Users/DELL/Downloads/Ascend AI/vendor/laravel/framework/src/Illuminate/Pipeline/Pipeline.php(219): Illuminate/View/Middleware/ShareErrorsFromSession->handle(Object(Illuminate/Http/Request), Object(Closure))
#40 C:/Users/DELL/Downloads/Ascend AI/vendor/laravel/framework/src/Illuminate/Session/Middleware/StartSession.php(120): Illuminate/Pipeline/Pipeline->Illuminate/Pipeline/{closure}(Object(Illuminate/Http/Request))
#41 C:/Users/DELL/Downloads/Ascend AI/vendor/laravel/framework/src/Illuminate/Session/Middleware/StartSession.php(63): Illuminate/Session/Middleware/StartSession->handleStatefulRequest(Object(Illuminate/Http/Request), Object(Illuminate/Session/Store), Object(Closure))
#42 C:/Users/DELL/Downloads/Ascend AI/vendor/laravel/framework/src/Illuminate/Pipeline/Pipeline.php(219): Illuminate/Session/Middleware/StartSession->handle(Object(Illuminate/Http/Request), Object(Closure))
#43 C:/Users/DELL/Downloads/Ascend AI/vendor/laravel/framework/src/Illuminate/Cookie/Middleware/AddQueuedCookiesToResponse.php(36): Illuminate/Pipeline/Pipeline->Illuminate/Pipeline/{closure}(Object(Illuminate/Http/Request))
#44 C:/Users/DELL/Downloads/Ascend AI/vendor/laravel/framework/src/Illuminate/Pipeline/Pipeline.php(219): Illuminate/Cookie/Middleware/AddQueuedCookiesToResponse->handle(Object(Illuminate/Http/Request), Object(Closure))
#45 C:/Users/DELL/Downloads/Ascend AI/vendor/laravel/framework/src/Illuminate/Cookie/Middleware/EncryptCookies.php(74): Illuminate/Pipeline/Pipeline->Illuminate/Pipeline/{closure}(Object(Illuminate/Http/Request))
#46 C:/Users/DELL/Downloads/Ascend AI/vendor/laravel/framework/src/Illuminate/Pipeline/Pipeline.php(219): Illuminate/Cookie/Middleware/EncryptCookies->handle(Object(Illuminate/Http/Request), Object(Closure))
#47 C:/Users/DELL/Downloads/Ascend AI/app/Installer/Http/Middleware/PrepareInstallation.php(29): Illuminate/Pipeline/Pipeline->Illuminate/Pipeline/{closure}(Object(Illuminate/Http/Request))
#48 C:/Users/DELL/Downloads/Ascend AI/vendor/laravel/framework/src/Illuminate/Pipeline/Pipeline.php(219): App/Installer/Http/Middleware/PrepareInstallation->handle(Object(Illuminate/Http/Request), Object(Closure))
#49 C:/Users/DELL/Downloads/Ascend AI/vendor/laravel/framework/src/Illuminate/Pipeline/Pipeline.php(137): Illuminate/Pipeline/Pipeline->Illuminate/Pipeline/{closure}(Object(Illuminate/Http/Request))
#50 C:/Users/DELL/Downloads/Ascend AI/vendor/laravel/framework/src/Illuminate/Routing/Router.php(821): Illuminate/Pipeline/Pipeline->then(Object(Closure))
#51 C:/Users/DELL/Downloads/Ascend AI/vendor/laravel/framework/src/Illuminate/Routing/Router.php(800): Illuminate/Routing/Router->runRouteWithinStack(Object(Illuminate/Routing/Route), Object(Illuminate/Http/Request))
#52 C:/Users/DELL/Downloads/Ascend AI/vendor/laravel/framework/src/Illuminate/Routing/Router.php(764): Illuminate/Routing/Router->runRoute(Object(Illuminate/Http/Request), Object(Illuminate/Routing/Route))
#53 C:/Users/DELL/Downloads/Ascend AI/vendor/laravel/framework/src/Illuminate/Routing/Router.php(753): Illuminate/Routing/Router->dispatchToRoute(Object(Illuminate/Http/Request))
#54 C:/Users/DELL/Downloads/Ascend AI/vendor/laravel/framework/src/Illuminate/Foundation/Http/Kernel.php(200): Illuminate/Routing/Router->dispatch(Object(Illuminate/Http/Request))
#55 C:/Users/DELL/Downloads/Ascend AI/vendor/laravel/framework/src/Illuminate/Pipeline/Pipeline.php(180): Illuminate/Foundation/Http/Kernel->Illuminate/Foundation/Http/{closure}(Object(Illuminate/Http/Request))
#56 C:/Users/DELL/Downloads/Ascend AI/vendor/livewire/livewire/src/Features/SupportDisablingBackButtonCache/DisableBackButtonCacheMiddleware.php(19): Illuminate/Pipeline/Pipeline->Illuminate/Pipeline/{closure}(Object(Illuminate/Http/Request))
#57 C:/Users/DELL/Downloads/Ascend AI/vendor/laravel/framework/src/Illuminate/Pipeline/Pipeline.php(219): Livewire/Features/SupportDisablingBackButtonCache/DisableBackButtonCacheMiddleware->handle(Object(Illuminate/Http/Request), Object(Closure))
#58 C:/Users/DELL/Downloads/Ascend AI/vendor/laravel/framework/src/Illuminate/Foundation/Http/Middleware/TransformsRequest.php(21): Illuminate/Pipeline/Pipeline->Illuminate/Pipeline/{closure}(Object(Illuminate/Http/Request))
#59 C:/Users/DELL/Downloads/Ascend AI/vendor/laravel/framework/src/Illuminate/Foundation/Http/Middleware/ConvertEmptyStringsToNull.php(31): Illuminate/Foundation/Http/Middleware/TransformsRequest->handle(Object(Illuminate/Http/Request), Object(Closure))
#60 C:/Users/DELL/Downloads/Ascend AI/vendor/laravel/framework/src/Illuminate/Pipeline/Pipeline.php(219): Illuminate/Foundation/Http/Middleware/ConvertEmptyStringsToNull->handle(Object(Illuminate/Http/Request), Object(Closure))
#61 C:/Users/DELL/Downloads/Ascend AI/vendor/laravel/framework/src/Illuminate/Foundation/Http/Middleware/TransformsRequest.php(21): Illuminate/Pipeline/Pipeline->Illuminate/Pipeline/{closure}(Object(Illuminate/Http/Request))
#62 C:/Users/DELL/Downloads/Ascend AI/vendor/laravel/framework/src/Illuminate/Foundation/Http/Middleware/TrimStrings.php(51): Illuminate/Foundation/Http/Middleware/TransformsRequest->handle(Object(Illuminate/Http/Request), Object(Closure))
#63 C:/Users/DELL/Downloads/Ascend AI/vendor/laravel/framework/src/Illuminate/Pipeline/Pipeline.php(219): Illuminate/Foundation/Http/Middleware/TrimStrings->handle(Object(Illuminate/Http/Request), Object(Closure))
#64 C:/Users/DELL/Downloads/Ascend AI/vendor/laravel/framework/src/Illuminate/Http/Middleware/ValidatePostSize.php(27): Illuminate/Pipeline/Pipeline->Illuminate/Pipeline/{closure}(Object(Illuminate/Http/Request))
#65 C:/Users/DELL/Downloads/Ascend AI/vendor/laravel/framework/src/Illuminate/Pipeline/Pipeline.php(219): Illuminate/Http/Middleware/ValidatePostSize->handle(Object(Illuminate/Http/Request), Object(Closure))
#66 C:/Users/DELL/Downloads/Ascend AI/vendor/laravel/framework/src/Illuminate/Foundation/Http/Middleware/PreventRequestsDuringMaintenance.php(109): Illuminate/Pipeline/Pipeline->Illuminate/Pipeline/{closure}(Object(Illuminate/Http/Request))
#67 C:/Users/DELL/Downloads/Ascend AI/vendor/laravel/framework/src/Illuminate/Pipeline/Pipeline.php(219): Illuminate/Foundation/Http/Middleware/PreventRequestsDuringMaintenance->handle(Object(Illuminate/Http/Request), Object(Closure))
#68 C:/Users/DELL/Downloads/Ascend AI/vendor/laravel/framework/src/Illuminate/Http/Middleware/HandleCors.php(61): Illuminate/Pipeline/Pipeline->Illuminate/Pipeline/{closure}(Object(Illuminate/Http/Request))
#69 C:/Users/DELL/Downloads/Ascend AI/vendor/laravel/framework/src/Illuminate/Pipeline/Pipeline.php(219): Illuminate/Http/Middleware/HandleCors->handle(Object(Illuminate/Http/Request), Object(Closure))
#70 C:/Users/DELL/Downloads/Ascend AI/vendor/laravel/framework/src/Illuminate/Http/Middleware/TrustProxies.php(58): Illuminate/Pipeline/Pipeline->Illuminate/Pipeline/{closure}(Object(Illuminate/Http/Request))
#71 C:/Users/DELL/Downloads/Ascend AI/vendor/laravel/framework/src/Illuminate/Pipeline/Pipeline.php(219): Illuminate/Http/Middleware/TrustProxies->handle(Object(Illuminate/Http/Request), Object(Closure))
#72 C:/Users/DELL/Downloads/Ascend AI/vendor/laravel/framework/src/Illuminate/Foundation/Http/Middleware/InvokeDeferredCallbacks.php(22): Illuminate/Pipeline/Pipeline->Illuminate/Pipeline/{closure}(Object(Illuminate/Http/Request))
#73 C:/Users/DELL/Downloads/Ascend AI/vendor/laravel/framework/src/Illuminate/Pipeline/Pipeline.php(219): Illuminate/Foundation/Http/Middleware/InvokeDeferredCallbacks->handle(Object(Illuminate/Http/Request), Object(Closure))
#74 C:/Users/DELL/Downloads/Ascend AI/vendor/laravel/framework/src/Illuminate/Http/Middleware/ValidatePathEncoding.php(28): Illuminate/Pipeline/Pipeline->Illuminate/Pipeline/{closure}(Object(Illuminate/Http/Request))
#75 C:/Users/DELL/Downloads/Ascend AI/vendor/laravel/framework/src/Illuminate/Pipeline/Pipeline.php(219): Illuminate/Http/Middleware/ValidatePathEncoding->handle(Object(Illuminate/Http/Request), Object(Closure))
#76 C:/Users/DELL/Downloads/Ascend AI/vendor/laravel/framework/src/Illuminate/Pipeline/Pipeline.php(137): Illuminate/Pipeline/Pipeline->Illuminate/Pipeline/{closure}(Object(Illuminate/Http/Request))
#77 C:/Users/DELL/Downloads/Ascend AI/vendor/laravel/framework/src/Illuminate/Foundation/Http/Kernel.php(175): Illuminate/Pipeline/Pipeline->then(Object(Closure))
#78 C:/Users/DELL/Downloads/Ascend AI/vendor/laravel/framework/src/Illuminate/Foundation/Http/Kernel.php(144): Illuminate/Foundation/Http/Kernel->sendRequestThroughRouter(Object(Illuminate/Http/Request))
#79 C:/Users/DELL/Downloads/Ascend AI/vendor/laravel/framework/src/Illuminate/Foundation/Testing/Concerns/MakesHttpRequests.php(607): Illuminate/Foundation/Http/Kernel->handle(Object(Illuminate/Http/Request))
#80 C:/Users/DELL/Downloads/Ascend AI/vendor/laravel/framework/src/Illuminate/Foundation/Testing/Concerns/MakesHttpRequests.php(368): Illuminate/Foundation/Testing/TestCase->call('GET', 'http://127.0.0....', Array, Array, Array, Array)
#81 C:/Users/DELL/Downloads/Ascend AI/tests/Feature/InvoiceReceiptDeliveryNotePdfTest.php(43): Illuminate/Foundation/Testing/TestCase->get('http://127.0.0....')
#82 C:/Users/DELL/Downloads/Ascend AI/vendor/pestphp/pest/src/Factories/TestCaseMethodFactory.php(172): P/Tests/Feature/InvoiceReceiptDeliveryNotePdfTest->{closure}()
#83 [internal function]: P/Tests/Feature/InvoiceReceiptDeliveryNotePdfTest->Pest/Factories/{closure}()
#84 C:/Users/DELL/Downloads/Ascend AI/vendor/pestphp/pest/src/Concerns/Testable.php(429): call_user_func_array(Object(Closure), Array)
#85 C:/Users/DELL/Downloads/Ascend AI/vendor/pestphp/pest/src/Support/ExceptionTrace.php(26): P/Tests/Feature/InvoiceReceiptDeliveryNotePdfTest->Pest/Concerns/{closure}()
#86 C:/Users/DELL/Downloads/Ascend AI/vendor/pestphp/pest/src/Concerns/Testable.php(429): Pest/Support/ExceptionTrace::ensure(Object(Closure))
#87 C:/Users/DELL/Downloads/Ascend AI/vendor/pestphp/pest/src/Concerns/Testable.php(331): P/Tests/Feature/InvoiceReceiptDeliveryNotePdfTest->__callClosure(Object(Closure), Array)
#88 C:/Users/DELL/Downloads/Ascend AI/vendor/pestphp/pest/src/Factories/TestCaseFactory.php(170) : eval()'d code(26): P/Tests/Feature/InvoiceReceiptDeliveryNotePdfTest->__runTest(Object(Closure))
#89 C:/Users/DELL/Downloads/Ascend AI/vendor/phpunit/phpunit/src/Framework/TestCase.php(1332): P/Tests/Feature/InvoiceReceiptDeliveryNotePdfTest->__pest_evaluable_pos_receipt_PDF_download_generates_thermal_receipt_document_with_company_info()
#90 C:/Users/DELL/Downloads/Ascend AI/vendor/phpunit/phpunit/src/Framework/TestCase.php(519): PHPUnit/Framework/TestCase->runTest()
#91 C:/Users/DELL/Downloads/Ascend AI/vendor/phpunit/phpunit/src/Framework/TestRunner/TestRunner.php(99): PHPUnit/Framework/TestCase->runBare()
#92 C:/Users/DELL/Downloads/Ascend AI/vendor/phpunit/phpunit/src/Framework/TestCase.php(359): PHPUnit/Framework/TestRunner->run(Object(P/Tests/Feature/InvoiceReceiptDeliveryNotePdfTest))
#93 C:/Users/DELL/Downloads/Ascend AI/vendor/phpunit/phpunit/src/Framework/TestSuite.php(374): PHPUnit/Framework/TestCase->run()
#94 C:/Users/DELL/Downloads/Ascend AI/vendor/phpunit/phpunit/src/TextUI/TestRunner.php(64): PHPUnit/Framework/TestSuite->run()
#95 C:/Users/DELL/Downloads/Ascend AI/vendor/phpunit/phpunit/src/TextUI/Application.php(229): PHPUnit/TextUI/TestRunner->run(Object(PHPUnit/TextUI/Configuration/Configuration), Object(PHPUnit/Runner/ResultCache/DefaultResultCache), Object(PHPUnit/Framework/TestSuite))
#96 C:/Users/DELL/Downloads/Ascend AI/vendor/pestphp/pest/src/Kernel.php(103): PHPUnit/TextUI/Application->run(Array)
#97 C:/Users/DELL/Downloads/Ascend AI/vendor/pestphp/pest/bin/pest(187): Pest/Kernel->handle(Array, Array)
#98 C:/Users/DELL/Downloads/Ascend AI/vendor/pestphp/pest/bin/pest(195): {closure}()
#99 C:/Users/DELL/Downloads/Ascend AI/vendor/bin/pest(119): include('C://Users//DELL//D...')
#100 {main}
"} 
[2026-08-10 12:53:42] testing.ERROR: The PHP GD extension is required, but is not installed. {"userId":1,"exception":"[object] (Exception(code: 0): The PHP GD extension is required, but is not installed. at C:/Users/DELL/Downloads/Ascend AI/vendor/dompdf/dompdf/lib/Cpdf.php:6226)
[stacktrace]
#0 C:/Users/DELL/Downloads/Ascend AI/vendor/dompdf/dompdf/src/Adapter/CPDF.php(674): Dompdf/Cpdf->addPngFromFile('C://Users//DELL//A...', 55.015748031496, 750.8742519685, 145.87012987013, 36.0)
#1 C:/Users/DELL/Downloads/Ascend AI/vendor/dompdf/dompdf/src/Renderer/Image.php(63): Dompdf/Adapter/CPDF->image('C://Users//DELL//A...', 55.015748031496, 55.015748031496, 145.87012987013, 36.0, 'normal')
#2 C:/Users/DELL/Downloads/Ascend AI/vendor/dompdf/dompdf/src/Renderer.php(305): Dompdf/Renderer/Image->render(Object(Dompdf/FrameDecorator/Image))
#3 C:/Users/DELL/Downloads/Ascend AI/vendor/dompdf/dompdf/src/Renderer.php(140): Dompdf/Renderer->_render_frame('image', Object(Dompdf/FrameDecorator/Image))
#4 C:/Users/DELL/Downloads/Ascend AI/vendor/dompdf/dompdf/src/Renderer.php(207): Dompdf/Renderer->render(Object(Dompdf/FrameDecorator/Image))
#5 C:/Users/DELL/Downloads/Ascend AI/vendor/dompdf/dompdf/src/Renderer.php(207): Dompdf/Renderer->render(Object(Dompdf/FrameDecorator/TableCell))
#6 C:/Users/DELL/Downloads/Ascend AI/vendor/dompdf/dompdf/src/Renderer.php(207): Dompdf/Renderer->render(Object(Dompdf/FrameDecorator/TableRow))
#7 C:/Users/DELL/Downloads/Ascend AI/vendor/dompdf/dompdf/src/Renderer.php(207): Dompdf/Renderer->render(Object(Dompdf/FrameDecorator/TableRowGroup))
#8 C:/Users/DELL/Downloads/Ascend AI/vendor/dompdf/dompdf/src/Renderer.php(207): Dompdf/Renderer->render(Object(Dompdf/FrameDecorator/Table))
#9 C:/Users/DELL/Downloads/Ascend AI/vendor/dompdf/dompdf/src/Renderer.php(207): Dompdf/Renderer->render(Object(Dompdf/FrameDecorator/Block))
#10 C:/Users/DELL/Downloads/Ascend AI/vendor/dompdf/dompdf/src/FrameReflower/Page.php(148): Dompdf/Renderer->render(Object(Dompdf/FrameDecorator/Block))
#11 C:/Users/DELL/Downloads/Ascend AI/vendor/dompdf/dompdf/src/FrameDecorator/AbstractFrameDecorator.php(915): Dompdf/FrameReflower/Page->reflow(NULL)
#12 C:/Users/DELL/Downloads/Ascend AI/vendor/dompdf/dompdf/src/Dompdf.php(817): Dompdf/FrameDecorator/AbstractFrameDecorator->reflow()
#13 C:/Users/DELL/Downloads/Ascend AI/vendor/barryvdh/laravel-dompdf/src/PDF.php(244): Dompdf/Dompdf->render()
#14 C:/Users/DELL/Downloads/Ascend AI/vendor/barryvdh/laravel-dompdf/src/PDF.php(188): Barryvdh/DomPDF/PDF->render()
#15 C:/Users/DELL/Downloads/Ascend AI/vendor/barryvdh/laravel-dompdf/src/PDF.php(214): Barryvdh/DomPDF/PDF->output()
#16 C:/Users/DELL/Downloads/Ascend AI/app/Http/Controllers/PdfExportController.php(73): Barryvdh/DomPDF/PDF->download('DeliveryNote-IN...')
#17 C:/Users/DELL/Downloads/Ascend AI/vendor/laravel/framework/src/Illuminate/Routing/ControllerDispatcher.php(46): App/Http/Controllers/PdfExportController->downloadDeliveryNote(Object(App/Models/Invoice))
#18 C:/Users/DELL/Downloads/Ascend AI/vendor/laravel/framework/src/Illuminate/Routing/Route.php(269): Illuminate/Routing/ControllerDispatcher->dispatch(Object(Illuminate/Routing/Route), Object(App/Http/Controllers/PdfExportController), 'downloadDeliver...')
#19 C:/Users/DELL/Downloads/Ascend AI/vendor/laravel/framework/src/Illuminate/Routing/Route.php(215): Illuminate/Routing/Route->runController()
#20 C:/Users/DELL/Downloads/Ascend AI/vendor/laravel/framework/src/Illuminate/Routing/Router.php(822): Illuminate/Routing/Route->run()
#21 C:/Users/DELL/Downloads/Ascend AI/vendor/laravel/framework/src/Illuminate/Pipeline/Pipeline.php(180): Illuminate/Routing/Router->Illuminate/Routing/{closure}(Object(Illuminate/Http/Request))
#22 C:/Users/DELL/Downloads/Ascend AI/vendor/laravel/framework/src/Illuminate/Auth/Middleware/EnsureEmailIsVerified.php(41): Illuminate/Pipeline/Pipeline->Illuminate/Pipeline/{closure}(Object(Illuminate/Http/Request))
#23 C:/Users/DELL/Downloads/Ascend AI/vendor/laravel/framework/src/Illuminate/Pipeline/Pipeline.php(219): Illuminate/Auth/Middleware/EnsureEmailIsVerified->handle(Object(Illuminate/Http/Request), Object(Closure))
#24 C:/Users/DELL/Downloads/Ascend AI/app/Http/Middleware/PreventDemoModeWriteOperations.php(64): Illuminate/Pipeline/Pipeline->Illuminate/Pipeline/{closure}(Object(Illuminate/Http/Request))
#25 C:/Users/DELL/Downloads/Ascend AI/vendor/laravel/framework/src/Illuminate/Pipeline/Pipeline.php(219): App/Http/Middleware/PreventDemoModeWriteOperations->handle(Object(Illuminate/Http/Request), Object(Closure))
#26 C:/Users/DELL/Downloads/Ascend AI/app/Http/Middleware/EnsureAdminAccess.php(14): Illuminate/Pipeline/Pipeline->Illuminate/Pipeline/{closure}(Object(Illuminate/Http/Request))
#27 C:/Users/DELL/Downloads/Ascend AI/vendor/laravel/framework/src/Illuminate/Pipeline/Pipeline.php(219): App/Http/Middleware/EnsureAdminAccess->handle(Object(Illuminate/Http/Request), Object(Closure))
#28 C:/Users/DELL/Downloads/Ascend AI/app/Http/Middleware/ResolveUserPlanState.php(24): Illuminate/Pipeline/Pipeline->Illuminate/Pipeline/{closure}(Object(Illuminate/Http/Request))
#29 C:/Users/DELL/Downloads/Ascend AI/vendor/laravel/framework/src/Illuminate/Pipeline/Pipeline.php(219): App/Http/Middleware/ResolveUserPlanState->handle(Object(Illuminate/Http/Request), Object(Closure))
#30 C:/Users/DELL/Downloads/Ascend AI/modules/AppAffiliate/Http/Middleware/CaptureAffiliateReferral.php(19): Illuminate/Pipeline/Pipeline->Illuminate/Pipeline/{closure}(Object(Illuminate/Http/Request))
#31 C:/Users/DELL/Downloads/Ascend AI/vendor/laravel/framework/src/Illuminate/Pipeline/Pipeline.php(219): Modules/AppAffiliate/Http/Middleware/CaptureAffiliateReferral->handle(Object(Illuminate/Http/Request), Object(Closure))
#32 C:/Users/DELL/Downloads/Ascend AI/modules/AdminThemes/Http/Middleware/SetThemeContext.php(64): Illuminate/Pipeline/Pipeline->Illuminate/Pipeline/{closure}(Object(Illuminate/Http/Request))
#33 C:/Users/DELL/Downloads/Ascend AI/vendor/laravel/framework/src/Illuminate/Pipeline/Pipeline.php(219): Modules/AdminThemes/Http/Middleware/SetThemeContext->handle(Object(Illuminate/Http/Request), Object(Closure))
#34 C:/Users/DELL/Downloads/Ascend AI/modules/AdminLanguages/Http/Middleware/SetLocale.php(25): Illuminate/Pipeline/Pipeline->Illuminate/Pipeline/{closure}(Object(Illuminate/Http/Request))
#35 C:/Users/DELL/Downloads/Ascend AI/vendor/laravel/framework/src/Illuminate/Pipeline/Pipeline.php(219): Modules/AdminLanguages/Http/Middleware/SetLocale->handle(Object(Illuminate/Http/Request), Object(Closure))
#36 C:/Users/DELL/Downloads/Ascend AI/vendor/laravel/framework/src/Illuminate/Routing/Middleware/SubstituteBindings.php(52): Illuminate/Pipeline/Pipeline->Illuminate/Pipeline/{closure}(Object(Illuminate/Http/Request))
#37 C:/Users/DELL/Downloads/Ascend AI/vendor/laravel/framework/src/Illuminate/Pipeline/Pipeline.php(219): Illuminate/Routing/Middleware/SubstituteBindings->handle(Object(Illuminate/Http/Request), Object(Closure))
#38 C:/Users/DELL/Downloads/Ascend AI/vendor/laravel/framework/src/Illuminate/Auth/Middleware/Authenticate.php(63): Illuminate/Pipeline/Pipeline->Illuminate/Pipeline/{closure}(Object(Illuminate/Http/Request))
#39 C:/Users/DELL/Downloads/Ascend AI/vendor/laravel/framework/src/Illuminate/Pipeline/Pipeline.php(219): Illuminate/Auth/Middleware/Authenticate->handle(Object(Illuminate/Http/Request), Object(Closure))
#40 C:/Users/DELL/Downloads/Ascend AI/vendor/laravel/framework/src/Illuminate/Foundation/Http/Middleware/PreventRequestForgery.php(104): Illuminate/Pipeline/Pipeline->Illuminate/Pipeline/{closure}(Object(Illuminate/Http/Request))
#41 C:/Users/DELL/Downloads/Ascend AI/vendor/laravel/framework/src/Illuminate/Pipeline/Pipeline.php(219): Illuminate/Foundation/Http/Middleware/PreventRequestForgery->handle(Object(Illuminate/Http/Request), Object(Closure))
#42 C:/Users/DELL/Downloads/Ascend AI/vendor/laravel/framework/src/Illuminate/View/Middleware/ShareErrorsFromSession.php(48): Illuminate/Pipeline/Pipeline->Illuminate/Pipeline/{closure}(Object(Illuminate/Http/Request))
#43 C:/Users/DELL/Downloads/Ascend AI/vendor/laravel/framework/src/Illuminate/Pipeline/Pipeline.php(219): Illuminate/View/Middleware/ShareErrorsFromSession->handle(Object(Illuminate/Http/Request), Object(Closure))
#44 C:/Users/DELL/Downloads/Ascend AI/vendor/laravel/framework/src/Illuminate/Session/Middleware/StartSession.php(120): Illuminate/Pipeline/Pipeline->Illuminate/Pipeline/{closure}(Object(Illuminate/Http/Request))
#45 C:/Users/DELL/Downloads/Ascend AI/vendor/laravel/framework/src/Illuminate/Session/Middleware/StartSession.php(63): Illuminate/Session/Middleware/StartSession->handleStatefulRequest(Object(Illuminate/Http/Request), Object(Illuminate/Session/Store), Object(Closure))
#46 C:/Users/DELL/Downloads/Ascend AI/vendor/laravel/framework/src/Illuminate/Pipeline/Pipeline.php(219): Illuminate/Session/Middleware/StartSession->handle(Object(Illuminate/Http/Request), Object(Closure))
#47 C:/Users/DELL/Downloads/Ascend AI/vendor/laravel/framework/src/Illuminate/Cookie/Middleware/AddQueuedCookiesToResponse.php(36): Illuminate/Pipeline/Pipeline->Illuminate/Pipeline/{closure}(Object(Illuminate/Http/Request))
#48 C:/Users/DELL/Downloads/Ascend AI/vendor/laravel/framework/src/Illuminate/Pipeline/Pipeline.php(219): Illuminate/Cookie/Middleware/AddQueuedCookiesToResponse->handle(Object(Illuminate/Http/Request), Object(Closure))
#49 C:/Users/DELL/Downloads/Ascend AI/vendor/laravel/framework/src/Illuminate/Cookie/Middleware/EncryptCookies.php(74): Illuminate/Pipeline/Pipeline->Illuminate/Pipeline/{closure}(Object(Illuminate/Http/Request))
#50 C:/Users/DELL/Downloads/Ascend AI/vendor/laravel/framework/src/Illuminate/Pipeline/Pipeline.php(219): Illuminate/Cookie/Middleware/EncryptCookies->handle(Object(Illuminate/Http/Request), Object(Closure))
#51 C:/Users/DELL/Downloads/Ascend AI/app/Installer/Http/Middleware/PrepareInstallation.php(29): Illuminate/Pipeline/Pipeline->Illuminate/Pipeline/{closure}(Object(Illuminate/Http/Request))
#52 C:/Users/DELL/Downloads/Ascend AI/vendor/laravel/framework/src/Illuminate/Pipeline/Pipeline.php(219): App/Installer/Http/Middleware/PrepareInstallation->handle(Object(Illuminate/Http/Request), Object(Closure))
#53 C:/Users/DELL/Downloads/Ascend AI/vendor/laravel/framework/src/Illuminate/Pipeline/Pipeline.php(137): Illuminate/Pipeline/Pipeline->Illuminate/Pipeline/{closure}(Object(Illuminate/Http/Request))
#54 C:/Users/DELL/Downloads/Ascend AI/vendor/laravel/framework/src/Illuminate/Routing/Router.php(821): Illuminate/Pipeline/Pipeline->then(Object(Closure))
#55 C:/Users/DELL/Downloads/Ascend AI/vendor/laravel/framework/src/Illuminate/Routing/Router.php(800): Illuminate/Routing/Router->runRouteWithinStack(Object(Illuminate/Routing/Route), Object(Illuminate/Http/Request))
#56 C:/Users/DELL/Downloads/Ascend AI/vendor/laravel/framework/src/Illuminate/Routing/Router.php(764): Illuminate/Routing/Router->runRoute(Object(Illuminate/Http/Request), Object(Illuminate/Routing/Route))
#57 C:/Users/DELL/Downloads/Ascend AI/vendor/laravel/framework/src/Illuminate/Routing/Router.php(753): Illuminate/Routing/Router->dispatchToRoute(Object(Illuminate/Http/Request))
#58 C:/Users/DELL/Downloads/Ascend AI/vendor/laravel/framework/src/Illuminate/Foundation/Http/Kernel.php(200): Illuminate/Routing/Router->dispatch(Object(Illuminate/Http/Request))
#59 C:/Users/DELL/Downloads/Ascend AI/vendor/laravel/framework/src/Illuminate/Pipeline/Pipeline.php(180): Illuminate/Foundation/Http/Kernel->Illuminate/Foundation/Http/{closure}(Object(Illuminate/Http/Request))
#60 C:/Users/DELL/Downloads/Ascend AI/vendor/livewire/livewire/src/Features/SupportDisablingBackButtonCache/DisableBackButtonCacheMiddleware.php(19): Illuminate/Pipeline/Pipeline->Illuminate/Pipeline/{closure}(Object(Illuminate/Http/Request))
#61 C:/Users/DELL/Downloads/Ascend AI/vendor/laravel/framework/src/Illuminate/Pipeline/Pipeline.php(219): Livewire/Features/SupportDisablingBackButtonCache/DisableBackButtonCacheMiddleware->handle(Object(Illuminate/Http/Request), Object(Closure))
#62 C:/Users/DELL/Downloads/Ascend AI/vendor/laravel/framework/src/Illuminate/Foundation/Http/Middleware/TransformsRequest.php(21): Illuminate/Pipeline/Pipeline->Illuminate/Pipeline/{closure}(Object(Illuminate/Http/Request))
#63 C:/Users/DELL/Downloads/Ascend AI/vendor/laravel/framework/src/Illuminate/Foundation/Http/Middleware/ConvertEmptyStringsToNull.php(31): Illuminate/Foundation/Http/Middleware/TransformsRequest->handle(Object(Illuminate/Http/Request), Object(Closure))
#64 C:/Users/DELL/Downloads/Ascend AI/vendor/laravel/framework/src/Illuminate/Pipeline/Pipeline.php(219): Illuminate/Foundation/Http/Middleware/ConvertEmptyStringsToNull->handle(Object(Illuminate/Http/Request), Object(Closure))
#65 C:/Users/DELL/Downloads/Ascend AI/vendor/laravel/framework/src/Illuminate/Foundation/Http/Middleware/TransformsRequest.php(21): Illuminate/Pipeline/Pipeline->Illuminate/Pipeline/{closure}(Object(Illuminate/Http/Request))
#66 C:/Users/DELL/Downloads/Ascend AI/vendor/laravel/framework/src/Illuminate/Foundation/Http/Middleware/TrimStrings.php(51): Illuminate/Foundation/Http/Middleware/TransformsRequest->handle(Object(Illuminate/Http/Request), Object(Closure))
#67 C:/Users/DELL/Downloads/Ascend AI/vendor/laravel/framework/src/Illuminate/Pipeline/Pipeline.php(219): Illuminate/Foundation/Http/Middleware/TrimStrings->handle(Object(Illuminate/Http/Request), Object(Closure))
#68 C:/Users/DELL/Downloads/Ascend AI/vendor/laravel/framework/src/Illuminate/Http/Middleware/ValidatePostSize.php(27): Illuminate/Pipeline/Pipeline->Illuminate/Pipeline/{closure}(Object(Illuminate/Http/Request))
#69 C:/Users/DELL/Downloads/Ascend AI/vendor/laravel/framework/src/Illuminate/Pipeline/Pipeline.php(219): Illuminate/Http/Middleware/ValidatePostSize->handle(Object(Illuminate/Http/Request), Object(Closure))
#70 C:/Users/DELL/Downloads/Ascend AI/vendor/laravel/framework/src/Illuminate/Foundation/Http/Middleware/PreventRequestsDuringMaintenance.php(109): Illuminate/Pipeline/Pipeline->Illuminate/Pipeline/{closure}(Object(Illuminate/Http/Request))
#71 C:/Users/DELL/Downloads/Ascend AI/vendor/laravel/framework/src/Illuminate/Pipeline/Pipeline.php(219): Illuminate/Foundation/Http/Middleware/PreventRequestsDuringMaintenance->handle(Object(Illuminate/Http/Request), Object(Closure))
#72 C:/Users/DELL/Downloads/Ascend AI/vendor/laravel/framework/src/Illuminate/Http/Middleware/HandleCors.php(61): Illuminate/Pipeline/Pipeline->Illuminate/Pipeline/{closure}(Object(Illuminate/Http/Request))
#73 C:/Users/DELL/Downloads/Ascend AI/vendor/laravel/framework/src/Illuminate/Pipeline/Pipeline.php(219): Illuminate/Http/Middleware/HandleCors->handle(Object(Illuminate/Http/Request), Object(Closure))
#74 C:/Users/DELL/Downloads/Ascend AI/vendor/laravel/framework/src/Illuminate/Http/Middleware/TrustProxies.php(58): Illuminate/Pipeline/Pipeline->Illuminate/Pipeline/{closure}(Object(Illuminate/Http/Request))
#75 C:/Users/DELL/Downloads/Ascend AI/vendor/laravel/framework/src/Illuminate/Pipeline/Pipeline.php(219): Illuminate/Http/Middleware/TrustProxies->handle(Object(Illuminate/Http/Request), Object(Closure))
#76 C:/Users/DELL/Downloads/Ascend AI/vendor/laravel/framework/src/Illuminate/Foundation/Http/Middleware/InvokeDeferredCallbacks.php(22): Illuminate/Pipeline/Pipeline->Illuminate/Pipeline/{closure}(Object(Illuminate/Http/Request))
#77 C:/Users/DELL/Downloads/Ascend AI/vendor/laravel/framework/src/Illuminate/Pipeline/Pipeline.php(219): Illuminate/Foundation/Http/Middleware/InvokeDeferredCallbacks->handle(Object(Illuminate/Http/Request), Object(Closure))
#78 C:/Users/DELL/Downloads/Ascend AI/vendor/laravel/framework/src/Illuminate/Http/Middleware/ValidatePathEncoding.php(28): Illuminate/Pipeline/Pipeline->Illuminate/Pipeline/{closure}(Object(Illuminate/Http/Request))
#79 C:/Users/DELL/Downloads/Ascend AI/vendor/laravel/framework/src/Illuminate/Pipeline/Pipeline.php(219): Illuminate/Http/Middleware/ValidatePathEncoding->handle(Object(Illuminate/Http/Request), Object(Closure))
#80 C:/Users/DELL/Downloads/Ascend AI/vendor/laravel/framework/src/Illuminate/Pipeline/Pipeline.php(137): Illuminate/Pipeline/Pipeline->Illuminate/Pipeline/{closure}(Object(Illuminate/Http/Request))
#81 C:/Users/DELL/Downloads/Ascend AI/vendor/laravel/framework/src/Illuminate/Foundation/Http/Kernel.php(175): Illuminate/Pipeline/Pipeline->then(Object(Closure))
#82 C:/Users/DELL/Downloads/Ascend AI/vendor/laravel/framework/src/Illuminate/Foundation/Http/Kernel.php(144): Illuminate/Foundation/Http/Kernel->sendRequestThroughRouter(Object(Illuminate/Http/Request))
#83 C:/Users/DELL/Downloads/Ascend AI/vendor/laravel/framework/src/Illuminate/Foundation/Testing/Concerns/MakesHttpRequests.php(607): Illuminate/Foundation/Http/Kernel->handle(Object(Illuminate/Http/Request))
#84 C:/Users/DELL/Downloads/Ascend AI/vendor/laravel/framework/src/Illuminate/Foundation/Testing/Concerns/MakesHttpRequests.php(368): Illuminate/Foundation/Testing/TestCase->call('GET', 'http://127.0.0....', Array, Array, Array, Array)
#85 C:/Users/DELL/Downloads/Ascend AI/tests/Feature/InvoiceReceiptDeliveryNotePdfTest.php(63): Illuminate/Foundation/Testing/TestCase->get('http://127.0.0....')
#86 C:/Users/DELL/Downloads/Ascend AI/vendor/pestphp/pest/src/Factories/TestCaseMethodFactory.php(172): P/Tests/Feature/InvoiceReceiptDeliveryNotePdfTest->{closure}()
#87 [internal function]: P/Tests/Feature/InvoiceReceiptDeliveryNotePdfTest->Pest/Factories/{closure}()
#88 C:/Users/DELL/Downloads/Ascend AI/vendor/pestphp/pest/src/Concerns/Testable.php(429): call_user_func_array(Object(Closure), Array)
#89 C:/Users/DELL/Downloads/Ascend AI/vendor/pestphp/pest/src/Support/ExceptionTrace.php(26): P/Tests/Feature/InvoiceReceiptDeliveryNotePdfTest->Pest/Concerns/{closure}()
#90 C:/Users/DELL/Downloads/Ascend AI/vendor/pestphp/pest/src/Concerns/Testable.php(429): Pest/Support/ExceptionTrace::ensure(Object(Closure))
#91 C:/Users/DELL/Downloads/Ascend AI/vendor/pestphp/pest/src/Concerns/Testable.php(331): P/Tests/Feature/InvoiceReceiptDeliveryNotePdfTest->__callClosure(Object(Closure), Array)
#92 C:/Users/DELL/Downloads/Ascend AI/vendor/pestphp/pest/src/Factories/TestCaseFactory.php(170) : eval()'d code(35): P/Tests/Feature/InvoiceReceiptDeliveryNotePdfTest->__runTest(Object(Closure))
#93 C:/Users/DELL/Downloads/Ascend AI/vendor/phpunit/phpunit/src/Framework/TestCase.php(1332): P/Tests/Feature/InvoiceReceiptDeliveryNotePdfTest->__pest_evaluable_delivery_note_PDF_download_generates_official_dispatch_document_with_company_info()
#94 C:/Users/DELL/Downloads/Ascend AI/vendor/phpunit/phpunit/src/Framework/TestCase.php(519): PHPUnit/Framework/TestCase->runTest()
#95 C:/Users/DELL/Downloads/Ascend AI/vendor/phpunit/phpunit/src/Framework/TestRunner/TestRunner.php(99): PHPUnit/Framework/TestCase->runBare()
#96 C:/Users/DELL/Downloads/Ascend AI/vendor/phpunit/phpunit/src/Framework/TestCase.php(359): PHPUnit/Framework/TestRunner->run(Object(P/Tests/Feature/InvoiceReceiptDeliveryNotePdfTest))
#97 C:/Users/DELL/Downloads/Ascend AI/vendor/phpunit/phpunit/src/Framework/TestSuite.php(374): PHPUnit/Framework/TestCase->run()
#98 C:/Users/DELL/Downloads/Ascend AI/vendor/phpunit/phpunit/src/TextUI/TestRunner.php(64): PHPUnit/Framework/TestSuite->run()
#99 C:/Users/DELL/Downloads/Ascend AI/vendor/phpunit/phpunit/src/TextUI/Application.php(229): PHPUnit/TextUI/TestRunner->run(Object(PHPUnit/TextUI/Configuration/Configuration), Object(PHPUnit/Runner/ResultCache/DefaultResultCache), Object(PHPUnit/Framework/TestSuite))
#100 C:/Users/DELL/Downloads/Ascend AI/vendor/pestphp/pest/src/Kernel.php(103): PHPUnit/TextUI/Application->run(Array)
#101 C:/Users/DELL/Downloads/Ascend AI/vendor/pestphp/pest/bin/pest(187): Pest/Kernel->handle(Array, Array)
#102 C:/Users/DELL/Downloads/Ascend AI/vendor/pestphp/pest/bin/pest(195): {closure}()
#103 C:/Users/DELL/Downloads/Ascend AI/vendor/bin/pest(119): include('C://Users//DELL//D...')
#104 {main}
"} 
[2026-08-10 12:53:54] testing.WARNING: AI Provider priority [0] failed: Primary rate limited. Attempting next fallback provider.  
[2026-08-10 12:53:54] testing.WARNING: AI Provider priority [0] failed: Primary failed. Attempting next fallback provider.  
[2026-08-10 12:53:54] testing.WARNING: AI Provider priority [1] failed: Secondary failed. Attempting next fallback provider.  
[2026-08-10 13:03:05] testing.WARNING: AI Provider priority [0] failed: Primary rate limited. Attempting next fallback provider.  
[2026-08-10 13:03:06] testing.WARNING: AI Provider priority [0] failed: Primary failed. Attempting next fallback provider.  
[2026-08-10 13:03:06] testing.WARNING: AI Provider priority [1] failed: Secondary failed. Attempting next fallback provider.  
[2026-08-10 13:09:32] testing.WARNING: AI Provider priority [0] failed: Primary rate limited. Attempting next fallback provider.  
[2026-08-10 13:09:33] testing.WARNING: AI Provider priority [0] failed: Primary failed. Attempting next fallback provider.  
[2026-08-10 13:09:33] testing.WARNING: AI Provider priority [1] failed: Secondary failed. Attempting next fallback provider.  
[2026-08-10 13:10:42] testing.WARNING: AI Provider priority [0] failed: Primary rate limited. Attempting next fallback provider.  
[2026-08-10 13:10:42] testing.WARNING: AI Provider priority [0] failed: Primary failed. Attempting next fallback provider.  
[2026-08-10 13:10:42] testing.WARNING: AI Provider priority [1] failed: Secondary failed. Attempting next fallback provider.  
[2026-08-10 13:13:56] testing.WARNING: AI Provider priority [0] failed: Primary rate limited. Attempting next fallback provider.  
[2026-08-10 13:13:56] testing.WARNING: AI Provider priority [0] failed: Primary failed. Attempting next fallback provider.  
[2026-08-10 13:13:56] testing.WARNING: AI Provider priority [1] failed: Secondary failed. Attempting next fallback provider.  
[2026-08-10 13:25:09] testing.WARNING: AI Provider priority [0] failed: Primary rate limited. Attempting next fallback provider.  
[2026-08-10 13:25:10] testing.WARNING: AI Provider priority [0] failed: Primary failed. Attempting next fallback provider.  
[2026-08-10 13:25:10] testing.WARNING: AI Provider priority [1] failed: Secondary failed. Attempting next fallback provider.  
[2026-08-10 13:26:11] testing.WARNING: AI Provider priority [0] failed: Primary rate limited. Attempting next fallback provider.  
[2026-08-10 13:26:11] testing.WARNING: AI Provider priority [0] failed: Primary failed. Attempting next fallback provider.  
[2026-08-10 13:26:11] testing.WARNING: AI Provider priority [1] failed: Secondary failed. Attempting next fallback provider.  
[2026-08-10 13:26:55] testing.WARNING: AI Provider priority [0] failed: Primary rate limited. Attempting next fallback provider.  
[2026-08-10 13:26:56] testing.WARNING: AI Provider priority [0] failed: Primary failed. Attempting next fallback provider.  
[2026-08-10 13:26:56] testing.WARNING: AI Provider priority [1] failed: Secondary failed. Attempting next fallback provider.  
[2026-08-10 13:27:28] testing.WARNING: AI Provider priority [0] failed: Primary rate limited. Attempting next fallback provider.  
[2026-08-10 13:27:28] testing.WARNING: AI Provider priority [0] failed: Primary failed. Attempting next fallback provider.  
[2026-08-10 13:27:28] testing.WARNING: AI Provider priority [1] failed: Secondary failed. Attempting next fallback provider.  
[2026-08-10 13:27:54] testing.WARNING: AI Provider priority [0] failed: Primary rate limited. Attempting next fallback provider.  
[2026-08-10 13:27:54] testing.WARNING: AI Provider priority [0] failed: Primary failed. Attempting next fallback provider.  
[2026-08-10 13:27:54] testing.WARNING: AI Provider priority [1] failed: Secondary failed. Attempting next fallback provider.  
[2026-08-10 13:28:37] testing.WARNING: AI Provider priority [0] failed: Primary rate limited. Attempting next fallback provider.  
[2026-08-10 13:28:37] testing.WARNING: AI Provider priority [0] failed: Primary failed. Attempting next fallback provider.  
[2026-08-10 13:28:37] testing.WARNING: AI Provider priority [1] failed: Secondary failed. Attempting next fallback provider.  
[2026-08-10 13:33:46] testing.WARNING: AI Provider priority [0] failed: Primary rate limited. Attempting next fallback provider.  
[2026-08-10 13:33:46] testing.WARNING: AI Provider priority [0] failed: Primary failed. Attempting next fallback provider.  
[2026-08-10 13:33:46] testing.WARNING: AI Provider priority [1] failed: Secondary failed. Attempting next fallback provider.  
[2026-08-10 13:55:29] testing.WARNING: AI Provider priority [0] failed: Primary rate limited. Attempting next fallback provider.  
[2026-08-10 13:55:29] testing.WARNING: AI Provider priority [0] failed: Primary failed. Attempting next fallback provider.  
[2026-08-10 13:55:29] testing.WARNING: AI Provider priority [1] failed: Secondary failed. Attempting next fallback provider.  
[2026-08-10 14:02:07] testing.WARNING: AI Provider priority [0] failed: Primary rate limited. Attempting next fallback provider.  
[2026-08-10 14:02:08] testing.WARNING: AI Provider priority [0] failed: Primary failed. Attempting next fallback provider.  
[2026-08-10 14:02:08] testing.WARNING: AI Provider priority [1] failed: Secondary failed. Attempting next fallback provider.  
[2026-08-10 14:18:50] testing.WARNING: AI Provider priority [0] failed: Primary rate limited. Attempting next fallback provider.  
[2026-08-10 14:18:50] testing.WARNING: AI Provider priority [0] failed: Primary failed. Attempting next fallback provider.  
[2026-08-10 14:18:50] testing.WARNING: AI Provider priority [1] failed: Secondary failed. Attempting next fallback provider.  
[2026-08-12 08:19:58] local.ERROR: Maximum execution time of 30 seconds exceeded {"exception":"[object] (Symfony\\Component\\ErrorHandler\\Error\\FatalError(code: 0): Maximum execution time of 30 seconds exceeded at C:/Users/DELL/Downloads/Ascend AI/vendor/composer/ClassLoader.php:429)
[stacktrace]
#0 {main}
"} 
[2026-08-14 08:32:26] testing.WARNING: AI Provider priority [0] failed: Primary rate limited. Attempting next fallback provider.  
[2026-08-14 08:32:26] testing.WARNING: AI Provider priority [0] failed: Primary failed. Attempting next fallback provider.  
[2026-08-14 08:32:26] testing.WARNING: AI Provider priority [1] failed: Secondary failed. Attempting next fallback provider.  
[2026-08-14 08:34:33] testing.WARNING: AI Provider priority [0] failed: Primary rate limited. Attempting next fallback provider.  
[2026-08-14 08:34:33] testing.WARNING: AI Provider priority [0] failed: Primary failed. Attempting next fallback provider.  
[2026-08-14 08:34:33] testing.WARNING: AI Provider priority [1] failed: Secondary failed. Attempting next fallback provider.  
[2026-08-14 08:35:41] testing.WARNING: AI Provider priority [0] failed: Primary rate limited. Attempting next fallback provider.  
[2026-08-14 08:35:41] testing.WARNING: AI Provider priority [0] failed: Primary failed. Attempting next fallback provider.  
[2026-08-14 08:35:41] testing.WARNING: AI Provider priority [1] failed: Secondary failed. Attempting next fallback provider.  
[2026-08-14 08:48:36] testing.WARNING: AI Provider priority [0] failed: Primary rate limited. Attempting next fallback provider.  
[2026-08-14 08:48:36] testing.WARNING: AI Provider priority [0] failed: Primary failed. Attempting next fallback provider.  
[2026-08-14 08:48:36] testing.WARNING: AI Provider priority [1] failed: Secondary failed. Attempting next fallback provider.  
[2026-08-14 09:14:31] testing.WARNING: AI Provider priority [0] failed: Primary rate limited. Attempting next fallback provider.  
[2026-08-14 09:14:31] testing.WARNING: AI Provider priority [0] failed: Primary failed. Attempting next fallback provider.  
[2026-08-14 09:14:31] testing.WARNING: AI Provider priority [1] failed: Secondary failed. Attempting next fallback provider.  
[2026-08-14 10:49:40] testing.WARNING: AI Provider priority [0] failed: Primary rate limited. Attempting next fallback provider.  
[2026-08-14 10:49:41] testing.WARNING: AI Provider priority [0] failed: Primary failed. Attempting next fallback provider.  
[2026-08-14 10:49:41] testing.WARNING: AI Provider priority [1] failed: Secondary failed. Attempting next fallback provider.  
[2026-08-14 10:51:44] testing.WARNING: AI Provider priority [0] failed: Primary rate limited. Attempting next fallback provider.  
[2026-08-14 10:51:44] testing.WARNING: AI Provider priority [0] failed: Primary failed. Attempting next fallback provider.  
[2026-08-14 10:51:44] testing.WARNING: AI Provider priority [1] failed: Secondary failed. Attempting next fallback provider.  
[2026-08-14 11:20:12] testing.WARNING: AI Provider priority [0] failed: Primary rate limited. Attempting next fallback provider.  
[2026-08-14 11:20:12] testing.WARNING: AI Provider priority [0] failed: Primary failed. Attempting next fallback provider.  
[2026-08-14 11:20:12] testing.WARNING: AI Provider priority [1] failed: Secondary failed. Attempting next fallback provider.  
[2026-08-14 11:20:48] testing.WARNING: AI Provider priority [0] failed: Primary rate limited. Attempting next fallback provider.  
[2026-08-14 11:20:48] testing.WARNING: AI Provider priority [0] failed: Primary failed. Attempting next fallback provider.  
[2026-08-14 11:20:48] testing.WARNING: AI Provider priority [1] failed: Secondary failed. Attempting next fallback provider.  
[2026-08-14 11:39:15] testing.WARNING: AI Provider priority [0] failed: Primary rate limited. Attempting next fallback provider.  
[2026-08-14 11:39:15] testing.WARNING: AI Provider priority [0] failed: Primary failed. Attempting next fallback provider.  
[2026-08-14 11:39:15] testing.WARNING: AI Provider priority [1] failed: Secondary failed. Attempting next fallback provider.  
[2026-08-18 09:13:24] testing.INFO: WhatsApp API payload prepared for 2348099887766: Welcome to Ascend Systems — Nigeria's solar, security & automation partner.

We've powered 150,000+ homes and businesses across Nigeria with solar, CCTV, smart automation, and network infrastructure.

How can we help you today? Reply with a number:

1️⃣ Solar power for my home or business
2️⃣ Security systems (CCTV, access control, cybersecurity)
3️⃣ Smart home / building automation
4️⃣ Solar financing — check what I qualify for
5️⃣ Join our dealer network
6️⃣ Talk to a human

Reply "menu" anytime to see this again.  
[2026-08-18 09:15:42] testing.INFO: WhatsApp API payload prepared for 2348099887766: Welcome to Ascend Systems — Nigeria's solar, security & automation partner.

We've powered 150,000+ homes and businesses across Nigeria with solar, CCTV, smart automation, and network infrastructure.

How can we help you today? Reply with a number:

1️⃣ Solar power for my home or business
2️⃣ Security systems (CCTV, access control, cybersecurity)
3️⃣ Smart home / building automation
4️⃣ Solar financing — check what I qualify for
5️⃣ Join our dealer network
6️⃣ Talk to a human

Reply "menu" anytime to see this again.  
[2026-08-18 09:16:44] testing.INFO: WhatsApp API payload prepared for 2348099887766: Welcome to Ascend Systems — Nigeria's solar, security & automation partner.

We've powered 150,000+ homes and businesses across Nigeria with solar, CCTV, smart automation, and network infrastructure.

How can we help you today? Reply with a number:

1️⃣ Solar power for my home or business
2️⃣ Security systems (CCTV, access control, cybersecurity)
3️⃣ Smart home / building automation
4️⃣ Solar financing — check what I qualify for
5️⃣ Join our dealer network
6️⃣ Talk to a human

Reply "menu" anytime to see this again.  
[2026-08-18 09:31:21] testing.INFO: WhatsApp API payload prepared for 2348099887766: Welcome to Ascend Systems — Nigeria's solar, security & automation partner.

We've powered 150,000+ homes and businesses across Nigeria with solar, CCTV, smart automation, and network infrastructure.

How can we help you today? Reply with a number:

1️⃣ Solar power for my home or business
2️⃣ Security systems (CCTV, access control, cybersecurity)
3️⃣ Smart home / building automation
4️⃣ Solar financing — check what I qualify for
5️⃣ Join our dealer network
6️⃣ Talk to a human

Reply "menu" anytime to see this again.  
[2026-08-18 09:34:23] testing.INFO: WhatsApp API payload prepared for 2348099887766: Welcome to Ascend Systems — Nigeria's solar, security & automation partner.

We've powered 150,000+ homes and businesses across Nigeria with solar, CCTV, smart automation, and network infrastructure.

How can we help you today? Reply with a number:

1️⃣ Solar power for my home or business
2️⃣ Security systems (CCTV, access control, cybersecurity)
3️⃣ Smart home / building automation
4️⃣ Solar financing — check what I qualify for
5️⃣ Join our dealer network
6️⃣ Talk to a human

Reply "menu" anytime to see this again.  
[2026-08-18 09:40:43] testing.INFO: WhatsApp API payload prepared for 2348099887766: Welcome to Ascend Systems — Nigeria's solar, security & automation partner.

We've powered 150,000+ homes and businesses across Nigeria with solar, CCTV, smart automation, and network infrastructure.

How can we help you today? Reply with a number:

1️⃣ Solar power for my home or business
2️⃣ Security systems (CCTV, access control, cybersecurity)
3️⃣ Smart home / building automation
4️⃣ Solar financing — check what I qualify for
5️⃣ Join our dealer network
6️⃣ Talk to a human

Reply "menu" anytime to see this again.  
[2026-08-18 09:41:52] testing.INFO: WhatsApp API payload prepared for 2348099887766: Welcome to Ascend Systems — Nigeria's solar, security & automation partner.

We've powered 150,000+ homes and businesses across Nigeria with solar, CCTV, smart automation, and network infrastructure.

How can we help you today? Reply with a number:

1️⃣ Solar power for my home or business
2️⃣ Security systems (CCTV, access control, cybersecurity)
3️⃣ Smart home / building automation
4️⃣ Solar financing — check what I qualify for
5️⃣ Join our dealer network
6️⃣ Talk to a human

Reply "menu" anytime to see this again.  
